date,product,category,region,sales_amount,units_sold,customer_id,payment_method
2024-01-01,USB Cable,Accessories,West,25.98,2,C1535,Credit Card
2024-01-01,USB Cable,Accessories,West,24.68,2,C1726,PayPal
2024-01-01,Smartphone,Electronics,West,1599.98,2,C1129,Credit Card
2024-01-01,Desk Organizer,Office Supplies,South,29.99,1,C1402,Credit Card
2024-01-01,Laptop,Electronics,East,1234.99,1,C2366,Credit Card
2024-01-01,Headphones,Electronics,South,159.99,1,C2026,Credit Card
2024-01-01,Headphones,Electronics,North,143.99,1,C2227,PayPal
2024-01-01,Notebook,Office Supplies,West,19.98,2,C1475,Credit Card
2024-01-01,Tablet,Electronics,West,449.99,1,C2131,Cash
2024-01-01,Power Bank,Accessories,South,37.99,1,C1383,Credit Card
2024-01-01,Desk Organizer,Office Supplies,East,29.99,1,C1018,Cash
2024-01-01,Desk Organizer,Office Supplies,North,56.98,2,C2349,Cash
2024-01-01,Headphones,Electronics,East,479.97,3,C2120,Cash
2024-01-01,Keyboard,Accessories,South,79.99,1,C1658,Credit Card
2024-01-01,Ergonomic Chair,Office Supplies,West,899.96,4,C1224,Debit Card
2024-01-01,Notebook,Office Supplies,North,35.96,4,C1010,Cash
2024-01-01,LED Desk Lamp,Office Supplies,East,87.38,2,C1165,Debit Card
2024-01-01,Tablet,Electronics,West,999.98,2,C1219,Debit Card
2024-01-01,Keyboard,Accessories,South,319.96,4,C1326,Debit Card
2024-01-01,Ergonomic Chair,Office Supplies,East,499.98,2,C1376,Debit Card
2024-01-01,LED Desk Lamp,Office Supplies,North,43.69,1,C1958,Cash
2024-01-01,LED Desk Lamp,Office Supplies,North,45.99,1,C2253,PayPal
2024-01-01,Power Bank,Accessories,South,37.99,1,C2287,Debit Card
2024-01-01,Laptop,Electronics,West,2599.98,2,C1883,PayPal
2024-01-01,USB Cable,Accessories,East,12.99,1,C1580,PayPal
2024-01-02,Ergonomic Chair,Office Supplies,North,249.99,1,C1478,Cash
2024-01-02,Ergonomic Chair,Office Supplies,South,499.98,2,C2282,Debit Card
2024-01-02,Tablet,Electronics,East,499.99,1,C1936,PayPal
2024-01-02,Notebook,Office Supplies,North,9.99,1,C1006,Credit Card
2024-01-02,Mouse,Accessories,East,22.49,1,C2442,PayPal
2024-01-02,Monitor,Electronics,South,314.99,1,C2082,Debit Card
2024-01-02,Keyboard,Accessories,East,75.99,1,C1027,Debit Card
2024-01-02,Laptop,Electronics,West,2469.98,2,C2284,Cash
2024-01-02,Notebook,Office Supplies,West,9.49,1,C2435,Credit Card
2024-01-02,LED Desk Lamp,Office Supplies,South,41.39,1,C1104,Credit Card
2024-01-02,Ergonomic Chair,Office Supplies,West,224.99,1,C2441,Cash
2024-01-02,Mousepad,Accessories,East,37.98,2,C1495,PayPal
2024-01-02,Monitor,Electronics,South,332.49,1,C1356,Credit Card
2024-01-02,Webcam,Electronics,South,89.99,1,C2313,PayPal
2024-01-02,Mousepad,Accessories,South,39.98,2,C1273,Cash
2024-01-02,Webcam,Electronics,East,80.99,1,C2377,PayPal
2024-01-02,Webcam,Electronics,South,89.99,1,C2009,PayPal
2024-01-02,Keyboard,Accessories,North,75.99,1,C1355,Cash
2024-01-02,Monitor,Electronics,West,349.99,1,C2309,Cash
2024-01-02,Desk Organizer,Office Supplies,East,53.98,2,C1823,Debit Card
2024-01-02,Notebook,Office Supplies,East,26.97,3,C2139,Credit Card
2024-01-02,Desk Organizer,Office Supplies,West,53.98,2,C2147,PayPal
2024-01-02,Laptop,Electronics,East,1299.99,1,C1757,Cash
2024-01-02,Desk Organizer,Office Supplies,South,56.98,2,C1806,Debit Card
2024-01-02,Webcam,Electronics,East,449.95,5,C1255,Debit Card
2024-01-02,Smartphone,Electronics,East,799.99,1,C1792,Cash
2024-01-02,Laptop,Electronics,North,3899.97,3,C1252,Credit Card
2024-01-02,Ergonomic Chair,Office Supplies,South,449.98,2,C2281,Debit Card
2024-01-02,Mouse,Accessories,North,74.97,3,C2097,Cash
2024-01-02,Webcam,Electronics,West,170.98,2,C1020,Debit Card
2024-01-02,Ergonomic Chair,Office Supplies,West,499.98,2,C1539,Credit Card
2024-01-02,Laptop,Electronics,South,3509.97,3,C1738,Debit Card
2024-01-02,LED Desk Lamp,Office Supplies,East,229.95,5,C2247,PayPal
2024-01-02,Power Bank,Accessories,South,35.99,1,C2087,Debit Card
2024-01-02,Keyboard,Accessories,West,79.99,1,C2024,Debit Card
2024-01-03,USB Cable,Accessories,North,12.99,1,C1955,Credit Card
2024-01-03,LED Desk Lamp,Office Supplies,North,45.99,1,C2248,PayPal
2024-01-03,Ergonomic Chair,Office Supplies,West,749.97,3,C1585,PayPal
2024-01-03,Mouse,Accessories,North,24.99,1,C2063,Debit Card
2024-01-03,Power Bank,Accessories,South,79.98,2,C1097,PayPal
2024-01-03,Mousepad,Accessories,East,19.99,1,C1192,PayPal
2024-01-03,Laptop,Electronics,South,4939.96,4,C1056,Credit Card
2024-01-03,Smartphone,Electronics,South,759.99,1,C2319,Credit Card
2024-01-03,Webcam,Electronics,West,80.99,1,C1319,Credit Card
2024-01-03,Tablet,Electronics,East,499.99,1,C2042,Cash
2024-01-03,Ergonomic Chair,Office Supplies,East,249.99,1,C1520,Credit Card
2024-01-03,Desk Organizer,Office Supplies,West,59.98,2,C1978,PayPal
2024-01-03,LED Desk Lamp,Office Supplies,East,43.69,1,C2178,PayPal
2024-01-03,Power Bank,Accessories,West,79.98,2,C1133,Credit Card
2024-01-03,USB Cable,Accessories,West,12.99,1,C1173,Cash
2024-01-03,Tablet,Electronics,South,449.99,1,C2092,Cash
2024-01-03,Desk Organizer,Office Supplies,North,56.98,2,C1063,Debit Card
2024-01-03,Keyboard,Accessories,South,215.97,3,C1824,Credit Card
2024-01-03,LED Desk Lamp,Office Supplies,North,367.92,8,C2314,Cash
2024-01-03,Ergonomic Chair,Office Supplies,East,249.99,1,C2175,PayPal
2024-01-03,Mousepad,Accessories,East,19.99,1,C1538,Debit Card
2024-01-03,Mouse,Accessories,East,124.95,5,C1164,Debit Card
2024-01-03,LED Desk Lamp,Office Supplies,East,43.69,1,C1239,Credit Card
2024-01-03,Mousepad,Accessories,West,19.99,1,C2375,Debit Card
2024-01-04,Monitor,Electronics,East,314.99,1,C2385,PayPal
2024-01-04,Monitor,Electronics,West,314.99,1,C1188,PayPal
2024-01-04,Laptop,Electronics,East,1299.99,1,C2418,PayPal
2024-01-04,Mouse,Accessories,East,24.99,1,C1874,Cash
2024-01-04,Smartphone,Electronics,North,3999.95,5,C1183,Cash
2024-01-04,Laptop,Electronics,South,2339.98,2,C1273,Credit Card
2024-01-04,Notebook,Office Supplies,South,9.99,1,C2038,Credit Card
2024-01-04,Monitor,Electronics,East,1749.95,5,C1852,Debit Card
2024-01-04,Mousepad,Accessories,North,99.95,5,C2420,Cash
2024-01-04,Headphones,Electronics,West,159.99,1,C2422,Credit Card
2024-01-04,Notebook,Office Supplies,East,18.98,2,C2224,PayPal
2024-01-04,Ergonomic Chair,Office Supplies,East,224.99,1,C1987,Credit Card
2024-01-04,Mousepad,Accessories,North,19.99,1,C2470,Credit Card
2024-01-04,Power Bank,Accessories,East,75.98,2,C1954,Credit Card
2024-01-04,Keyboard,Accessories,South,75.99,1,C1019,PayPal
2024-01-04,Notebook,Office Supplies,North,19.98,2,C2367,Debit Card
2024-01-04,Ergonomic Chair,Office Supplies,West,224.99,1,C1961,Debit Card
2024-01-04,Ergonomic Chair,Office Supplies,West,449.98,2,C1827,Debit Card
2024-01-04,Desk Organizer,Office Supplies,South,59.98,2,C1312,PayPal
2024-01-04,Mousepad,Accessories,West,189.9,10,C1361,Credit Card
2024-01-04,Laptop,Electronics,West,2599.98,2,C2401,Credit Card
2024-01-04,Webcam,Electronics,North,359.96,4,C2182,Credit Card
2024-01-04,Desk Organizer,Office Supplies,West,26.99,1,C1727,Cash
2024-01-04,Power Bank,Accessories,North,143.96,4,C1932,PayPal
2024-01-04,Keyboard,Accessories,West,75.99,1,C1582,Debit Card
2024-01-04,Webcam,Electronics,North,179.98,2,C1223,Credit Card
2024-01-04,Monitor,Electronics,North,349.99,1,C1100,Credit Card
2024-01-04,USB Cable,Accessories,West,23.38,2,C2436,PayPal
2024-01-04,LED Desk Lamp,Office Supplies,North,45.99,1,C2270,Debit Card
2024-01-04,Notebook,Office Supplies,East,8.99,1,C2273,PayPal
2024-01-04,Webcam,Electronics,North,179.98,2,C1751,Debit Card
2024-01-04,Mouse,Accessories,North,74.97,3,C1246,PayPal
2024-01-04,Tablet,Electronics,North,499.99,1,C2364,Debit Card
2024-01-05,Notebook,Office Supplies,East,39.96,4,C1145,PayPal
2024-01-05,Power Bank,Accessories,East,179.96,5,C2427,Cash
2024-01-05,Ergonomic Chair,Office Supplies,East,249.99,1,C1510,Cash
2024-01-05,Tablet,Electronics,East,999.98,2,C1765,Credit Card
2024-01-05,Ergonomic Chair,Office Supplies,East,999.96,4,C1290,Cash
2024-01-05,Tablet,Electronics,West,449.99,1,C2429,PayPal
2024-01-05,Smartphone,Electronics,South,1519.98,2,C2425,Credit Card
2024-01-05,Mousepad,Accessories,West,19.99,1,C1484,Credit Card
2024-01-05,LED Desk Lamp,Office Supplies,West,41.39,1,C1550,PayPal
2024-01-05,Notebook,Office Supplies,East,9.49,1,C2106,Credit Card
2024-01-05,Tablet,Electronics,West,499.99,1,C1159,Credit Card
2024-01-05,Mouse,Accessories,East,24.99,1,C2191,Credit Card
2024-01-05,Laptop,Electronics,East,4679.96,4,C2170,Debit Card
2024-01-05,Headphones,Electronics,West,159.99,1,C2054,PayPal
2024-01-05,Ergonomic Chair,Office Supplies,East,449.98,2,C2122,Cash
2024-01-05,Notebook,Office Supplies,East,9.49,1,C2004,Cash
2024-01-05,Smartphone,Electronics,North,2399.97,3,C1393,Credit Card
2024-01-05,LED Desk Lamp,Office Supplies,South,124.17,3,C1359,PayPal
2024-01-05,Monitor,Electronics,East,629.98,2,C1684,PayPal
2024-01-05,Notebook,Office Supplies,West,17.98,2,C1468,Debit Card
2024-01-05,Desk Organizer,Office Supplies,West,29.99,1,C1383,Credit Card
2024-01-05,Webcam,Electronics,South,85.49,1,C1182,Credit Card
2024-01-05,Mousepad,Accessories,West,39.98,2,C2274,Credit Card
2024-01-05,Tablet,Electronics,North,449.99,1,C1731,PayPal
2024-01-05,Mouse,Accessories,West,24.99,1,C1748,Credit Card
2024-01-05,USB Cable,Accessories,East,24.68,2,C2177,Cash
2024-01-05,USB Cable,Accessories,East,46.76,4,C1263,Credit Card
2024-01-05,Headphones,Electronics,South,159.99,1,C1402,Credit Card
2024-01-05,Webcam,Electronics,South,89.99,1,C2124,Cash
2024-01-05,Webcam,Electronics,North,89.99,1,C1416,PayPal
2024-01-06,Headphones,Electronics,West,479.97,3,C2395,Credit Card
2024-01-06,Keyboard,Accessories,East,379.95,5,C2214,Cash
2024-01-06,Power Bank,Accessories,West,71.98,2,C1123,Credit Card
2024-01-06,Webcam,Electronics,North,170.98,2,C1596,Cash
2024-01-06,Keyboard,Accessories,South,215.97,3,C1277,Cash
2024-01-06,Webcam,Electronics,South,179.98,2,C2143,PayPal
2024-01-06,Keyboard,Accessories,North,215.97,3,C1336,Cash
2024-01-06,Power Bank,Accessories,North,113.97,3,C1221,Credit Card
2024-01-06,Desk Organizer,Office Supplies,East,26.99,1,C1631,Debit Card
2024-01-06,Headphones,Electronics,East,159.99,1,C1365,Debit Card
2024-01-06,Monitor,Electronics,North,3149.91,10,C2201,Credit Card
2024-01-06,Notebook,Office Supplies,West,19.98,2,C1569,Debit Card
2024-01-06,Laptop,Electronics,South,1299.99,1,C1960,Cash
2024-01-06,Notebook,Office Supplies,East,9.99,1,C1457,PayPal
2024-01-06,Mouse,Accessories,East,23.74,1,C2046,PayPal
2024-01-06,Tablet,Electronics,South,999.98,2,C1347,Cash
2024-01-06,USB Cable,Accessories,West,51.96,4,C1054,Credit Card
2024-01-06,Notebook,Office Supplies,North,17.98,2,C2302,PayPal
2024-01-06,Desk Organizer,Office Supplies,West,85.47,3,C1154,Cash
2024-01-06,Keyboard,Accessories,South,75.99,1,C2399,Credit Card
2024-01-06,Monitor,Electronics,South,699.98,2,C1042,Debit Card
2024-01-06,Headphones,Electronics,South,159.99,1,C1420,Credit Card
2024-01-06,Headphones,Electronics,East,287.98,2,C2368,Credit Card
2024-01-06,Smartphone,Electronics,North,2159.97,3,C1172,Debit Card
2024-01-06,Webcam,Electronics,East,89.99,1,C1673,Debit Card
2024-01-06,Mouse,Accessories,East,24.99,1,C1327,Credit Card
2024-01-06,Mouse,Accessories,East,44.98,2,C2458,Cash
2024-01-06,Keyboard,Accessories,West,227.97,3,C1492,Debit Card
2024-01-06,Ergonomic Chair,Office Supplies,East,249.99,1,C2331,Cash
2024-01-06,Headphones,Electronics,South,303.98,2,C1068,Debit Card
2024-01-06,Mouse,Accessories,North,67.47,3,C1396,Debit Card
2024-01-06,Power Bank,Accessories,West,113.97,3,C2497,Debit Card
2024-01-06,Tablet,Electronics,North,949.98,2,C1121,PayPal
2024-01-06,Mouse,Accessories,East,23.74,1,C1206,Credit Card
2024-01-07,Notebook,Office Supplies,West,19.98,2,C2498,Cash
2024-01-07,USB Cable,Accessories,East,38.97,3,C1091,Debit Card
2024-01-07,Ergonomic Chair,Office Supplies,West,237.49,1,C2411,PayPal
2024-01-07,USB Cable,Accessories,South,64.95,5,C2306,Debit Card
2024-01-07,Notebook,Office Supplies,West,8.99,1,C1028,Credit Card
2024-01-07,Desk Organizer,Office Supplies,West,85.47,3,C1999,Credit Card
2024-01-07,USB Cable,Accessories,East,51.96,4,C1992,Credit Card
2024-01-07,Smartphone,Electronics,West,799.99,1,C1454,Cash
2024-01-07,LED Desk Lamp,Office Supplies,East,45.99,1,C1083,Cash
2024-01-07,Notebook,Office Supplies,South,28.47,3,C1822,Credit Card
2024-01-07,Power Bank,Accessories,North,107.97,3,C1767,Cash
2024-01-07,Smartphone,Electronics,West,2879.96,4,C1959,Credit Card
2024-01-07,Mouse,Accessories,South,23.74,1,C1101,Debit Card
2024-01-07,Headphones,Electronics,West,151.99,1,C1151,Cash
2024-01-07,Mouse,Accessories,North,22.49,1,C1379,Cash
2024-01-07,Webcam,Electronics,North,89.99,1,C1522,Debit Card
2024-01-07,Notebook,Office Supplies,East,49.95,5,C1402,Credit Card
2024-01-07,Headphones,Electronics,North,1519.9,10,C1265,PayPal
2024-01-07,Monitor,Electronics,West,699.98,2,C1697,PayPal
2024-01-07,LED Desk Lamp,Office Supplies,North,91.98,2,C1902,PayPal
2024-01-07,Mouse,Accessories,South,24.99,1,C2158,Cash
2024-01-07,Mousepad,Accessories,East,19.99,1,C1813,Cash
2024-01-07,Headphones,Electronics,North,319.98,2,C1420,Debit Card
2024-01-07,Webcam,Electronics,East,179.98,2,C1935,Cash
2024-01-07,Tablet,Electronics,East,3999.92,8,C1138,Debit Card
2024-01-07,Monitor,Electronics,South,349.99,1,C1763,Credit Card
2024-01-07,Laptop,Electronics,West,1234.99,1,C1367,Credit Card
2024-01-07,Tablet,Electronics,North,999.98,2,C2378,Debit Card
2024-01-07,Smartphone,Electronics,West,799.99,1,C1805,Cash
2024-01-07,LED Desk Lamp,Office Supplies,North,45.99,1,C1994,Cash
2024-01-07,Monitor,Electronics,West,1399.96,4,C1012,PayPal
2024-01-07,Keyboard,Accessories,East,159.98,2,C1696,Credit Card
2024-01-07,Keyboard,Accessories,West,71.99,1,C2178,Credit Card
2024-01-07,USB Cable,Accessories,South,25.98,2,C1134,Debit Card
2024-01-07,Laptop,Electronics,West,3899.97,3,C2107,PayPal
2024-01-07,Tablet,Electronics,West,999.98,2,C1625,Cash
2024-01-07,Headphones,Electronics,North,159.99,1,C1101,Cash
2024-01-08,Monitor,Electronics,South,1259.96,4,C1130,Cash
2024-01-08,Tablet,Electronics,North,999.98,2,C1595,Debit Card
2024-01-08,Webcam,Electronics,South,179.98,2,C2271,Debit Card
2024-01-08,Ergonomic Chair,Office Supplies,South,449.98,2,C1302,Cash
2024-01-08,Desk Organizer,Office Supplies,North,28.49,1,C1899,PayPal
2024-01-08,Ergonomic Chair,Office Supplies,West,749.97,3,C1653,Credit Card
2024-01-08,Laptop,Electronics,South,1299.99,1,C2237,PayPal
2024-01-08,Mouse,Accessories,South,49.98,2,C1577,Debit Card
2024-01-08,LED Desk Lamp,Office Supplies,West,91.98,2,C1323,Cash
2024-01-08,USB Cable,Accessories,West,38.97,3,C1908,Debit Card
2024-01-08,Mousepad,Accessories,South,19.99,1,C1894,Debit Card
2024-01-08,Keyboard,Accessories,South,151.98,2,C1445,Credit Card
2024-01-08,Mousepad,Accessories,North,35.98,2,C1093,Cash
2024-01-08,Mousepad,Accessories,West,79.96,4,C1511,PayPal
2024-01-08,Ergonomic Chair,Office Supplies,North,499.98,2,C1660,Cash
2024-01-08,Notebook,Office Supplies,West,9.99,1,C1987,Credit Card
2024-01-08,Laptop,Electronics,South,1299.99,1,C2424,Debit Card
2024-01-08,Notebook,Office Supplies,South,19.98,2,C1653,Debit Card
2024-01-08,Keyboard,Accessories,West,159.98,2,C1217,Credit Card
2024-01-08,Mouse,Accessories,North,24.99,1,C1942,PayPal
2024-01-08,Power Bank,Accessories,South,159.96,4,C1461,Credit Card
2024-01-08,Keyboard,Accessories,East,79.99,1,C1211,Credit Card
2024-01-08,LED Desk Lamp,Office Supplies,South,137.97,3,C1678,Debit Card
2024-01-08,Mouse,Accessories,West,44.98,2,C2350,PayPal
2024-01-08,Webcam,Electronics,South,80.99,1,C1490,PayPal
2024-01-08,Webcam,Electronics,West,256.47,3,C1540,Cash
2024-01-08,Keyboard,Accessories,North,319.96,4,C2038,Debit Card
2024-01-08,Tablet,Electronics,East,499.99,1,C1063,Cash
2024-01-08,Mousepad,Accessories,East,79.96,4,C1674,Credit Card
2024-01-08,Keyboard,Accessories,North,239.97,3,C2182,Cash
2024-01-08,Laptop,Electronics,North,2469.98,2,C1055,PayPal
2024-01-08,LED Desk Lamp,Office Supplies,North,91.98,2,C1026,Cash
2024-01-08,LED Desk Lamp,Office Supplies,North,91.98,2,C1953,Debit Card
2024-01-08,Notebook,Office Supplies,East,19.98,2,C2246,Credit Card
2024-01-09,Monitor,Electronics,East,944.97,3,C1750,Debit Card
2024-01-09,Mouse,Accessories,East,22.49,1,C1159,Debit Card
2024-01-09,Laptop,Electronics,East,2599.98,2,C1291,Debit Card
2024-01-09,Webcam,Electronics,West,269.97,3,C1013,PayPal
2024-01-09,Power Bank,Accessories,East,71.98,2,C1449,Cash
2024-01-09,Webcam,Electronics,West,161.98,2,C1331,Credit Card
2024-01-09,Tablet,Electronics,West,499.99,1,C2480,Debit Card
2024-01-09,Smartphone,Electronics,South,1439.98,2,C1501,Debit Card
2024-01-09,Smartphone,Electronics,South,799.99,1,C1275,Credit Card
2024-01-09,Keyboard,Accessories,West,239.97,3,C1971,Debit Card
2024-01-09,Power Bank,Accessories,North,119.97,3,C1224,Credit Card
2024-01-09,Ergonomic Chair,Office Supplies,East,499.98,2,C2436,Debit Card
2024-01-09,Tablet,Electronics,North,449.99,1,C1552,PayPal
2024-01-09,Keyboard,Accessories,East,79.99,1,C1928,Debit Card
2024-01-09,Mousepad,Accessories,South,18.99,1,C1856,Credit Card
2024-01-09,Webcam,Electronics,North,89.99,1,C2078,Credit Card
2024-01-09,Headphones,Electronics,West,319.98,2,C1260,Cash
2024-01-09,Ergonomic Chair,Office Supplies,South,499.98,2,C1967,Credit Card
2024-01-09,Monitor,Electronics,West,1049.97,3,C1719,PayPal
2024-01-09,Power Bank,Accessories,South,37.99,1,C1045,Cash
2024-01-09,Tablet,Electronics,North,474.99,1,C1863,PayPal
2024-01-09,USB Cable,Accessories,West,103.92,8,C1628,Cash
2024-01-09,Ergonomic Chair,Office Supplies,North,249.99,1,C1438,Debit Card
2024-01-09,Desk Organizer,Office Supplies,West,149.95,5,C2376,Cash
2024-01-09,Mousepad,Accessories,South,94.95,5,C2066,Credit Card
2024-01-09,Laptop,Electronics,North,1299.99,1,C1539,PayPal
2024-01-09,Headphones,Electronics,West,143.99,1,C1727,Debit Card
2024-01-09,Notebook,Office Supplies,South,9.99,1,C1878,Debit Card
2024-01-09,Desk Organizer,Office Supplies,South,29.99,1,C1673,Cash
2024-01-09,Mouse,Accessories,West,99.96,4,C1939,Credit Card
2024-01-09,Webcam,Electronics,West,161.98,2,C1442,PayPal
2024-01-09,Laptop,Electronics,North,3899.97,3,C2285,Debit Card
2024-01-09,Ergonomic Chair,Office Supplies,West,749.97,3,C1536,PayPal
2024-01-09,Laptop,Electronics,East,2339.98,2,C2026,Credit Card
2024-01-09,Notebook,Office Supplies,North,9.49,1,C1042,PayPal
2024-01-10,LED Desk Lamp,Office Supplies,South,45.99,1,C1282,Debit Card
2024-01-10,Laptop,Electronics,East,1299.99,1,C1206,Debit Card
2024-01-10,Power Bank,Accessories,South,79.98,2,C1781,Debit Card
2024-01-10,Headphones,Electronics,West,607.96,4,C2064,PayPal
2024-01-10,Tablet,Electronics,North,999.98,2,C2161,PayPal
2024-01-10,Headphones,Electronics,South,431.97,3,C1462,Cash
2024-01-10,Notebook,Office Supplies,South,19.98,2,C2417,Credit Card
2024-01-10,Notebook,Office Supplies,West,19.98,2,C1788,Credit Card
2024-01-10,Laptop,Electronics,West,3704.97,3,C2019,Cash
2024-01-10,Desk Organizer,Office Supplies,North,26.99,1,C2178,PayPal
2024-01-10,USB Cable,Accessories,West,11.69,1,C1420,Credit Card
2024-01-10,Desk Organizer,Office Supplies,East,59.98,2,C1735,Credit Card
2024-01-10,Mouse,Accessories,North,237.4,10,C1187,PayPal
2024-01-10,USB Cable,Accessories,South,64.95,5,C1996,PayPal
2024-01-10,Ergonomic Chair,Office Supplies,South,224.99,1,C1862,Cash
2024-01-10,Laptop,Electronics,South,1169.99,1,C1131,Cash
2024-01-10,Desk Organizer,Office Supplies,East,89.97,3,C1729,Debit Card
2024-01-10,Power Bank,Accessories,West,37.99,1,C1777,PayPal
2024-01-10,Notebook,Office Supplies,South,9.99,1,C1640,PayPal
2024-01-10,Laptop,Electronics,West,1299.99,1,C1139,Credit Card
2024-01-10,USB Cable,Accessories,East,25.98,2,C2329,PayPal
2024-01-10,Monitor,Electronics,West,1049.97,3,C1275,Debit Card
2024-01-10,LED Desk Lamp,Office Supplies,West,45.99,1,C2226,Cash
2024-01-10,Tablet,Electronics,North,2499.95,5,C2333,Credit Card
2024-01-10,Keyboard,Accessories,North,319.96,4,C1132,Credit Card
2024-01-10,Keyboard,Accessories,South,239.97,3,C1910,Credit Card
2024-01-10,Mouse,Accessories,North,49.98,2,C1622,Debit Card
2024-01-11,Ergonomic Chair,Office Supplies,East,749.97,3,C2021,Credit Card
2024-01-11,Laptop,Electronics,East,2339.98,2,C1834,Debit Card
2024-01-11,Webcam,Electronics,North,89.99,1,C1697,Credit Card
2024-01-11,Desk Organizer,Office Supplies,East,299.9,10,C1544,Credit Card
2024-01-11,Notebook,Office Supplies,South,9.49,1,C2415,PayPal
2024-01-11,LED Desk Lamp,Office Supplies,West,183.96,4,C1614,Credit Card
2024-01-11,Tablet,Electronics,North,449.99,1,C1421,PayPal
2024-01-11,USB Cable,Accessories,South,25.98,2,C1418,Cash
2024-01-11,Desk Organizer,Office Supplies,South,59.98,2,C2301,Credit Card
2024-01-11,Tablet,Electronics,South,1999.96,4,C1407,Debit Card
2024-01-11,Keyboard,Accessories,North,159.98,2,C1833,Debit Card
2024-01-11,Notebook,Office Supplies,West,9.99,1,C2475,Cash
2024-01-11,LED Desk Lamp,Office Supplies,West,183.96,4,C2021,PayPal
2024-01-11,Mousepad,Accessories,North,39.98,2,C1668,Cash
2024-01-11,Desk Organizer,Office Supplies,North,29.99,1,C1403,PayPal
2024-01-11,Keyboard,Accessories,East,79.99,1,C1069,Debit Card
2024-01-11,Power Bank,Accessories,North,37.99,1,C2397,PayPal
2024-01-11,Mousepad,Accessories,North,18.99,1,C1676,Cash
2024-01-11,Tablet,Electronics,West,499.99,1,C2229,Credit Card
2024-01-11,Headphones,Electronics,East,159.99,1,C1953,Credit Card
2024-01-11,Tablet,Electronics,East,499.99,1,C1917,Cash
2024-01-11,Laptop,Electronics,South,1299.99,1,C1631,Debit Card
2024-01-11,Notebook,Office Supplies,North,17.98,2,C1346,Credit Card
2024-01-11,Power Bank,Accessories,West,119.97,3,C1995,Credit Card
2024-01-11,Desk Organizer,Office Supplies,South,89.97,3,C1815,Cash
2024-01-11,Tablet,Electronics,North,449.99,1,C1165,Cash
2024-01-11,LED Desk Lamp,Office Supplies,North,91.98,2,C1374,PayPal
2024-01-11,LED Desk Lamp,Office Supplies,North,45.99,1,C1036,Debit Card
2024-01-11,Power Bank,Accessories,North,151.96,4,C2356,PayPal
2024-01-11,USB Cable,Accessories,East,12.99,1,C2426,Credit Card
2024-01-11,LED Desk Lamp,Office Supplies,North,91.98,2,C2122,Credit Card
2024-01-11,LED Desk Lamp,Office Supplies,North,91.98,2,C1149,Debit Card
2024-01-12,Mouse,Accessories,West,199.92,8,C2414,Credit Card
2024-01-12,LED Desk Lamp,Office Supplies,West,45.99,1,C1376,PayPal
2024-01-12,Ergonomic Chair,Office Supplies,South,237.49,1,C1587,Debit Card
2024-01-12,Keyboard,Accessories,North,71.99,1,C1013,Credit Card
2024-01-12,Keyboard,Accessories,East,239.97,3,C2483,PayPal
2024-01-12,Keyboard,Accessories,East,79.99,1,C2316,Credit Card
2024-01-12,Tablet,Electronics,East,499.99,1,C2143,Cash
2024-01-12,Monitor,Electronics,West,314.99,1,C1797,Cash
2024-01-12,Ergonomic Chair,Office Supplies,East,224.99,1,C2406,PayPal
2024-01-12,Keyboard,Accessories,West,143.98,2,C1966,PayPal
2024-01-12,Ergonomic Chair,Office Supplies,West,499.98,2,C2455,Debit Card
2024-01-12,Power Bank,Accessories,South,39.99,1,C1132,Credit Card
2024-01-12,Keyboard,Accessories,South,79.99,1,C1287,Credit Card
2024-01-12,LED Desk Lamp,Office Supplies,South,43.69,1,C1706,Credit Card
2024-01-12,Mousepad,Accessories,West,17.99,1,C1929,Cash
2024-01-12,Notebook,Office Supplies,East,17.98,2,C1931,Credit Card
2024-01-12,Mouse,Accessories,East,74.97,3,C1997,Credit Card
2024-01-12,Notebook,Office Supplies,East,17.98,2,C1134,Cash
2024-01-12,Keyboard,Accessories,North,71.99,1,C1104,Cash
2024-01-12,Webcam,Electronics,South,359.96,4,C1555,PayPal
2024-01-12,Mouse,Accessories,South,94.96,4,C2057,PayPal
2024-01-12,Monitor,Electronics,West,699.98,2,C2232,Debit Card
2024-01-12,Mousepad,Accessories,South,18.99,1,C2124,Credit Card
2024-01-12,Tablet,Electronics,North,999.98,2,C1353,Cash
2024-01-12,LED Desk Lamp,Office Supplies,East,43.69,1,C2416,Cash
2024-01-13,Monitor,Electronics,North,1329.96,4,C2077,Cash
2024-01-13,Ergonomic Chair,Office Supplies,West,899.96,4,C2315,Debit Card
2024-01-13,USB Cable,Accessories,West,11.69,1,C1401,Cash
2024-01-13,Ergonomic Chair,Office Supplies,South,712.47,3,C1731,Credit Card
2024-01-13,Power Bank,Accessories,West,39.99,1,C1535,PayPal
2024-01-13,Monitor,Electronics,South,332.49,1,C1975,Cash
2024-01-13,Webcam,Electronics,East,85.49,1,C1177,Credit Card
2024-01-13,Power Bank,Accessories,North,39.99,1,C1724,Debit Card
2024-01-13,USB Cable,Accessories,South,12.99,1,C1546,Cash
2024-01-13,USB Cable,Accessories,North,11.69,1,C1365,Debit Card
2024-01-13,Ergonomic Chair,Office Supplies,West,224.99,1,C1233,PayPal
2024-01-13,Webcam,Electronics,South,323.96,4,C1309,Cash
2024-01-13,Notebook,Office Supplies,East,9.99,1,C1156,Debit Card
2024-01-13,Ergonomic Chair,Office Supplies,South,237.49,1,C2472,Credit Card
2024-01-13,Desk Organizer,Office Supplies,East,149.95,5,C1051,Debit Card
2024-01-13,Power Bank,Accessories,South,39.99,1,C1531,Credit Card
2024-01-13,Notebook,Office Supplies,East,8.99,1,C2039,Credit Card
2024-01-13,Headphones,Electronics,West,159.99,1,C2057,Cash
2024-01-13,Headphones,Electronics,West,143.99,1,C1911,Cash
2024-01-13,Smartphone,Electronics,East,799.99,1,C2014,PayPal
2024-01-13,LED Desk Lamp,Office Supplies,South,91.98,2,C1994,PayPal
2024-01-13,Power Bank,Accessories,North,75.98,2,C1929,Credit Card
2024-01-13,Power Bank,Accessories,West,39.99,1,C1409,PayPal
2024-01-13,LED Desk Lamp,Office Supplies,West,82.78,2,C1595,PayPal
2024-01-13,Webcam,Electronics,West,683.92,8,C1819,Debit Card
2024-01-13,LED Desk Lamp,Office Supplies,West,45.99,1,C1977,PayPal
2024-01-13,Mousepad,Accessories,North,75.96,4,C2045,Cash
2024-01-13,Headphones,Electronics,South,143.99,1,C1736,Credit Card
2024-01-13,Smartphone,Electronics,West,799.99,1,C1303,Cash
2024-01-13,Laptop,Electronics,South,2599.98,2,C1294,Cash
2024-01-13,USB Cable,Accessories,East,25.98,2,C1303,Debit Card
2024-01-13,Notebook,Office Supplies,West,9.99,1,C1395,PayPal
2024-01-13,Notebook,Office Supplies,South,29.97,3,C1160,Cash
2024-01-13,Ergonomic Chair,Office Supplies,North,474.98,2,C1789,PayPal
2024-01-13,Desk Organizer,Office Supplies,North,29.99,1,C1659,Credit Card
2024-01-14,Power Bank,Accessories,East,39.99,1,C2232,PayPal
2024-01-14,Desk Organizer,Office Supplies,East,29.99,1,C1548,PayPal
2024-01-14,Ergonomic Chair,Office Supplies,East,749.97,3,C1444,Credit Card
2024-01-14,Webcam,Electronics,East,179.98,2,C2467,PayPal
2024-01-14,Mouse,Accessories,East,74.97,3,C2199,Debit Card
2024-01-14,Webcam,Electronics,South,161.98,2,C1904,PayPal
2024-01-14,Ergonomic Chair,Office Supplies,West,474.98,2,C2211,Cash
2024-01-14,Keyboard,Accessories,West,75.99,1,C1205,PayPal
2024-01-14,Keyboard,Accessories,West,79.99,1,C1818,PayPal
2024-01-14,Keyboard,Accessories,South,75.99,1,C1902,PayPal
2024-01-14,Power Bank,Accessories,North,35.99,1,C1170,Debit Card
2024-01-14,Ergonomic Chair,Office Supplies,West,449.98,2,C2151,PayPal
2024-01-14,Desk Organizer,Office Supplies,South,29.99,1,C2093,Debit Card
2024-01-14,Laptop,Electronics,West,2599.98,2,C2328,Debit Card
2024-01-14,USB Cable,Accessories,West,12.34,1,C1375,Debit Card
2024-01-14,Power Bank,Accessories,East,35.99,1,C2118,Cash
2024-01-14,Desk Organizer,Office Supplies,North,89.97,3,C1977,Credit Card
2024-01-14,Laptop,Electronics,West,1299.99,1,C1103,PayPal
2024-01-14,Tablet,Electronics,East,499.99,1,C1115,Cash
2024-01-14,Monitor,Electronics,North,3499.9,10,C2181,Credit Card
2024-01-14,Monitor,Electronics,West,349.99,1,C2285,Cash
2024-01-14,Ergonomic Chair,Office Supplies,North,499.98,2,C2388,Debit Card
2024-01-14,Tablet,Electronics,North,2249.95,5,C1924,PayPal
2024-01-14,Tablet,Electronics,East,1499.97,3,C2268,Cash
2024-01-14,Notebook,Office Supplies,West,9.99,1,C1806,Cash
2024-01-14,Mouse,Accessories,West,47.48,2,C1791,Credit Card
2024-01-14,Mousepad,Accessories,West,19.99,1,C1634,Credit Card
2024-01-14,Mousepad,Accessories,East,19.99,1,C1266,Credit Card
2024-01-14,LED Desk Lamp,Office Supplies,North,41.39,1,C2146,Cash
2024-01-14,Notebook,Office Supplies,West,9.99,1,C1284,Debit Card
2024-01-14,Smartphone,Electronics,West,3999.95,5,C2492,Credit Card
2024-01-14,Ergonomic Chair,Office Supplies,East,474.98,2,C1433,Debit Card
2024-01-14,Ergonomic Chair,Office Supplies,South,1124.96,5,C1446,Cash
2024-01-14,LED Desk Lamp,Office Supplies,East,45.99,1,C2046,Debit Card
2024-01-15,Mousepad,Accessories,West,17.99,1,C1555,PayPal
2024-01-15,USB Cable,Accessories,East,12.34,1,C2327,Credit Card
2024-01-15,Headphones,Electronics,South,143.99,1,C1806,Credit Card
2024-01-15,Smartphone,Electronics,East,799.99,1,C1461,PayPal
2024-01-15,Ergonomic Chair,Office Supplies,West,224.99,1,C1470,Credit Card
2024-01-15,Tablet,Electronics,North,1499.97,3,C1524,PayPal
2024-01-15,Desk Organizer,Office Supplies,North,29.99,1,C1267,PayPal
2024-01-15,Laptop,Electronics,South,1299.99,1,C1167,Debit Card
2024-01-15,Webcam,Electronics,North,89.99,1,C2205,Debit Card
2024-01-15,Mousepad,Accessories,South,19.99,1,C1700,Cash
2024-01-15,Smartphone,Electronics,West,3039.96,4,C2388,Debit Card
2024-01-15,Laptop,Electronics,North,1299.99,1,C2409,Cash
2024-01-15,LED Desk Lamp,Office Supplies,West,87.38,2,C1812,PayPal
2024-01-15,LED Desk Lamp,Office Supplies,East,91.98,2,C1062,Debit Card
2024-01-15,Webcam,Electronics,North,323.96,4,C1296,Cash
2024-01-15,Mouse,Accessories,East,74.97,3,C1567,Credit Card
2024-01-15,Notebook,Office Supplies,West,9.49,1,C1930,Debit Card
2024-01-15,Mouse,Accessories,West,24.99,1,C2331,PayPal
2024-01-15,USB Cable,Accessories,East,38.97,3,C2413,Debit Card
2024-01-15,Smartphone,Electronics,East,2399.97,3,C1976,Cash
2024-01-15,Ergonomic Chair,Office Supplies,North,249.99,1,C1176,Credit Card
2024-01-15,Webcam,Electronics,South,179.98,2,C1079,Credit Card
2024-01-15,Mouse,Accessories,South,44.98,2,C1233,Credit Card
2024-01-15,Notebook,Office Supplies,North,9.99,1,C1846,Cash
2024-01-15,USB Cable,Accessories,East,12.99,1,C2028,Debit Card
2024-01-15,Desk Organizer,Office Supplies,South,29.99,1,C2287,Debit Card
2024-01-15,Keyboard,Accessories,West,143.98,2,C2266,Credit Card
2024-01-15,Laptop,Electronics,South,2599.98,2,C1825,PayPal
2024-01-15,Notebook,Office Supplies,West,75.92,8,C1266,PayPal
2024-01-15,Notebook,Office Supplies,East,8.99,1,C2197,Debit Card
2024-01-15,Mouse,Accessories,South,44.98,2,C1488,Cash
2024-01-16,Notebook,Office Supplies,West,9.99,1,C2352,Debit Card
2024-01-16,Webcam,Electronics,North,256.47,3,C2305,Cash
2024-01-16,Desk Organizer,Office Supplies,South,26.99,1,C2023,Cash
2024-01-16,LED Desk Lamp,Office Supplies,West,91.98,2,C1144,PayPal
2024-01-16,Headphones,Electronics,East,479.97,3,C2001,Cash
2024-01-16,Smartphone,Electronics,North,2399.97,3,C2389,Credit Card
2024-01-16,Mouse,Accessories,East,49.98,2,C1018,Debit Card
2024-01-16,USB Cable,Accessories,East,38.97,3,C1336,PayPal
2024-01-16,Ergonomic Chair,Office Supplies,West,249.99,1,C1381,Credit Card
2024-01-16,Desk Organizer,Office Supplies,West,56.98,2,C2463,Debit Card
2024-01-16,Power Bank,Accessories,South,35.99,1,C1287,Credit Card
2024-01-16,Keyboard,Accessories,North,159.98,2,C1143,Credit Card
2024-01-16,LED Desk Lamp,Office Supplies,West,41.39,1,C2275,Debit Card
2024-01-16,Tablet,Electronics,West,449.99,1,C1484,Debit Card
2024-01-16,Mouse,Accessories,East,23.74,1,C1864,Cash
2024-01-16,Notebook,Office Supplies,West,19.98,2,C1068,Credit Card
2024-01-16,Ergonomic Chair,Office Supplies,North,249.99,1,C1689,Cash
2024-01-16,Notebook,Office Supplies,North,35.96,4,C1943,Credit Card
2024-01-16,Smartphone,Electronics,East,1599.98,2,C1811,Cash
2024-01-16,Ergonomic Chair,Office Supplies,South,749.97,3,C1979,Credit Card
2024-01-16,Desk Organizer,Office Supplies,East,53.98,2,C1849,PayPal
2024-01-16,Mouse,Accessories,South,22.49,1,C1138,Debit Card
2024-01-16,LED Desk Lamp,Office Supplies,South,91.98,2,C2151,PayPal
2024-01-16,Smartphone,Electronics,East,799.99,1,C1224,Cash
2024-01-16,Power Bank,Accessories,West,107.97,3,C1866,Debit Card
2024-01-16,Smartphone,Electronics,East,799.99,1,C2392,Debit Card
2024-01-16,Keyboard,Accessories,East,239.97,3,C1018,PayPal
2024-01-16,Desk Organizer,Office Supplies,South,113.96,4,C2218,Debit Card
2024-01-16,Headphones,Electronics,North,159.99,1,C1350,Debit Card
2024-01-16,Headphones,Electronics,East,159.99,1,C2386,Credit Card
2024-01-16,Tablet,Electronics,South,449.99,1,C2356,Credit Card
2024-01-17,Power Bank,Accessories,South,119.97,3,C1767,Cash
2024-01-17,Webcam,Electronics,East,179.98,2,C1146,PayPal
2024-01-17,Webcam,Electronics,South,89.99,1,C2106,Credit Card
2024-01-17,USB Cable,Accessories,East,11.69,1,C2486,Debit Card
2024-01-17,USB Cable,Accessories,East,25.98,2,C1689,Debit Card
2024-01-17,Ergonomic Chair,Office Supplies,South,499.98,2,C1782,Credit Card
2024-01-17,Monitor,Electronics,North,349.99,1,C1659,Cash
2024-01-17,Desk Organizer,Office Supplies,South,59.98,2,C1286,Cash
2024-01-17,LED Desk Lamp,Office Supplies,North,41.39,1,C1791,Debit Card
2024-01-17,Webcam,Electronics,North,89.99,1,C1549,Cash
2024-01-17,Desk Organizer,Office Supplies,South,107.96,4,C2360,PayPal
2024-01-17,LED Desk Lamp,Office Supplies,West,41.39,1,C1610,Credit Card
2024-01-17,Mouse,Accessories,East,49.98,2,C1755,Cash
2024-01-17,Desk Organizer,Office Supplies,West,29.99,1,C1557,Credit Card
2024-01-17,Mousepad,Accessories,South,19.99,1,C2031,PayPal
2024-01-17,USB Cable,Accessories,North,12.99,1,C1497,Credit Card
2024-01-17,Mouse,Accessories,South,24.99,1,C1439,PayPal
2024-01-17,Desk Organizer,Office Supplies,North,299.9,10,C1759,Credit Card
2024-01-17,Laptop,Electronics,North,1299.99,1,C1831,Cash
2024-01-17,Laptop,Electronics,North,1169.99,1,C1685,Debit Card
2024-01-17,Notebook,Office Supplies,North,8.99,1,C2169,Credit Card
2024-01-17,Notebook,Office Supplies,East,19.98,2,C1456,Credit Card
2024-01-17,Keyboard,Accessories,West,79.99,1,C1859,Credit Card
2024-01-17,Smartphone,Electronics,East,1519.98,2,C2141,Debit Card
2024-01-17,Monitor,Electronics,South,349.99,1,C1759,PayPal
2024-01-17,Monitor,Electronics,North,629.98,2,C1129,Cash
2024-01-18,Webcam,Electronics,North,683.92,8,C2104,Debit Card
2024-01-18,Monitor,Electronics,North,997.47,3,C1566,Cash
2024-01-18,USB Cable,Accessories,East,38.97,3,C2500,PayPal
2024-01-18,Mousepad,Accessories,East,19.99,1,C1624,PayPal
2024-01-18,Tablet,Electronics,South,499.99,1,C2339,Debit Card
2024-01-18,Ergonomic Chair,Office Supplies,North,474.98,2,C2356,Debit Card
2024-01-18,Mousepad,Accessories,North,39.98,2,C1014,Debit Card
2024-01-18,Notebook,Office Supplies,North,39.96,4,C2035,Cash
2024-01-18,Mouse,Accessories,North,22.49,1,C1026,Debit Card
2024-01-18,Monitor,Electronics,North,349.99,1,C1374,Credit Card
2024-01-18,Webcam,Electronics,East,89.99,1,C1478,Credit Card
2024-01-18,Headphones,Electronics,South,639.96,4,C2315,Cash
2024-01-18,Tablet,Electronics,East,449.99,1,C2043,PayPal
2024-01-18,Laptop,Electronics,East,2599.98,2,C2176,PayPal
2024-01-18,Mousepad,Accessories,West,39.98,2,C2092,Debit Card
2024-01-18,Mouse,Accessories,North,22.49,1,C1328,Debit Card
2024-01-18,Power Bank,Accessories,East,107.97,3,C1891,Credit Card
2024-01-18,Power Bank,Accessories,West,71.98,2,C1413,Credit Card
2024-01-18,Headphones,Electronics,West,159.99,1,C1885,PayPal
2024-01-18,Keyboard,Accessories,East,79.99,1,C2461,Credit Card
2024-01-18,Laptop,Electronics,South,1169.99,1,C1836,Credit Card
2024-01-18,Notebook,Office Supplies,East,19.98,2,C1812,Credit Card
2024-01-18,Desk Organizer,Office Supplies,East,29.99,1,C2424,Cash
2024-01-19,Mousepad,Accessories,South,37.98,2,C1018,Cash
2024-01-19,Monitor,Electronics,West,944.97,3,C1015,Debit Card
2024-01-19,Headphones,Electronics,North,303.98,2,C1682,Cash
2024-01-19,LED Desk Lamp,Office Supplies,North,43.69,1,C1482,Cash
2024-01-19,Tablet,Electronics,South,499.99,1,C1521,Cash
2024-01-19,Tablet,Electronics,South,1899.96,4,C1571,Credit Card
2024-01-19,Tablet,Electronics,North,999.98,2,C1087,PayPal
2024-01-19,Ergonomic Chair,Office Supplies,South,224.99,1,C1685,Cash
2024-01-19,Desk Organizer,Office Supplies,East,26.99,1,C1009,Debit Card
2024-01-19,Laptop,Electronics,South,1169.99,1,C2108,Debit Card
2024-01-19,Webcam,Electronics,North,80.99,1,C2013,Debit Card
2024-01-19,Webcam,Electronics,South,80.99,1,C1247,PayPal
2024-01-19,LED Desk Lamp,Office Supplies,South,45.99,1,C1630,Credit Card
2024-01-19,Smartphone,Electronics,West,1519.98,2,C1549,PayPal
2024-01-19,Laptop,Electronics,South,4679.96,4,C1621,Credit Card
2024-01-19,USB Cable,Accessories,North,35.07,3,C2449,PayPal
2024-01-19,Monitor,Electronics,West,997.47,3,C2494,PayPal
2024-01-19,Keyboard,Accessories,North,215.97,3,C1647,Debit Card
2024-01-19,Desk Organizer,Office Supplies,East,28.49,1,C1771,PayPal
2024-01-19,Ergonomic Chair,Office Supplies,West,712.47,3,C1759,Cash
2024-01-19,USB Cable,Accessories,North,25.98,2,C1456,Cash
2024-01-19,Mouse,Accessories,East,23.74,1,C1036,PayPal
2024-01-19,Laptop,Electronics,North,1299.99,1,C1259,PayPal
2024-01-19,Smartphone,Electronics,South,799.99,1,C2213,PayPal
2024-01-20,Webcam,Electronics,South,80.99,1,C1551,PayPal
2024-01-20,Notebook,Office Supplies,North,18.98,2,C1349,Cash
2024-01-20,USB Cable,Accessories,South,12.99,1,C1551,Debit Card
2024-01-20,Mouse,Accessories,East,23.74,1,C1428,Debit Card
2024-01-20,Keyboard,Accessories,North,287.96,4,C2267,Debit Card
2024-01-20,Notebook,Office Supplies,North,9.49,1,C1303,PayPal
2024-01-20,Webcam,Electronics,North,80.99,1,C1580,Credit Card
2024-01-20,Headphones,Electronics,South,151.99,1,C2310,Credit Card
2024-01-20,Mousepad,Accessories,West,53.97,3,C1505,Cash
2024-01-20,Laptop,Electronics,East,2469.98,2,C2426,Debit Card
2024-01-20,Desk Organizer,Office Supplies,West,26.99,1,C1657,Credit Card
2024-01-20,Laptop,Electronics,West,2599.98,2,C2025,PayPal
2024-01-20,Tablet,Electronics,South,1899.96,4,C1184,Debit Card
2024-01-20,Notebook,Office Supplies,East,18.98,2,C2398,Cash
2024-01-20,USB Cable,Accessories,South,12.99,1,C1011,Debit Card
2024-01-20,Webcam,Electronics,North,170.98,2,C1670,Cash
2024-01-20,Power Bank,Accessories,South,119.97,3,C1919,Credit Card
2024-01-20,Smartphone,Electronics,West,1439.98,2,C2264,Credit Card
2024-01-20,LED Desk Lamp,Office Supplies,North,137.97,3,C1713,Cash
2024-01-21,Laptop,Electronics,East,9879.92,8,C1795,Credit Card
2024-01-21,Power Bank,Accessories,North,71.98,2,C1966,Debit Card
2024-01-21,Webcam,Electronics,East,719.92,8,C1419,Credit Card
2024-01-21,Headphones,Electronics,North,431.97,3,C1013,PayPal
2024-01-21,Tablet,Electronics,East,499.99,1,C1322,Credit Card
2024-01-21,Headphones,Electronics,West,151.99,1,C1041,Debit Card
2024-01-21,Keyboard,Accessories,East,239.97,3,C1095,Debit Card
2024-01-21,Laptop,Electronics,West,1234.99,1,C1070,PayPal
2024-01-21,Mouse,Accessories,South,74.97,3,C1136,PayPal
2024-01-21,Keyboard,Accessories,East,79.99,1,C1994,PayPal
2024-01-21,Ergonomic Chair,Office Supplies,West,899.96,4,C1791,Debit Card
2024-01-21,LED Desk Lamp,Office Supplies,North,45.99,1,C1816,Debit Card
2024-01-21,Power Bank,Accessories,East,39.99,1,C1651,Cash
2024-01-21,Mousepad,Accessories,South,17.99,1,C1173,Cash
2024-01-21,Webcam,Electronics,North,269.97,3,C2356,Debit Card
2024-01-21,LED Desk Lamp,Office Supplies,North,45.99,1,C1651,Cash
2024-01-21,Power Bank,Accessories,South,79.98,2,C1766,PayPal
2024-01-21,Notebook,Office Supplies,North,9.99,1,C1594,Credit Card
2024-01-21,Mouse,Accessories,North,49.98,2,C2470,Debit Card
2024-01-21,Mousepad,Accessories,South,17.99,1,C1078,PayPal
2024-01-21,Tablet,Electronics,East,999.98,2,C1614,PayPal
2024-01-21,Mousepad,Accessories,East,18.99,1,C1158,PayPal
2024-01-21,Webcam,Electronics,East,256.47,3,C1125,PayPal
2024-01-21,Smartphone,Electronics,South,2399.97,3,C2416,Credit Card
2024-01-21,Keyboard,Accessories,South,159.98,2,C2305,Cash
2024-01-21,Power Bank,Accessories,East,39.99,1,C1320,Cash
2024-01-21,Smartphone,Electronics,East,2159.97,3,C2472,PayPal
2024-01-22,Laptop,Electronics,North,1299.99,1,C1516,Credit Card
2024-01-22,USB Cable,Accessories,East,12.99,1,C1271,Cash
2024-01-22,Desk Organizer,Office Supplies,North,149.95,5,C1528,Credit Card
2024-01-22,Headphones,Electronics,South,719.96,5,C1283,Cash
2024-01-22,Smartphone,Electronics,West,3999.95,5,C2169,PayPal
2024-01-22,Power Bank,Accessories,South,35.99,1,C1760,Credit Card
2024-01-22,Mousepad,Accessories,South,39.98,2,C2296,PayPal
2024-01-22,Desk Organizer,Office Supplies,North,215.93,8,C2228,Credit Card
2024-01-22,Webcam,Electronics,East,269.97,3,C1027,Cash
2024-01-22,Laptop,Electronics,East,1234.99,1,C2316,Credit Card
2024-01-22,Headphones,Electronics,South,303.98,2,C2053,Credit Card
2024-01-22,Keyboard,Accessories,South,79.99,1,C1532,PayPal
2024-01-22,Tablet,Electronics,South,1999.96,4,C1478,Cash
2024-01-22,Notebook,Office Supplies,North,9.49,1,C1051,Cash
2024-01-22,Notebook,Office Supplies,East,26.97,3,C2029,Credit Card
2024-01-22,Mousepad,Accessories,West,99.95,5,C1562,Cash
2024-01-22,USB Cable,Accessories,North,51.96,4,C1435,Cash
2024-01-22,Mousepad,Accessories,East,19.99,1,C1460,Credit Card
2024-01-22,Mouse,Accessories,South,89.96,4,C1980,Cash
2024-01-22,Notebook,Office Supplies,South,8.99,1,C1965,Cash
2024-01-22,Headphones,Electronics,East,303.98,2,C1002,Credit Card
2024-01-22,Mousepad,Accessories,West,39.98,2,C1211,Cash
2024-01-22,Laptop,Electronics,East,2339.98,2,C1795,Debit Card
2024-01-22,Notebook,Office Supplies,West,29.97,3,C1513,Debit Card
2024-01-22,Notebook,Office Supplies,North,17.98,2,C1489,Debit Card
2024-01-23,Monitor,Electronics,North,349.99,1,C1391,PayPal
2024-01-23,Ergonomic Chair,Office Supplies,South,249.99,1,C2135,Credit Card
2024-01-23,USB Cable,Accessories,West,25.98,2,C1079,Credit Card
2024-01-23,Desk Organizer,Office Supplies,West,29.99,1,C1092,PayPal
2024-01-23,Keyboard,Accessories,East,79.99,1,C2363,Credit Card
2024-01-23,Webcam,Electronics,North,89.99,1,C1339,Cash
2024-01-23,Power Bank,Accessories,South,37.99,1,C2432,Credit Card
2024-01-23,Tablet,Electronics,North,1999.96,4,C1804,Credit Card
2024-01-23,Notebook,Office Supplies,North,18.98,2,C2219,Credit Card
2024-01-23,Desk Organizer,Office Supplies,South,29.99,1,C1677,Cash
2024-01-23,USB Cable,Accessories,West,24.68,2,C1415,Credit Card
2024-01-23,Smartphone,Electronics,West,1599.98,2,C2129,Cash
2024-01-23,Smartphone,Electronics,North,3039.96,4,C1324,Credit Card
2024-01-23,Headphones,Electronics,South,143.99,1,C2033,Credit Card
2024-01-23,Power Bank,Accessories,East,79.98,2,C1773,Cash
2024-01-23,Smartphone,Electronics,North,799.99,1,C2382,Cash
2024-01-23,Keyboard,Accessories,North,159.98,2,C1578,PayPal
2024-01-23,Tablet,Electronics,West,1424.97,3,C1376,PayPal
2024-01-23,Monitor,Electronics,West,349.99,1,C2024,Credit Card
2024-01-23,USB Cable,Accessories,East,51.96,4,C1306,Debit Card
2024-01-23,Laptop,Electronics,West,6499.95,5,C1650,Cash
2024-01-23,USB Cable,Accessories,West,12.99,1,C2183,PayPal
2024-01-23,Power Bank,Accessories,East,79.98,2,C1661,Debit Card
2024-01-23,Mousepad,Accessories,South,39.98,2,C1355,Credit Card
2024-01-23,Desk Organizer,Office Supplies,North,89.97,3,C1021,Cash
2024-01-23,Power Bank,Accessories,South,75.98,2,C1790,Debit Card
2024-01-23,Notebook,Office Supplies,North,9.99,1,C2241,Cash
2024-01-23,USB Cable,Accessories,East,11.69,1,C2298,PayPal
2024-01-23,Mouse,Accessories,West,24.99,1,C1561,PayPal
2024-01-23,Notebook,Office Supplies,South,9.49,1,C2000,Debit Card
2024-01-23,Monitor,Electronics,West,699.98,2,C2148,Debit Card
2024-01-23,Headphones,Electronics,East,639.96,4,C1605,Debit Card
2024-01-23,Monitor,Electronics,North,349.99,1,C2093,Cash
2024-01-23,Headphones,Electronics,West,151.99,1,C1982,PayPal
2024-01-24,Smartphone,Electronics,West,759.99,1,C1904,Cash
2024-01-24,LED Desk Lamp,Office Supplies,East,91.98,2,C2011,PayPal
2024-01-24,Notebook,Office Supplies,East,19.98,2,C1014,Cash
2024-01-24,USB Cable,Accessories,East,12.99,1,C1572,PayPal
2024-01-24,Mouse,Accessories,West,24.99,1,C2103,PayPal
2024-01-24,Laptop,Electronics,East,1299.99,1,C1070,PayPal
2024-01-24,Ergonomic Chair,Office Supplies,East,224.99,1,C1866,Debit Card
2024-01-24,Headphones,Electronics,North,159.99,1,C1433,PayPal
2024-01-24,Laptop,Electronics,North,4939.96,4,C1665,Debit Card
2024-01-24,Keyboard,Accessories,East,143.98,2,C1577,Cash
2024-01-24,Keyboard,Accessories,East,79.99,1,C1960,Cash
2024-01-24,Monitor,Electronics,South,1749.95,5,C1055,Cash
2024-01-24,Headphones,Electronics,North,319.98,2,C1854,Cash
2024-01-24,USB Cable,Accessories,North,23.38,2,C1142,Cash
2024-01-24,Ergonomic Chair,Office Supplies,South,249.99,1,C2313,PayPal
2024-01-24,USB Cable,Accessories,South,12.99,1,C1261,Debit Card
2024-01-24,Mousepad,Accessories,West,17.99,1,C1772,PayPal
2024-01-24,LED Desk Lamp,Office Supplies,South,41.39,1,C1715,PayPal
2024-01-24,Mouse,Accessories,North,22.49,1,C1497,Credit Card
2024-01-24,Tablet,Electronics,East,1349.97,3,C2332,Credit Card
2024-01-24,Ergonomic Chair,Office Supplies,West,249.99,1,C2424,Debit Card
2024-01-24,Notebook,Office Supplies,North,19.98,2,C1037,Credit Card
2024-01-24,Notebook,Office Supplies,South,17.98,2,C1315,Debit Card
2024-01-24,Smartphone,Electronics,East,3199.96,4,C2348,Credit Card
2024-01-24,Ergonomic Chair,Office Supplies,West,999.96,4,C2092,Cash
2024-01-24,Monitor,Electronics,North,349.99,1,C1640,Credit Card
2024-01-24,Smartphone,Electronics,East,2399.97,3,C2224,Credit Card
2024-01-24,Laptop,Electronics,North,1299.99,1,C1302,PayPal
2024-01-25,Desk Organizer,Office Supplies,South,28.49,1,C1242,Cash
2024-01-25,Webcam,Electronics,West,179.98,2,C1586,Credit Card
2024-01-25,LED Desk Lamp,Office Supplies,East,82.78,2,C1624,Debit Card
2024-01-25,Power Bank,Accessories,West,79.98,2,C2141,Cash
2024-01-25,Power Bank,Accessories,West,39.99,1,C1399,Debit Card
2024-01-25,Ergonomic Chair,Office Supplies,East,249.99,1,C1895,Cash
2024-01-25,LED Desk Lamp,Office Supplies,South,43.69,1,C1762,Debit Card
2024-01-25,Smartphone,Electronics,West,1599.98,2,C2232,PayPal
2024-01-25,Desk Organizer,Office Supplies,South,28.49,1,C1804,Credit Card
2024-01-25,USB Cable,Accessories,East,12.34,1,C1821,PayPal
2024-01-25,Desk Organizer,Office Supplies,South,59.98,2,C2364,Cash
2024-01-25,Ergonomic Chair,Office Supplies,East,224.99,1,C1950,PayPal
2024-01-25,Power Bank,Accessories,North,71.98,2,C1267,Credit Card
2024-01-25,Mousepad,Accessories,West,19.99,1,C1844,Debit Card
2024-01-25,Notebook,Office Supplies,South,19.98,2,C1879,PayPal
2024-01-25,Desk Organizer,Office Supplies,West,59.98,2,C1527,PayPal
2024-01-25,Monitor,Electronics,East,629.98,2,C2356,PayPal
2024-01-25,Smartphone,Electronics,East,799.99,1,C2383,Debit Card
2024-01-25,Monitor,Electronics,North,699.98,2,C2391,Cash
2024-01-25,LED Desk Lamp,Office Supplies,East,91.98,2,C2360,Debit Card
2024-01-25,Monitor,Electronics,West,699.98,2,C2386,Debit Card
2024-01-25,Desk Organizer,Office Supplies,North,239.92,8,C1142,PayPal
2024-01-25,Notebook,Office Supplies,North,37.96,4,C2369,PayPal
2024-01-25,Power Bank,Accessories,West,199.95,5,C2010,Cash
2024-01-26,Laptop,Electronics,North,2469.98,2,C1016,Cash
2024-01-26,Mousepad,Accessories,West,37.98,2,C1123,PayPal
2024-01-26,Notebook,Office Supplies,East,19.98,2,C2136,PayPal
2024-01-26,USB Cable,Accessories,East,12.99,1,C2352,Credit Card
2024-01-26,Power Bank,Accessories,West,37.99,1,C1671,Debit Card
2024-01-26,LED Desk Lamp,Office Supplies,West,43.69,1,C1825,PayPal
2024-01-26,Webcam,Electronics,North,89.99,1,C1962,Credit Card
2024-01-26,Power Bank,Accessories,East,39.99,1,C1692,Cash
2024-01-26,LED Desk Lamp,Office Supplies,West,45.99,1,C2484,Credit Card
2024-01-26,Mousepad,Accessories,South,19.99,1,C1733,Credit Card
2024-01-26,Mousepad,Accessories,South,19.99,1,C1883,Cash
2024-01-26,Laptop,Electronics,West,1299.99,1,C2386,Credit Card
2024-01-26,Smartphone,Electronics,West,759.99,1,C2423,PayPal
2024-01-26,Tablet,Electronics,West,499.99,1,C1977,Debit Card
2024-01-26,Monitor,Electronics,North,629.98,2,C1298,Credit Card
2024-01-26,Monitor,Electronics,West,332.49,1,C1313,Debit Card
2024-01-26,Tablet,Electronics,West,474.99,1,C1443,PayPal
2024-01-26,Smartphone,Electronics,South,1519.98,2,C1875,Debit Card
2024-01-26,Mouse,Accessories,South,89.96,4,C2469,Debit Card
2024-01-26,Monitor,Electronics,West,3149.91,10,C2262,PayPal
2024-01-26,USB Cable,Accessories,East,35.07,3,C1413,Debit Card
2024-01-26,Webcam,Electronics,East,89.99,1,C1820,Debit Card
2024-01-27,Webcam,Electronics,South,85.49,1,C1796,PayPal
2024-01-27,Ergonomic Chair,Office Supplies,East,249.99,1,C1479,PayPal
2024-01-27,Desk Organizer,Office Supplies,North,28.49,1,C2106,Cash
2024-01-27,Mousepad,Accessories,West,94.95,5,C1796,Credit Card
2024-01-27,Headphones,Electronics,South,159.99,1,C1752,Debit Card
2024-01-27,Smartphone,Electronics,East,719.99,1,C1618,PayPal
2024-01-27,Mousepad,Accessories,East,99.95,5,C1212,PayPal
2024-01-27,Notebook,Office Supplies,West,29.97,3,C2053,Credit Card
2024-01-27,Mousepad,Accessories,East,18.99,1,C1691,PayPal
2024-01-27,Desk Organizer,Office Supplies,North,29.99,1,C1665,Credit Card
2024-01-27,Tablet,Electronics,West,499.99,1,C1670,Debit Card
2024-01-27,Power Bank,Accessories,South,39.99,1,C2126,PayPal
2024-01-27,USB Cable,Accessories,East,12.99,1,C1071,Credit Card
2024-01-27,Mousepad,Accessories,South,59.97,3,C1921,PayPal
2024-01-27,Mousepad,Accessories,West,39.98,2,C2064,Debit Card
2024-01-27,Mouse,Accessories,North,47.48,2,C2355,Cash
2024-01-27,Webcam,Electronics,East,161.98,2,C1977,PayPal
2024-01-27,Keyboard,Accessories,West,79.99,1,C1931,Credit Card
2024-01-27,Headphones,Electronics,South,319.98,2,C1014,Cash
2024-01-27,Mouse,Accessories,North,24.99,1,C1832,Credit Card
2024-01-27,Power Bank,Accessories,North,119.97,3,C2008,Credit Card
2024-01-27,Keyboard,Accessories,North,159.98,2,C1584,Debit Card
2024-01-27,Headphones,Electronics,East,143.99,1,C1749,Debit Card
2024-01-27,Power Bank,Accessories,West,35.99,1,C1693,PayPal
2024-01-27,Ergonomic Chair,Office Supplies,South,249.99,1,C2243,Credit Card
2024-01-27,Headphones,Electronics,East,287.98,2,C2396,PayPal
2024-01-27,Notebook,Office Supplies,East,29.97,3,C1643,Cash
2024-01-27,Desk Organizer,Office Supplies,South,53.98,2,C2329,Debit Card
2024-01-27,LED Desk Lamp,Office Supplies,South,229.95,5,C2492,PayPal
2024-01-27,Mousepad,Accessories,East,39.98,2,C1505,Debit Card
2024-01-27,Ergonomic Chair,Office Supplies,West,249.99,1,C2268,Credit Card
2024-01-27,Webcam,Electronics,South,89.99,1,C1965,Debit Card
2024-01-28,Keyboard,Accessories,West,79.99,1,C1655,Cash
2024-01-28,USB Cable,Accessories,North,11.69,1,C1103,Debit Card
2024-01-28,Webcam,Electronics,South,89.99,1,C1543,PayPal
2024-01-28,Mouse,Accessories,East,49.98,2,C2240,Cash
2024-01-28,Headphones,Electronics,North,159.99,1,C1658,Debit Card
2024-01-28,Mouse,Accessories,South,99.96,4,C2025,Cash
2024-01-28,USB Cable,Accessories,South,12.99,1,C1647,Cash
2024-01-28,Smartphone,Electronics,East,2159.97,3,C1686,PayPal
2024-01-28,Desk Organizer,Office Supplies,East,26.99,1,C1241,Cash
2024-01-28,Power Bank,Accessories,West,37.99,1,C1281,PayPal
2024-01-28,Power Bank,Accessories,West,39.99,1,C2068,PayPal
2024-01-28,Ergonomic Chair,Office Supplies,East,249.99,1,C1685,Cash
2024-01-28,LED Desk Lamp,Office Supplies,North,131.07,3,C1940,Debit Card
2024-01-28,USB Cable,Accessories,East,35.07,3,C2424,PayPal
2024-01-28,Mouse,Accessories,South,49.98,2,C1617,Debit Card
2024-01-28,Ergonomic Chair,Office Supplies,East,237.49,1,C1216,Debit Card
2024-01-28,Power Bank,Accessories,North,159.96,4,C1707,Credit Card
2024-01-28,Power Bank,Accessories,West,159.96,4,C1160,Debit Card
2024-01-28,Smartphone,Electronics,East,2399.97,3,C1512,Debit Card
2024-01-28,Desk Organizer,Office Supplies,North,85.47,3,C1919,Cash
2024-01-28,Keyboard,Accessories,South,639.92,8,C1156,Debit Card
2024-01-28,Headphones,Electronics,East,319.98,2,C1469,Credit Card
2024-01-28,Tablet,Electronics,South,999.98,2,C1020,PayPal
2024-01-28,Monitor,Electronics,East,332.49,1,C1377,Debit Card
2024-01-28,Headphones,Electronics,North,479.97,3,C2161,PayPal
2024-01-28,Headphones,Electronics,West,159.99,1,C2214,Cash
2024-01-28,Ergonomic Chair,Office Supplies,North,249.99,1,C1817,Cash
2024-01-28,Tablet,Electronics,South,3999.92,8,C1219,Debit Card
2024-01-28,Ergonomic Chair,Office Supplies,West,712.47,3,C1241,Debit Card
2024-01-28,Laptop,Electronics,North,3509.97,3,C2367,Credit Card
2024-01-28,Mousepad,Accessories,West,39.98,2,C1265,PayPal
2024-01-29,Power Bank,Accessories,West,75.98,2,C1098,Credit Card
2024-01-29,Monitor,Electronics,West,629.98,2,C2132,Cash
2024-01-29,LED Desk Lamp,Office Supplies,East,43.69,1,C1327,Debit Card
2024-01-29,Notebook,Office Supplies,South,9.99,1,C2321,Debit Card
2024-01-29,Headphones,Electronics,West,159.99,1,C1122,Credit Card
2024-01-29,Desk Organizer,Office Supplies,North,284.9,10,C2339,PayPal
2024-01-29,Desk Organizer,Office Supplies,North,29.99,1,C1827,PayPal
2024-01-29,Mouse,Accessories,West,24.99,1,C2473,PayPal
2024-01-29,Mouse,Accessories,South,22.49,1,C1783,Debit Card
2024-01-29,Desk Organizer,Office Supplies,South,107.96,4,C1381,Credit Card
2024-01-29,Power Bank,Accessories,West,39.99,1,C2011,Credit Card
2024-01-29,Tablet,Electronics,East,999.98,2,C1813,Credit Card
2024-01-29,Laptop,Electronics,South,12349.9,10,C1496,Credit Card
2024-01-29,Mousepad,Accessories,North,99.95,5,C2023,Debit Card
2024-01-29,Monitor,Electronics,South,1259.96,4,C2319,Debit Card
2024-01-29,Mousepad,Accessories,South,18.99,1,C2413,PayPal
2024-01-29,Monitor,Electronics,East,699.98,2,C1937,Debit Card
2024-01-29,Mousepad,Accessories,East,19.99,1,C1387,PayPal
2024-01-29,Laptop,Electronics,West,1299.99,1,C1042,Credit Card
2024-01-29,Tablet,Electronics,North,499.99,1,C1552,PayPal
2024-01-29,Mousepad,Accessories,North,19.99,1,C2113,Credit Card
2024-01-29,Ergonomic Chair,Office Supplies,West,1999.92,8,C1662,Debit Card
2024-01-29,Notebook,Office Supplies,West,9.99,1,C2052,Credit Card
2024-01-30,Monitor,Electronics,North,3324.9,10,C1216,Cash
2024-01-30,Mousepad,Accessories,East,159.92,8,C2389,Credit Card
2024-01-30,Webcam,Electronics,West,80.99,1,C2131,Debit Card
2024-01-30,Power Bank,Accessories,North,39.99,1,C2182,Credit Card
2024-01-30,Power Bank,Accessories,North,75.98,2,C1582,Cash
2024-01-30,Mouse,Accessories,South,49.98,2,C1019,Debit Card
2024-01-30,USB Cable,Accessories,North,23.38,2,C1818,Cash
2024-01-30,Desk Organizer,Office Supplies,North,59.98,2,C1170,PayPal
2024-01-30,Keyboard,Accessories,South,79.99,1,C2186,Debit Card
2024-01-30,Webcam,Electronics,East,404.95,5,C1847,Debit Card
2024-01-30,Keyboard,Accessories,West,71.99,1,C1815,Debit Card
2024-01-30,Mousepad,Accessories,North,35.98,2,C2424,Debit Card
2024-01-30,Mousepad,Accessories,East,19.99,1,C1102,Cash
2024-01-30,Mousepad,Accessories,North,53.97,3,C1425,Cash
2024-01-30,Desk Organizer,Office Supplies,North,53.98,2,C1177,PayPal
2024-01-30,Ergonomic Chair,Office Supplies,West,249.99,1,C1332,Debit Card
2024-01-30,Mousepad,Accessories,East,56.97,3,C1327,Credit Card
2024-01-30,Tablet,Electronics,South,1499.97,3,C1355,Cash
2024-01-30,Monitor,Electronics,East,332.49,1,C2394,Debit Card
2024-01-30,Mousepad,Accessories,West,39.98,2,C2266,Debit Card
2024-01-30,USB Cable,Accessories,West,25.98,2,C2275,Credit Card
2024-01-30,LED Desk Lamp,Office Supplies,West,43.69,1,C1837,Cash
2024-01-30,Tablet,Electronics,North,499.99,1,C1142,PayPal
2024-01-30,LED Desk Lamp,Office Supplies,West,45.99,1,C1706,Debit Card
2024-01-30,Smartphone,Electronics,North,1599.98,2,C2219,PayPal
2024-01-31,Mousepad,Accessories,East,59.97,3,C1616,Credit Card
2024-01-31,Ergonomic Chair,Office Supplies,North,249.99,1,C2257,Cash
2024-01-31,Tablet,Electronics,North,499.99,1,C2058,Cash
2024-01-31,Laptop,Electronics,South,5199.96,4,C1679,Credit Card
2024-01-31,Desk Organizer,Office Supplies,West,29.99,1,C1285,Credit Card
2024-01-31,Keyboard,Accessories,South,75.99,1,C1497,Cash
2024-01-31,Desk Organizer,Office Supplies,East,89.97,3,C1265,PayPal
2024-01-31,Mouse,Accessories,East,47.48,2,C1154,Credit Card
2024-01-31,Tablet,Electronics,West,449.99,1,C1762,PayPal
2024-01-31,Tablet,Electronics,North,449.99,1,C1884,Cash
2024-01-31,LED Desk Lamp,Office Supplies,North,367.92,8,C1415,PayPal
2024-01-31,Notebook,Office Supplies,North,19.98,2,C1999,PayPal
2024-01-31,Tablet,Electronics,South,999.98,2,C1050,Cash
2024-01-31,Webcam,Electronics,West,85.49,1,C1770,PayPal
2024-01-31,Power Bank,Accessories,West,79.98,2,C1452,Credit Card
2024-01-31,Ergonomic Chair,Office Supplies,North,499.98,2,C1177,PayPal
2024-01-31,Power Bank,Accessories,West,39.99,1,C1894,PayPal
2024-01-31,Headphones,Electronics,North,319.98,2,C2071,Credit Card
2024-01-31,Headphones,Electronics,West,607.96,4,C2182,Credit Card
2024-01-31,Headphones,Electronics,West,151.99,1,C1489,PayPal
2024-01-31,LED Desk Lamp,Office Supplies,East,41.39,1,C1589,PayPal
2024-01-31,Tablet,Electronics,North,1499.97,3,C1044,PayPal
2024-01-31,Keyboard,Accessories,South,319.96,4,C1092,Debit Card
2024-01-31,LED Desk Lamp,Office Supplies,North,137.97,3,C1191,PayPal
2024-01-31,Ergonomic Chair,Office Supplies,West,224.99,1,C1033,Credit Card
2024-01-31,Mouse,Accessories,East,24.99,1,C2342,PayPal
2024-01-31,USB Cable,Accessories,South,12.99,1,C1824,Credit Card
2024-01-31,USB Cable,Accessories,South,12.99,1,C1411,Cash
2024-01-31,Ergonomic Chair,Office Supplies,East,474.98,2,C1663,Debit Card
2024-02-01,Mousepad,Accessories,South,19.99,1,C1303,Debit Card
2024-02-01,Power Bank,Accessories,West,37.99,1,C1047,Cash
2024-02-01,Desk Organizer,Office Supplies,South,59.98,2,C2077,Cash
2024-02-01,Ergonomic Chair,Office Supplies,North,249.99,1,C2490,Debit Card
2024-02-01,Smartphone,Electronics,North,1599.98,2,C1296,Cash
2024-02-01,Desk Organizer,Office Supplies,East,29.99,1,C1415,Debit Card
2024-02-01,Headphones,Electronics,West,639.96,4,C2425,Credit Card
2024-02-01,Mousepad,Accessories,South,19.99,1,C1874,Cash
2024-02-01,Smartphone,Electronics,East,1439.98,2,C2084,Debit Card
2024-02-01,Ergonomic Chair,Office Supplies,West,899.96,4,C2137,Debit Card
2024-02-01,LED Desk Lamp,Office Supplies,North,45.99,1,C2336,Cash
2024-02-01,Ergonomic Chair,Office Supplies,East,499.98,2,C1802,Cash
2024-02-01,Desk Organizer,Office Supplies,South,119.96,4,C1653,Credit Card
2024-02-01,Keyboard,Accessories,North,639.92,8,C1884,Cash
2024-02-01,Notebook,Office Supplies,West,9.99,1,C1023,Debit Card
2024-02-01,LED Desk Lamp,Office Supplies,South,41.39,1,C1111,Debit Card
2024-02-01,Keyboard,Accessories,South,159.98,2,C1641,Debit Card
2024-02-01,LED Desk Lamp,Office Supplies,South,91.98,2,C2279,Credit Card
2024-02-01,Keyboard,Accessories,West,71.99,1,C1757,Cash
2024-02-01,Headphones,Electronics,South,319.98,2,C1674,Debit Card
2024-02-01,Laptop,Electronics,North,1169.99,1,C2408,PayPal
2024-02-01,Desk Organizer,Office Supplies,North,80.97,3,C1981,Debit Card
2024-02-01,USB Cable,Accessories,North,12.34,1,C1045,Credit Card
2024-02-01,Tablet,Electronics,South,499.99,1,C2395,Credit Card
2024-02-01,Smartphone,Electronics,East,2399.97,3,C1003,Cash
2024-02-01,Monitor,Electronics,South,699.98,2,C1978,Cash
2024-02-01,USB Cable,Accessories,West,51.96,4,C1051,Cash
2024-02-01,Keyboard,Accessories,East,79.99,1,C2377,Debit Card
2024-02-01,Ergonomic Chair,Office Supplies,South,249.99,1,C2230,PayPal
2024-02-02,Keyboard,Accessories,North,319.96,4,C2334,Credit Card
2024-02-02,USB Cable,Accessories,North,23.38,2,C1919,Debit Card
2024-02-02,Monitor,Electronics,West,314.99,1,C1677,PayPal
2024-02-02,Headphones,Electronics,North,319.98,2,C1140,Cash
2024-02-02,Mouse,Accessories,South,74.97,3,C1618,Cash
2024-02-02,Smartphone,Electronics,West,2399.97,3,C2300,Cash
2024-02-02,Tablet,Electronics,South,499.99,1,C2283,Debit Card
2024-02-02,Mousepad,Accessories,West,19.99,1,C1008,Cash
2024-02-02,Notebook,Office Supplies,South,26.97,3,C1355,Credit Card
2024-02-02,Webcam,Electronics,West,170.98,2,C1777,Credit Card
2024-02-02,Mouse,Accessories,West,74.97,3,C1915,Debit Card
2024-02-02,Tablet,Electronics,East,899.98,2,C1454,Debit Card
2024-02-02,Desk Organizer,Office Supplies,South,29.99,1,C2317,Cash
2024-02-02,Notebook,Office Supplies,South,44.96,5,C1371,PayPal
2024-02-02,Power Bank,Accessories,East,71.98,2,C1926,PayPal
2024-02-02,LED Desk Lamp,Office Supplies,South,218.45,5,C2014,Debit Card
2024-02-02,Headphones,Electronics,North,319.98,2,C1496,PayPal
2024-02-02,Smartphone,Electronics,North,1519.98,2,C1705,PayPal
2024-02-02,Tablet,Electronics,East,999.98,2,C1411,Debit Card
2024-02-02,Notebook,Office Supplies,West,9.99,1,C1532,Cash
2024-02-02,Laptop,Electronics,North,2469.98,2,C2325,PayPal
2024-02-02,Mouse,Accessories,West,74.97,3,C1935,Credit Card
2024-02-02,Notebook,Office Supplies,South,8.99,1,C2453,Debit Card
2024-02-02,Mousepad,Accessories,South,19.99,1,C2190,Cash
2024-02-02,Webcam,Electronics,South,269.97,3,C1051,PayPal
2024-02-02,USB Cable,Accessories,West,12.99,1,C1747,Cash
2024-02-02,USB Cable,Accessories,West,51.96,4,C1630,PayPal
2024-02-02,Power Bank,Accessories,West,79.98,2,C1728,Credit Card
2024-02-03,Keyboard,Accessories,East,75.99,1,C1246,Cash
2024-02-03,USB Cable,Accessories,West,11.69,1,C2274,Cash
2024-02-03,Mouse,Accessories,West,44.98,2,C1552,Credit Card
2024-02-03,Desk Organizer,Office Supplies,South,119.96,4,C2158,PayPal
2024-02-03,Tablet,Electronics,East,499.99,1,C1811,Cash
2024-02-03,Laptop,Electronics,West,1169.99,1,C2270,Cash
2024-02-03,Laptop,Electronics,West,2339.98,2,C1712,Cash
2024-02-03,LED Desk Lamp,Office Supplies,East,45.99,1,C1188,PayPal
2024-02-03,Notebook,Office Supplies,East,9.99,1,C1495,Credit Card
2024-02-03,Ergonomic Chair,Office Supplies,South,1999.92,8,C2256,Credit Card
2024-02-03,Headphones,Electronics,South,319.98,2,C2313,Credit Card
2024-02-03,Notebook,Office Supplies,North,9.99,1,C2061,Debit Card
2024-02-03,Power Bank,Accessories,West,79.98,2,C2178,Credit Card
2024-02-03,Desk Organizer,Office Supplies,North,29.99,1,C1467,Debit Card
2024-02-03,Keyboard,Accessories,East,79.99,1,C2292,Cash
2024-02-03,Desk Organizer,Office Supplies,East,59.98,2,C2120,Credit Card
2024-02-03,Notebook,Office Supplies,West,9.99,1,C1648,Cash
2024-02-03,Ergonomic Chair,Office Supplies,South,249.99,1,C2084,Debit Card
2024-02-03,Headphones,Electronics,South,639.96,4,C1234,Credit Card
2024-02-03,Tablet,Electronics,South,899.98,2,C1354,Cash
2024-02-03,LED Desk Lamp,Office Supplies,North,91.98,2,C2089,Credit Card
2024-02-03,LED Desk Lamp,Office Supplies,North,45.99,1,C1849,PayPal
2024-02-03,LED Desk Lamp,Office Supplies,East,45.99,1,C1565,Cash
2024-02-03,Ergonomic Chair,Office Supplies,West,499.98,2,C1830,Debit Card
2024-02-04,Mousepad,Accessories,South,19.99,1,C1095,Credit Card
2024-02-04,Smartphone,Electronics,West,719.99,1,C1625,Debit Card
2024-02-04,Mouse,Accessories,South,24.99,1,C2113,Debit Card
2024-02-04,LED Desk Lamp,Office Supplies,West,459.9,10,C1233,Credit Card
2024-02-04,Ergonomic Chair,Office Supplies,West,999.96,4,C1730,PayPal
2024-02-04,USB Cable,Accessories,West,11.69,1,C1730,PayPal
2024-02-04,Monitor,Electronics,South,314.99,1,C1272,Debit Card
2024-02-04,Laptop,Electronics,East,5199.96,4,C1973,Cash
2024-02-04,Ergonomic Chair,Office Supplies,North,249.99,1,C1113,PayPal
2024-02-04,Desk Organizer,Office Supplies,South,119.96,4,C1072,Debit Card
2024-02-04,Laptop,Electronics,East,1299.99,1,C1263,PayPal
2024-02-04,Power Bank,Accessories,South,37.99,1,C1969,Cash
2024-02-04,USB Cable,Accessories,East,64.95,5,C1161,PayPal
2024-02-04,Notebook,Office Supplies,North,49.95,5,C1756,Debit Card
2024-02-04,Notebook,Office Supplies,West,29.97,3,C1022,Cash
2024-02-04,Ergonomic Chair,Office Supplies,West,249.99,1,C1363,Credit Card
2024-02-04,Mouse,Accessories,East,74.97,3,C1856,Cash
2024-02-04,Tablet,Electronics,East,499.99,1,C2395,Cash
2024-02-04,Tablet,Electronics,South,474.99,1,C1693,Debit Card
2024-02-04,Mousepad,Accessories,North,39.98,2,C2481,Credit Card
2024-02-04,LED Desk Lamp,Office Supplies,South,137.97,3,C1674,PayPal
2024-02-04,Monitor,Electronics,East,1399.96,4,C1705,Credit Card
2024-02-04,Power Bank,Accessories,East,119.97,3,C1116,Debit Card
2024-02-04,USB Cable,Accessories,North,12.99,1,C1250,PayPal
2024-02-04,Mouse,Accessories,West,23.74,1,C2032,Credit Card
2024-02-04,Monitor,Electronics,North,699.98,2,C1899,PayPal
2024-02-04,Tablet,Electronics,North,999.98,2,C2458,PayPal
2024-02-04,LED Desk Lamp,Office Supplies,South,45.99,1,C1722,Cash
2024-02-04,Smartphone,Electronics,North,3999.95,5,C2194,Cash
2024-02-04,Keyboard,Accessories,South,143.98,2,C1028,Debit Card
2024-02-04,Desk Organizer,Office Supplies,East,26.99,1,C1364,Cash
2024-02-04,Webcam,Electronics,North,161.98,2,C1744,Debit Card
2024-02-04,Keyboard,Accessories,East,79.99,1,C1396,Cash
2024-02-04,Laptop,Electronics,South,6499.95,5,C2081,Credit Card
2024-02-04,Tablet,Electronics,West,1499.97,3,C1034,Credit Card
2024-02-04,Power Bank,Accessories,East,39.99,1,C2013,PayPal
2024-02-05,LED Desk Lamp,Office Supplies,East,91.98,2,C1807,Cash
2024-02-05,Mouse,Accessories,South,24.99,1,C1082,Credit Card
2024-02-05,USB Cable,Accessories,West,49.36,4,C2013,Cash
2024-02-05,Laptop,Electronics,East,1299.99,1,C1264,Credit Card
2024-02-05,Ergonomic Chair,Office Supplies,South,249.99,1,C2195,Credit Card
2024-02-05,Laptop,Electronics,East,1299.99,1,C1960,Cash
2024-02-05,LED Desk Lamp,Office Supplies,East,45.99,1,C1101,Credit Card
2024-02-05,Laptop,Electronics,West,1299.99,1,C1206,PayPal
2024-02-05,Monitor,Electronics,North,349.99,1,C2079,Cash
2024-02-05,Webcam,Electronics,North,89.99,1,C1279,PayPal
2024-02-05,Notebook,Office Supplies,North,49.95,5,C2298,Credit Card
2024-02-05,Desk Organizer,Office Supplies,West,28.49,1,C1684,PayPal
2024-02-05,Desk Organizer,Office Supplies,South,239.92,8,C2121,PayPal
2024-02-05,Ergonomic Chair,Office Supplies,North,749.97,3,C1217,Cash
2024-02-05,Keyboard,Accessories,South,71.99,1,C2261,PayPal
2024-02-05,Power Bank,Accessories,East,199.95,5,C1548,Credit Card
2024-02-05,Power Bank,Accessories,East,37.99,1,C1444,Credit Card
2024-02-05,Laptop,Electronics,East,2599.98,2,C1901,Cash
2024-02-05,Headphones,Electronics,East,431.97,3,C1493,Debit Card
2024-02-05,Mouse,Accessories,South,24.99,1,C2091,Debit Card
2024-02-05,Laptop,Electronics,South,6174.95,5,C1188,PayPal
2024-02-05,Smartphone,Electronics,South,2399.97,3,C2364,Debit Card
2024-02-05,Desk Organizer,Office Supplies,West,29.99,1,C2110,Debit Card
2024-02-05,LED Desk Lamp,Office Supplies,North,91.98,2,C2037,Debit Card
2024-02-05,Laptop,Electronics,South,1169.99,1,C1382,Credit Card
2024-02-05,Desk Organizer,Office Supplies,South,29.99,1,C2490,PayPal
2024-02-05,Notebook,Office Supplies,South,9.99,1,C1636,Credit Card
2024-02-05,Monitor,Electronics,West,332.49,1,C1708,Credit Card
2024-02-05,LED Desk Lamp,Office Supplies,South,174.76,4,C1984,Credit Card
2024-02-05,Webcam,Electronics,South,80.99,1,C2126,Debit Card
2024-02-06,Mouse,Accessories,West,47.48,2,C1798,Credit Card
2024-02-06,USB Cable,Accessories,North,25.98,2,C1590,Credit Card
2024-02-06,Keyboard,Accessories,North,79.99,1,C1863,Debit Card
2024-02-06,Tablet,Electronics,North,1999.96,4,C2170,PayPal
2024-02-06,Mouse,Accessories,West,44.98,2,C1466,Cash
2024-02-06,Monitor,Electronics,East,349.99,1,C2338,Debit Card
2024-02-06,Smartphone,Electronics,East,1519.98,2,C1661,Debit Card
2024-02-06,Mouse,Accessories,South,71.22,3,C1303,Debit Card
2024-02-06,Notebook,Office Supplies,South,19.98,2,C2348,Cash
2024-02-06,USB Cable,Accessories,East,12.99,1,C1354,Credit Card
2024-02-06,Mouse,Accessories,South,44.98,2,C1521,Debit Card
2024-02-06,Monitor,Electronics,North,332.49,1,C1051,PayPal
2024-02-06,Smartphone,Electronics,South,719.99,1,C1966,Credit Card
2024-02-06,Power Bank,Accessories,East,39.99,1,C1062,PayPal
2024-02-06,LED Desk Lamp,Office Supplies,North,41.39,1,C1307,Debit Card
2024-02-06,Headphones,Electronics,South,143.99,1,C2418,PayPal
2024-02-06,Ergonomic Chair,Office Supplies,South,749.97,3,C1459,Debit Card
2024-02-06,Laptop,Electronics,North,5199.96,4,C1335,Cash
2024-02-06,Desk Organizer,Office Supplies,East,89.97,3,C1785,Credit Card
2024-02-06,Keyboard,Accessories,North,239.97,3,C1214,PayPal
2024-02-06,Ergonomic Chair,Office Supplies,East,1124.96,5,C1782,Debit Card
2024-02-06,USB Cable,Accessories,West,11.69,1,C2442,Debit Card
2024-02-06,Tablet,Electronics,North,4999.9,10,C2311,Debit Card
2024-02-06,LED Desk Lamp,Office Supplies,North,43.69,1,C1492,Cash
2024-02-06,Laptop,Electronics,North,3899.97,3,C2410,PayPal
2024-02-06,Mousepad,Accessories,South,79.96,4,C1255,Debit Card
2024-02-06,LED Desk Lamp,Office Supplies,West,45.99,1,C1415,Credit Card
2024-02-07,Headphones,Electronics,North,159.99,1,C1096,Debit Card
2024-02-07,USB Cable,Accessories,East,25.98,2,C1892,Cash
2024-02-07,Mouse,Accessories,North,24.99,1,C1330,Credit Card
2024-02-07,Notebook,Office Supplies,North,9.99,1,C2306,PayPal
2024-02-07,Desk Organizer,Office Supplies,West,29.99,1,C2159,PayPal
2024-02-07,Monitor,Electronics,West,664.98,2,C2391,Credit Card
2024-02-07,Headphones,Electronics,East,159.99,1,C1158,Credit Card
2024-02-07,Ergonomic Chair,Office Supplies,South,499.98,2,C1996,Cash
2024-02-07,Desk Organizer,Office Supplies,West,29.99,1,C1032,Credit Card
2024-02-07,Desk Organizer,Office Supplies,North,80.97,3,C2272,Cash
2024-02-07,LED Desk Lamp,Office Supplies,West,41.39,1,C2425,PayPal
2024-02-07,Notebook,Office Supplies,North,28.47,3,C2050,Debit Card
2024-02-07,Keyboard,Accessories,East,319.96,4,C1960,PayPal
2024-02-07,Notebook,Office Supplies,East,19.98,2,C1017,Credit Card
2024-02-07,LED Desk Lamp,Office Supplies,West,82.78,2,C1770,PayPal
2024-02-07,Notebook,Office Supplies,West,17.98,2,C1238,Cash
2024-02-07,Webcam,Electronics,East,179.98,2,C2385,Cash
2024-02-07,LED Desk Lamp,Office Supplies,North,45.99,1,C2239,PayPal
2024-02-07,Power Bank,Accessories,North,39.99,1,C1280,PayPal
2024-02-07,Smartphone,Electronics,East,799.99,1,C1044,Cash
2024-02-07,Tablet,Electronics,South,1499.97,3,C2271,Cash
2024-02-07,Mousepad,Accessories,East,37.98,2,C1786,Credit Card
2024-02-07,Tablet,Electronics,South,499.99,1,C1621,Credit Card
2024-02-07,Ergonomic Chair,Office Supplies,East,499.98,2,C1351,PayPal
2024-02-07,Monitor,Electronics,South,699.98,2,C1138,Credit Card
2024-02-07,Notebook,Office Supplies,South,19.98,2,C2348,Cash
2024-02-07,Mouse,Accessories,North,99.96,4,C2093,Credit Card
2024-02-07,Headphones,Electronics,West,607.96,4,C1164,PayPal
2024-02-07,Power Bank,Accessories,South,159.96,4,C1613,PayPal
2024-02-07,Keyboard,Accessories,West,71.99,1,C2121,Credit Card
2024-02-07,LED Desk Lamp,Office Supplies,East,43.69,1,C2333,Debit Card
2024-02-07,Headphones,Electronics,West,319.98,2,C2115,Debit Card
2024-02-07,Desk Organizer,Office Supplies,West,59.98,2,C1829,Credit Card
2024-02-07,Desk Organizer,Office Supplies,East,59.98,2,C2217,Credit Card
2024-02-08,Notebook,Office Supplies,East,26.97,3,C2219,Credit Card
2024-02-08,Ergonomic Chair,Office Supplies,South,499.98,2,C1370,Cash
2024-02-08,Mousepad,Accessories,North,19.99,1,C1174,PayPal
2024-02-08,USB Cable,Accessories,North,25.98,2,C1555,Cash
2024-02-08,Mousepad,Accessories,South,39.98,2,C2015,Cash
2024-02-08,Desk Organizer,Office Supplies,West,119.96,4,C2205,Debit Card
2024-02-08,Desk Organizer,Office Supplies,East,29.99,1,C1778,Cash
2024-02-08,Keyboard,Accessories,North,159.98,2,C1338,Cash
2024-02-08,Notebook,Office Supplies,North,19.98,2,C1222,PayPal
2024-02-08,Laptop,Electronics,East,6499.95,5,C1024,Debit Card
2024-02-08,Mouse,Accessories,South,23.74,1,C1339,Debit Card
2024-02-08,Notebook,Office Supplies,West,8.99,1,C1869,PayPal
2024-02-08,Mouse,Accessories,North,24.99,1,C2055,Debit Card
2024-02-08,LED Desk Lamp,Office Supplies,South,183.96,4,C2070,Debit Card
2024-02-08,Ergonomic Chair,Office Supplies,North,249.99,1,C2000,PayPal
2024-02-08,Mousepad,Accessories,North,17.99,1,C1697,PayPal
2024-02-08,Webcam,Electronics,East,161.98,2,C1562,PayPal
2024-02-08,Mouse,Accessories,West,44.98,2,C1995,Credit Card
2024-02-08,USB Cable,Accessories,South,38.97,3,C2413,Debit Card
2024-02-08,USB Cable,Accessories,East,11.69,1,C1584,Debit Card
2024-02-08,Notebook,Office Supplies,North,19.98,2,C2483,Credit Card
2024-02-08,Desk Organizer,Office Supplies,East,26.99,1,C2119,Credit Card
2024-02-08,Desk Organizer,Office Supplies,West,28.49,1,C2175,Debit Card
2024-02-08,Mousepad,Accessories,South,39.98,2,C1781,Credit Card
2024-02-08,USB Cable,Accessories,East,25.98,2,C2331,Credit Card
2024-02-09,USB Cable,Accessories,South,38.97,3,C1465,PayPal
2024-02-09,Monitor,Electronics,East,349.99,1,C2416,Cash
2024-02-09,Desk Organizer,Office Supplies,North,26.99,1,C1174,Debit Card
2024-02-09,Keyboard,Accessories,West,79.99,1,C1338,Credit Card
2024-02-09,Desk Organizer,Office Supplies,South,29.99,1,C2282,PayPal
2024-02-09,Keyboard,Accessories,North,79.99,1,C2231,Credit Card
2024-02-09,Notebook,Office Supplies,East,28.47,3,C1019,PayPal
2024-02-09,Headphones,Electronics,East,151.99,1,C1861,Debit Card
2024-02-09,Power Bank,Accessories,South,319.92,8,C1712,Cash
2024-02-09,USB Cable,Accessories,East,25.98,2,C1679,Cash
2024-02-09,Desk Organizer,Office Supplies,South,119.96,4,C1335,Credit Card
2024-02-09,Tablet,Electronics,West,899.98,2,C2081,Credit Card
2024-02-09,Desk Organizer,Office Supplies,South,26.99,1,C1433,Debit Card
2024-02-09,Headphones,Electronics,West,479.97,3,C2304,Credit Card
2024-02-09,Smartphone,Electronics,East,2399.97,3,C2023,Cash
2024-02-09,Monitor,Electronics,South,332.49,1,C2478,Credit Card
2024-02-09,Ergonomic Chair,Office Supplies,South,749.97,3,C1196,Debit Card
2024-02-09,LED Desk Lamp,Office Supplies,West,45.99,1,C2005,Debit Card
2024-02-09,Laptop,Electronics,North,5849.95,5,C1554,PayPal
2024-02-09,Keyboard,Accessories,South,79.99,1,C1602,Cash
2024-02-09,LED Desk Lamp,Office Supplies,North,91.98,2,C2007,Debit Card
2024-02-09,Keyboard,Accessories,North,159.98,2,C1370,Credit Card
2024-02-09,Headphones,Electronics,East,159.99,1,C1340,Credit Card
2024-02-09,Laptop,Electronics,West,3899.97,3,C2463,Debit Card
2024-02-09,Webcam,Electronics,South,179.98,2,C1221,PayPal
2024-02-09,Desk Organizer,Office Supplies,East,29.99,1,C1330,Credit Card
2024-02-09,Keyboard,Accessories,West,227.97,3,C1310,PayPal
2024-02-09,LED Desk Lamp,Office Supplies,West,91.98,2,C1020,Credit Card
2024-02-09,Power Bank,Accessories,South,39.99,1,C2061,Debit Card
2024-02-09,LED Desk Lamp,Office Supplies,North,87.38,2,C2492,Cash
2024-02-09,Notebook,Office Supplies,West,9.99,1,C1085,Cash
2024-02-09,Ergonomic Chair,Office Supplies,North,499.98,2,C1969,Credit Card
2024-02-09,LED Desk Lamp,Office Supplies,North,45.99,1,C1150,Credit Card
2024-02-09,Tablet,Electronics,West,449.99,1,C1009,Credit Card
2024-02-09,Headphones,Electronics,East,159.99,1,C1543,Debit Card
2024-02-10,Desk Organizer,Office Supplies,North,26.99,1,C1644,PayPal
2024-02-10,Power Bank,Accessories,West,107.97,3,C1666,Debit Card
2024-02-10,Notebook,Office Supplies,North,9.99,1,C2180,Credit Card
2024-02-10,Keyboard,Accessories,West,75.99,1,C2498,Debit Card
2024-02-10,Power Bank,Accessories,West,39.99,1,C1866,Cash
2024-02-10,Ergonomic Chair,Office Supplies,South,237.49,1,C1050,Debit Card
2024-02-10,Keyboard,Accessories,East,79.99,1,C2259,Credit Card
2024-02-10,Desk Organizer,Office Supplies,North,28.49,1,C1865,PayPal
2024-02-10,Notebook,Office Supplies,South,37.96,4,C2326,Cash
2024-02-10,Notebook,Office Supplies,West,9.99,1,C1893,Debit Card
2024-02-10,Desk Organizer,Office Supplies,West,53.98,2,C1730,Cash
2024-02-10,Ergonomic Chair,Office Supplies,East,499.98,2,C1631,PayPal
2024-02-10,LED Desk Lamp,Office Supplies,North,331.13,8,C1653,Debit Card
2024-02-10,Desk Organizer,Office Supplies,North,29.99,1,C2132,Debit Card
2024-02-10,Notebook,Office Supplies,West,9.49,1,C1294,Cash
2024-02-10,Notebook,Office Supplies,West,9.99,1,C1467,PayPal
2024-02-10,Webcam,Electronics,East,89.99,1,C2417,Cash
2024-02-10,Power Bank,Accessories,South,37.99,1,C2494,Credit Card
2024-02-10,Mousepad,Accessories,East,17.99,1,C1947,Cash
2024-02-10,Headphones,Electronics,North,159.99,1,C2436,Debit Card
2024-02-10,Headphones,Electronics,North,639.96,4,C1852,Cash
2024-02-10,Mouse,Accessories,South,24.99,1,C1355,PayPal
2024-02-10,Laptop,Electronics,East,2599.98,2,C1725,Debit Card
2024-02-10,Webcam,Electronics,North,89.99,1,C1515,Cash
2024-02-10,Ergonomic Chair,Office Supplies,North,224.99,1,C1012,Cash
2024-02-10,Mousepad,Accessories,East,18.99,1,C2062,Debit Card
2024-02-10,Webcam,Electronics,South,269.97,3,C2490,Cash
2024-02-10,Ergonomic Chair,Office Supplies,West,499.98,2,C1383,Credit Card
2024-02-10,Power Bank,Accessories,South,79.98,2,C1027,Cash
2024-02-10,Power Bank,Accessories,South,79.98,2,C2457,PayPal
2024-02-10,Desk Organizer,Office Supplies,East,80.97,3,C1270,Debit Card
2024-02-11,USB Cable,Accessories,North,12.99,1,C1128,Cash
2024-02-11,Desk Organizer,Office Supplies,North,53.98,2,C2472,Credit Card
2024-02-11,Notebook,Office Supplies,North,19.98,2,C1905,Cash
2024-02-11,Tablet,Electronics,North,999.98,2,C1741,Debit Card
2024-02-11,Mousepad,Accessories,West,99.95,5,C1458,Credit Card
2024-02-11,Smartphone,Electronics,West,3199.96,4,C1639,Cash
2024-02-11,LED Desk Lamp,Office Supplies,North,87.38,2,C1047,Cash
2024-02-11,Power Bank,Accessories,South,35.99,1,C1535,PayPal
2024-02-11,Power Bank,Accessories,East,319.92,8,C1491,Cash
2024-02-11,LED Desk Lamp,Office Supplies,East,45.99,1,C1804,PayPal
2024-02-11,Ergonomic Chair,Office Supplies,North,224.99,1,C2217,Debit Card
2024-02-11,Desk Organizer,Office Supplies,South,56.98,2,C1036,Credit Card
2024-02-11,Mousepad,Accessories,North,59.97,3,C1112,Cash
2024-02-11,LED Desk Lamp,Office Supplies,East,165.56,4,C1114,Cash
2024-02-11,Mouse,Accessories,South,22.49,1,C1152,Credit Card
2024-02-11,Headphones,Electronics,West,143.99,1,C1855,PayPal
2024-02-11,Tablet,Electronics,North,1499.97,3,C1404,PayPal
2024-02-11,Notebook,Office Supplies,South,79.92,8,C1153,PayPal
2024-02-11,Tablet,Electronics,North,449.99,1,C2224,Credit Card
2024-02-11,USB Cable,Accessories,East,38.97,3,C1915,PayPal
2024-02-11,LED Desk Lamp,Office Supplies,West,45.99,1,C2458,Cash
2024-02-11,Ergonomic Chair,Office Supplies,South,499.98,2,C1535,Cash
2024-02-11,Power Bank,Accessories,West,37.99,1,C1928,Credit Card
2024-02-11,Monitor,Electronics,West,1049.97,3,C1466,Debit Card
2024-02-11,USB Cable,Accessories,West,38.97,3,C2192,Debit Card
2024-02-11,Monitor,Electronics,East,1049.97,3,C1211,Debit Card
2024-02-12,LED Desk Lamp,Office Supplies,North,43.69,1,C2118,Debit Card
2024-02-12,Mousepad,Accessories,North,18.99,1,C2288,Credit Card
2024-02-12,Monitor,Electronics,West,349.99,1,C2276,PayPal
2024-02-12,USB Cable,Accessories,East,12.99,1,C1639,Debit Card
2024-02-12,Desk Organizer,Office Supplies,West,29.99,1,C2015,PayPal
2024-02-12,Smartphone,Electronics,West,799.99,1,C1724,Debit Card
2024-02-12,Monitor,Electronics,West,332.49,1,C1049,PayPal
2024-02-12,USB Cable,Accessories,South,116.91,10,C1151,Cash
2024-02-12,Mousepad,Accessories,West,19.99,1,C2332,PayPal
2024-02-12,Webcam,Electronics,North,427.45,5,C2159,PayPal
2024-02-12,Laptop,Electronics,East,2599.98,2,C1321,Credit Card
2024-02-12,Keyboard,Accessories,West,79.99,1,C2130,Debit Card
2024-02-12,Monitor,Electronics,South,1049.97,3,C1696,Credit Card
2024-02-12,LED Desk Lamp,Office Supplies,West,91.98,2,C1991,Credit Card
2024-02-12,Power Bank,Accessories,North,39.99,1,C1942,PayPal
2024-02-12,Keyboard,Accessories,East,71.99,1,C1243,Cash
2024-02-12,Headphones,Electronics,North,455.97,3,C2305,Debit Card
2024-02-12,Mouse,Accessories,West,24.99,1,C1912,Debit Card
2024-02-12,Tablet,Electronics,South,474.99,1,C1153,PayPal
2024-02-12,Power Bank,Accessories,South,75.98,2,C2018,Debit Card
2024-02-12,LED Desk Lamp,Office Supplies,East,41.39,1,C1081,Credit Card
2024-02-12,Mouse,Accessories,North,44.98,2,C2264,Debit Card
2024-02-13,Notebook,Office Supplies,West,47.45,5,C1364,Credit Card
2024-02-13,Headphones,Electronics,South,639.96,4,C2407,PayPal
2024-02-13,Mouse,Accessories,South,23.74,1,C1126,Debit Card
2024-02-13,Webcam,Electronics,North,80.99,1,C1491,PayPal
2024-02-13,Desk Organizer,Office Supplies,North,89.97,3,C1756,PayPal
2024-02-13,Headphones,Electronics,North,143.99,1,C1873,PayPal
2024-02-13,Webcam,Electronics,East,89.99,1,C2243,Credit Card
2024-02-13,Tablet,Electronics,East,499.99,1,C1080,Debit Card
2024-02-13,Smartphone,Electronics,North,3199.96,4,C1888,PayPal
2024-02-13,USB Cable,Accessories,North,12.99,1,C2488,PayPal
2024-02-13,Ergonomic Chair,Office Supplies,West,474.98,2,C1354,Debit Card
2024-02-13,Mouse,Accessories,East,22.49,1,C2200,PayPal
2024-02-13,Tablet,Electronics,East,474.99,1,C2066,Debit Card
2024-02-13,Power Bank,Accessories,East,71.98,2,C1519,Credit Card
2024-02-13,Ergonomic Chair,Office Supplies,West,1999.92,8,C1466,Credit Card
2024-02-13,Notebook,Office Supplies,South,44.96,5,C2315,PayPal
2024-02-13,Mouse,Accessories,West,74.97,3,C1968,Cash
2024-02-13,Mousepad,Accessories,West,39.98,2,C1895,Credit Card
2024-02-13,Ergonomic Chair,Office Supplies,East,499.98,2,C1574,Debit Card
2024-02-13,Ergonomic Chair,Office Supplies,South,449.98,2,C1549,PayPal
2024-02-14,Tablet,Electronics,North,474.99,1,C2320,Cash
2024-02-14,USB Cable,Accessories,West,12.34,1,C2263,PayPal
2024-02-14,Tablet,Electronics,South,499.99,1,C1246,Debit Card
2024-02-14,Desk Organizer,Office Supplies,South,89.97,3,C2475,PayPal
2024-02-14,Mouse,Accessories,West,44.98,2,C1634,PayPal
2024-02-14,Power Bank,Accessories,South,39.99,1,C1225,PayPal
2024-02-14,Notebook,Office Supplies,East,9.49,1,C2015,Credit Card
2024-02-14,Smartphone,Electronics,West,799.99,1,C1513,Cash
2024-02-14,Headphones,Electronics,West,159.99,1,C1089,PayPal
2024-02-14,Desk Organizer,Office Supplies,West,80.97,3,C1860,Credit Card
2024-02-14,Mousepad,Accessories,South,17.99,1,C1034,Cash
2024-02-14,LED Desk Lamp,Office Supplies,North,45.99,1,C2155,Debit Card
2024-02-14,Laptop,Electronics,South,1234.99,1,C2163,Cash
2024-02-14,Monitor,Electronics,East,349.99,1,C1370,Debit Card
2024-02-14,Power Bank,Accessories,North,35.99,1,C1681,Debit Card
2024-02-14,Keyboard,Accessories,North,159.98,2,C1696,PayPal
2024-02-14,Webcam,Electronics,West,89.99,1,C1507,PayPal
2024-02-15,Desk Organizer,Office Supplies,East,28.49,1,C2316,Debit Card
2024-02-15,USB Cable,Accessories,East,12.34,1,C1622,Credit Card
2024-02-15,Desk Organizer,Office Supplies,North,29.99,1,C2410,Debit Card
2024-02-15,Keyboard,Accessories,East,359.95,5,C2263,Debit Card
2024-02-15,Headphones,Electronics,East,159.99,1,C1787,Debit Card
2024-02-15,Mousepad,Accessories,South,19.99,1,C2469,Cash
2024-02-15,Desk Organizer,Office Supplies,West,29.99,1,C2103,Credit Card
2024-02-15,Tablet,Electronics,East,2499.95,5,C1706,Credit Card
2024-02-15,USB Cable,Accessories,South,46.76,4,C1679,Credit Card
2024-02-15,Tablet,Electronics,North,499.99,1,C2096,Cash
2024-02-15,Monitor,Electronics,South,349.99,1,C1584,PayPal
2024-02-15,Power Bank,Accessories,East,35.99,1,C2041,PayPal
2024-02-15,Smartphone,Electronics,West,3599.95,5,C1009,Cash
2024-02-15,USB Cable,Accessories,South,12.99,1,C1208,Credit Card
2024-02-15,Monitor,Electronics,East,332.49,1,C1278,Cash
2024-02-15,Power Bank,Accessories,North,37.99,1,C2369,PayPal
2024-02-15,Keyboard,Accessories,North,79.99,1,C1892,Cash
2024-02-15,Power Bank,Accessories,East,39.99,1,C1176,PayPal
2024-02-15,Desk Organizer,Office Supplies,North,28.49,1,C2429,Credit Card
2024-02-15,Ergonomic Chair,Office Supplies,South,237.49,1,C1778,Debit Card
2024-02-15,Ergonomic Chair,Office Supplies,West,1124.96,5,C1718,Credit Card
2024-02-15,Keyboard,Accessories,North,319.96,4,C1596,Credit Card
2024-02-15,Notebook,Office Supplies,West,29.97,3,C1128,Debit Card
2024-02-15,Ergonomic Chair,Office Supplies,South,499.98,2,C2187,Cash
2024-02-15,Keyboard,Accessories,South,239.97,3,C1711,Credit Card
2024-02-15,Mousepad,Accessories,East,39.98,2,C1774,Credit Card
2024-02-15,Mouse,Accessories,North,74.97,3,C1298,Cash
2024-02-15,LED Desk Lamp,Office Supplies,West,41.39,1,C1977,Debit Card
2024-02-15,Headphones,Electronics,North,799.95,5,C1921,PayPal
2024-02-15,Tablet,Electronics,East,1499.97,3,C2049,Debit Card
2024-02-15,Mouse,Accessories,South,24.99,1,C2074,Credit Card
2024-02-15,Notebook,Office Supplies,North,29.97,3,C2230,PayPal
2024-02-15,Laptop,Electronics,South,3899.97,3,C2414,PayPal
2024-02-15,LED Desk Lamp,Office Supplies,West,45.99,1,C1695,Credit Card
2024-02-16,Desk Organizer,Office Supplies,East,89.97,3,C1972,Cash
2024-02-16,Monitor,Electronics,South,1259.96,4,C1589,PayPal
2024-02-16,Smartphone,Electronics,North,759.99,1,C1725,Cash
2024-02-16,LED Desk Lamp,Office Supplies,East,45.99,1,C2092,Debit Card
2024-02-16,Smartphone,Electronics,West,1439.98,2,C2073,Cash
2024-02-16,Power Bank,Accessories,North,37.99,1,C1879,Cash
2024-02-16,Laptop,Electronics,South,2599.98,2,C2222,Credit Card
2024-02-16,Webcam,Electronics,South,256.47,3,C1899,Debit Card
2024-02-16,Desk Organizer,Office Supplies,North,149.95,5,C1015,PayPal
2024-02-16,Headphones,Electronics,South,143.99,1,C1793,Debit Card
2024-02-16,LED Desk Lamp,Office Supplies,West,91.98,2,C1219,Cash
2024-02-16,Desk Organizer,Office Supplies,South,59.98,2,C1011,Cash
2024-02-16,Laptop,Electronics,South,1234.99,1,C1524,Credit Card
2024-02-16,Desk Organizer,Office Supplies,South,26.99,1,C1663,Credit Card
2024-02-16,Desk Organizer,Office Supplies,South,26.99,1,C2074,Cash
2024-02-16,Smartphone,Electronics,South,6399.92,8,C1296,Debit Card
2024-02-16,Smartphone,Electronics,South,799.99,1,C1265,Credit Card
2024-02-16,Mousepad,Accessories,South,39.98,2,C2103,PayPal
2024-02-16,Mousepad,Accessories,West,94.95,5,C2195,Debit Card
2024-02-16,Keyboard,Accessories,South,79.99,1,C2126,Credit Card
2024-02-16,Webcam,Electronics,North,179.98,2,C1867,Cash
2024-02-16,Desk Organizer,Office Supplies,South,59.98,2,C1883,Debit Card
2024-02-16,Desk Organizer,Office Supplies,North,113.96,4,C2071,Debit Card
2024-02-16,Mouse,Accessories,South,23.74,1,C1755,Cash
2024-02-16,Monitor,Electronics,West,314.99,1,C2390,Debit Card
2024-02-17,Ergonomic Chair,Office Supplies,East,237.49,1,C1107,Cash
2024-02-17,Notebook,Office Supplies,South,8.99,1,C2367,Credit Card
2024-02-17,Notebook,Office Supplies,East,29.97,3,C1064,PayPal
2024-02-17,Notebook,Office Supplies,East,9.99,1,C1928,PayPal
2024-02-17,Mouse,Accessories,North,124.95,5,C1851,Cash
2024-02-17,USB Cable,Accessories,East,12.99,1,C1859,Cash
2024-02-17,Mousepad,Accessories,West,19.99,1,C2196,Debit Card
2024-02-17,USB Cable,Accessories,South,12.99,1,C1935,Debit Card
2024-02-17,Keyboard,Accessories,North,71.99,1,C2255,Credit Card
2024-02-17,Smartphone,Electronics,South,1439.98,2,C2273,PayPal
2024-02-17,Monitor,Electronics,West,699.98,2,C1939,Credit Card
2024-02-17,Tablet,Electronics,West,499.99,1,C1585,Debit Card
2024-02-17,Laptop,Electronics,West,5199.96,4,C1178,Credit Card
2024-02-17,Notebook,Office Supplies,West,9.99,1,C1636,Debit Card
2024-02-17,Mouse,Accessories,South,99.96,4,C1654,PayPal
2024-02-17,Desk Organizer,Office Supplies,East,59.98,2,C1850,Debit Card
2024-02-17,Headphones,Electronics,North,287.98,2,C1088,Cash
2024-02-17,LED Desk Lamp,Office Supplies,West,82.78,2,C2062,PayPal
2024-02-17,LED Desk Lamp,Office Supplies,West,41.39,1,C2156,Debit Card
2024-02-17,USB Cable,Accessories,South,12.34,1,C1492,Cash
2024-02-17,LED Desk Lamp,Office Supplies,South,91.98,2,C2268,Credit Card
2024-02-17,LED Desk Lamp,Office Supplies,East,137.97,3,C1846,Debit Card
2024-02-17,Mouse,Accessories,West,49.98,2,C1338,PayPal
2024-02-17,Laptop,Electronics,North,1299.99,1,C2101,Debit Card
2024-02-17,Keyboard,Accessories,North,159.98,2,C1027,Cash
2024-02-17,Monitor,Electronics,North,1049.97,3,C1787,Cash
2024-02-17,Mouse,Accessories,East,74.97,3,C1542,Credit Card
2024-02-17,Mousepad,Accessories,South,19.99,1,C2109,PayPal
2024-02-18,Tablet,Electronics,West,899.98,2,C1572,PayPal
2024-02-18,Notebook,Office Supplies,North,35.96,4,C1961,Debit Card
2024-02-18,Tablet,Electronics,South,449.99,1,C1286,Credit Card
2024-02-18,Mouse,Accessories,North,24.99,1,C2020,PayPal
2024-02-18,Notebook,Office Supplies,West,26.97,3,C1527,Debit Card
2024-02-18,Power Bank,Accessories,East,71.98,2,C2396,Debit Card
2024-02-18,Webcam,Electronics,South,89.99,1,C1984,Credit Card
2024-02-18,LED Desk Lamp,Office Supplies,West,41.39,1,C2100,Cash
2024-02-18,Notebook,Office Supplies,North,9.49,1,C1525,Debit Card
2024-02-18,Monitor,Electronics,East,349.99,1,C1579,Debit Card
2024-02-18,Headphones,Electronics,East,159.99,1,C1752,PayPal
2024-02-18,LED Desk Lamp,Office Supplies,South,137.97,3,C1663,Cash
2024-02-18,Webcam,Electronics,South,269.97,3,C2466,Cash
2024-02-18,Notebook,Office Supplies,West,29.97,3,C2192,PayPal
2024-02-18,Keyboard,Accessories,South,239.97,3,C2002,Credit Card
2024-02-18,Notebook,Office Supplies,East,19.98,2,C2340,Credit Card
2024-02-18,Notebook,Office Supplies,East,9.99,1,C2134,PayPal
2024-02-18,Ergonomic Chair,Office Supplies,West,237.49,1,C2011,PayPal
2024-02-18,LED Desk Lamp,Office Supplies,North,41.39,1,C1069,Cash
2024-02-18,Webcam,Electronics,South,89.99,1,C1834,Debit Card
2024-02-19,LED Desk Lamp,Office Supplies,East,45.99,1,C2494,Credit Card
2024-02-19,Headphones,Electronics,East,479.97,3,C1252,Cash
2024-02-19,Power Bank,Accessories,North,35.99,1,C1778,Debit Card
2024-02-19,Notebook,Office Supplies,South,18.98,2,C1387,Debit Card
2024-02-19,Keyboard,Accessories,North,79.99,1,C1590,Credit Card
2024-02-19,Desk Organizer,Office Supplies,East,89.97,3,C2180,Cash
2024-02-19,Keyboard,Accessories,West,303.96,4,C1886,Cash
2024-02-19,USB Cable,Accessories,East,12.99,1,C2290,Credit Card
2024-02-19,Monitor,Electronics,North,332.49,1,C1052,Cash
2024-02-19,Power Bank,Accessories,South,79.98,2,C1774,Cash
2024-02-19,Keyboard,Accessories,East,159.98,2,C1230,Credit Card
2024-02-19,Keyboard,Accessories,East,159.98,2,C1375,Debit Card
2024-02-19,Webcam,Electronics,East,170.98,2,C1371,Credit Card
2024-02-19,Monitor,Electronics,East,629.98,2,C2022,Credit Card
2024-02-19,Power Bank,Accessories,South,75.98,2,C1828,PayPal
2024-02-19,USB Cable,Accessories,North,38.97,3,C2027,Debit Card
2024-02-19,Smartphone,Electronics,South,759.99,1,C1473,Credit Card
2024-02-19,LED Desk Lamp,Office Supplies,North,43.69,1,C1997,Credit Card
2024-02-19,Mousepad,Accessories,East,17.99,1,C2359,PayPal
2024-02-19,Ergonomic Chair,Office Supplies,South,499.98,2,C2151,Debit Card
2024-02-19,Smartphone,Electronics,West,719.99,1,C1865,Credit Card
2024-02-19,Ergonomic Chair,Office Supplies,West,499.98,2,C2021,Cash
2024-02-19,Keyboard,Accessories,South,239.97,3,C1455,PayPal
2024-02-19,Keyboard,Accessories,East,79.99,1,C1261,Debit Card
2024-02-19,Webcam,Electronics,North,359.96,4,C1247,Debit Card
2024-02-19,Keyboard,Accessories,West,159.98,2,C2126,Debit Card
2024-02-19,Mousepad,Accessories,West,17.99,1,C1704,Debit Card
2024-02-19,Ergonomic Chair,Office Supplies,South,749.97,3,C2362,Debit Card
2024-02-19,Keyboard,Accessories,North,151.98,2,C1716,PayPal
2024-02-19,Headphones,Electronics,North,151.99,1,C1869,Debit Card
2024-02-19,LED Desk Lamp,Office Supplies,South,45.99,1,C1065,Debit Card
2024-02-19,Tablet,Electronics,North,499.99,1,C1545,Cash
2024-02-20,Ergonomic Chair,Office Supplies,East,249.99,1,C1389,Credit Card
2024-02-20,Smartphone,Electronics,West,2399.97,3,C1452,Credit Card
2024-02-20,Tablet,Electronics,West,499.99,1,C1380,Cash
2024-02-20,Mousepad,Accessories,North,19.99,1,C1976,Credit Card
2024-02-20,Mousepad,Accessories,West,39.98,2,C2016,Debit Card
2024-02-20,Headphones,Electronics,West,159.99,1,C1045,PayPal
2024-02-20,Webcam,Electronics,South,89.99,1,C1503,PayPal
2024-02-20,Ergonomic Chair,Office Supplies,South,999.96,4,C2325,Cash
2024-02-20,Tablet,Electronics,East,499.99,1,C1414,PayPal
2024-02-20,USB Cable,Accessories,East,11.69,1,C1663,Debit Card
2024-02-20,LED Desk Lamp,Office Supplies,South,41.39,1,C1306,Cash
2024-02-20,USB Cable,Accessories,South,12.99,1,C1997,Cash
2024-02-20,Mouse,Accessories,North,47.48,2,C1349,Debit Card
2024-02-20,Ergonomic Chair,Office Supplies,West,499.98,2,C2161,Debit Card
2024-02-20,Ergonomic Chair,Office Supplies,South,249.99,1,C1801,Debit Card
2024-02-20,Ergonomic Chair,Office Supplies,North,899.96,4,C1193,Debit Card
2024-02-20,Desk Organizer,Office Supplies,South,89.97,3,C1954,Credit Card
2024-02-20,Power Bank,Accessories,West,37.99,1,C1852,Credit Card
2024-02-20,Notebook,Office Supplies,East,9.49,1,C1474,Credit Card
2024-02-20,Ergonomic Chair,Office Supplies,North,712.47,3,C1112,Debit Card
2024-02-20,Notebook,Office Supplies,East,19.98,2,C1797,Cash
2024-02-20,Webcam,Electronics,East,179.98,2,C2432,Credit Card
2024-02-20,LED Desk Lamp,Office Supplies,South,43.69,1,C2163,PayPal
2024-02-20,Ergonomic Chair,Office Supplies,North,237.49,1,C1575,Cash
2024-02-20,Notebook,Office Supplies,East,26.97,3,C1403,Cash
2024-02-20,Laptop,Electronics,East,1299.99,1,C1651,Debit Card
2024-02-21,Mouse,Accessories,West,24.99,1,C2463,Cash
2024-02-21,Desk Organizer,Office Supplies,West,29.99,1,C2346,PayPal
2024-02-21,Headphones,Electronics,South,159.99,1,C1678,Credit Card
2024-02-21,Smartphone,Electronics,East,1599.98,2,C2250,Credit Card
2024-02-21,USB Cable,Accessories,North,23.38,2,C1877,PayPal
2024-02-21,Laptop,Electronics,South,6174.95,5,C1595,Credit Card
2024-02-21,Mousepad,Accessories,West,17.99,1,C1776,Cash
2024-02-21,Tablet,Electronics,North,499.99,1,C1784,Cash
2024-02-21,Monitor,Electronics,North,1749.95,5,C1913,PayPal
2024-02-21,Mouse,Accessories,East,24.99,1,C1173,Cash
2024-02-21,Webcam,Electronics,South,89.99,1,C1029,PayPal
2024-02-21,Notebook,Office Supplies,West,8.99,1,C1232,Cash
2024-02-21,Ergonomic Chair,Office Supplies,South,749.97,3,C2137,Credit Card
2024-02-21,USB Cable,Accessories,North,12.99,1,C1643,PayPal
2024-02-21,Tablet,Electronics,South,1999.96,4,C1001,Cash
2024-02-21,Smartphone,Electronics,South,719.99,1,C2313,Credit Card
2024-02-21,Smartphone,Electronics,South,1519.98,2,C1179,Credit Card
2024-02-21,Mouse,Accessories,West,23.74,1,C1840,PayPal
2024-02-21,Laptop,Electronics,West,3899.97,3,C1195,Credit Card
2024-02-21,Webcam,Electronics,East,179.98,2,C1671,Credit Card
2024-02-21,Tablet,Electronics,North,499.99,1,C1331,PayPal
2024-02-21,USB Cable,Accessories,South,12.99,1,C2376,Credit Card
2024-02-21,Webcam,Electronics,West,80.99,1,C1015,Credit Card
2024-02-21,Keyboard,Accessories,West,75.99,1,C1172,Credit Card
2024-02-21,LED Desk Lamp,Office Supplies,East,45.99,1,C1938,Credit Card
2024-02-22,Power Bank,Accessories,East,119.97,3,C1217,PayPal
2024-02-22,Mousepad,Accessories,South,59.97,3,C1619,PayPal
2024-02-22,Keyboard,Accessories,East,227.97,3,C1920,Credit Card
2024-02-22,USB Cable,Accessories,South,51.96,4,C1191,Debit Card
2024-02-22,Keyboard,Accessories,West,75.99,1,C1682,Credit Card
2024-02-22,Mousepad,Accessories,East,19.99,1,C1226,Cash
2024-02-22,Ergonomic Chair,Office Supplies,North,499.98,2,C2398,Cash
2024-02-22,Power Bank,Accessories,East,79.98,2,C1083,Debit Card
2024-02-22,Power Bank,Accessories,South,79.98,2,C1019,Cash
2024-02-22,Ergonomic Chair,Office Supplies,South,249.99,1,C1794,Debit Card
2024-02-22,Power Bank,Accessories,West,39.99,1,C2276,PayPal
2024-02-22,Mousepad,Accessories,East,17.99,1,C1611,Debit Card
2024-02-22,Tablet,Electronics,East,499.99,1,C1698,PayPal
2024-02-22,Power Bank,Accessories,West,71.98,2,C1522,Cash
2024-02-22,Monitor,Electronics,East,332.49,1,C1167,Cash
2024-02-22,Smartphone,Electronics,South,719.99,1,C1459,Debit Card
2024-02-22,USB Cable,Accessories,East,38.97,3,C1398,PayPal
2024-02-22,Laptop,Electronics,East,2339.98,2,C2078,Credit Card
2024-02-22,Headphones,Electronics,East,479.97,3,C1506,Debit Card
2024-02-22,Notebook,Office Supplies,West,9.99,1,C1618,PayPal
2024-02-22,Ergonomic Chair,Office Supplies,West,474.98,2,C1107,Credit Card
2024-02-22,Desk Organizer,Office Supplies,East,59.98,2,C1352,Debit Card
2024-02-22,Laptop,Electronics,East,1169.99,1,C2223,Debit Card
2024-02-22,Desk Organizer,Office Supplies,North,89.97,3,C1744,Debit Card
2024-02-22,Desk Organizer,Office Supplies,South,29.99,1,C1851,PayPal
2024-02-22,Mouse,Accessories,East,24.99,1,C2160,PayPal
2024-02-22,Mouse,Accessories,South,24.99,1,C1667,Debit Card
2024-02-22,Webcam,Electronics,East,269.97,3,C1897,PayPal
2024-02-22,LED Desk Lamp,Office Supplies,South,43.69,1,C1050,PayPal
2024-02-22,Mouse,Accessories,East,22.49,1,C2023,Credit Card
2024-02-22,Tablet,Electronics,North,949.98,2,C2174,PayPal
2024-02-22,LED Desk Lamp,Office Supplies,North,137.97,3,C1424,PayPal
2024-02-22,Laptop,Electronics,North,1169.99,1,C1563,Debit Card
2024-02-23,Keyboard,Accessories,East,239.97,3,C2329,Cash
2024-02-23,Monitor,Electronics,East,699.98,2,C1196,Debit Card
2024-02-23,Webcam,Electronics,South,179.98,2,C1672,Debit Card
2024-02-23,Headphones,Electronics,South,159.99,1,C1757,Credit Card
2024-02-23,Notebook,Office Supplies,West,9.99,1,C1801,Debit Card
2024-02-23,Desk Organizer,Office Supplies,North,29.99,1,C1591,PayPal
2024-02-23,Headphones,Electronics,South,639.96,4,C1690,Cash
2024-02-23,LED Desk Lamp,Office Supplies,South,43.69,1,C2417,Debit Card
2024-02-23,Power Bank,Accessories,North,37.99,1,C2148,Cash
2024-02-23,Tablet,Electronics,West,3999.92,8,C1176,Debit Card
2024-02-23,Webcam,Electronics,North,89.99,1,C1106,Credit Card
2024-02-23,Power Bank,Accessories,South,71.98,2,C1457,Cash
2024-02-23,Power Bank,Accessories,East,71.98,2,C1323,PayPal
2024-02-23,Notebook,Office Supplies,South,39.96,4,C1953,Cash
2024-02-23,Notebook,Office Supplies,East,17.98,2,C1075,Cash
2024-02-23,Monitor,Electronics,West,349.99,1,C1634,Cash
2024-02-23,LED Desk Lamp,Office Supplies,East,87.38,2,C1686,Debit Card
2024-02-23,Desk Organizer,Office Supplies,North,80.97,3,C1900,Cash
2024-02-23,Laptop,Electronics,West,1299.99,1,C1248,Debit Card
2024-02-23,LED Desk Lamp,Office Supplies,South,45.99,1,C1400,Cash
2024-02-23,Tablet,Electronics,West,899.98,2,C2406,PayPal
2024-02-23,LED Desk Lamp,Office Supplies,West,41.39,1,C1056,Cash
2024-02-23,Power Bank,Accessories,West,39.99,1,C2142,Credit Card
2024-02-23,Mousepad,Accessories,West,39.98,2,C2020,Debit Card
2024-02-23,Monitor,Electronics,North,664.98,2,C2408,PayPal
2024-02-24,Ergonomic Chair,Office Supplies,South,249.99,1,C2078,Debit Card
2024-02-24,Laptop,Electronics,South,2599.98,2,C1754,Cash
2024-02-24,Ergonomic Chair,Office Supplies,West,249.99,1,C1389,PayPal
2024-02-24,Notebook,Office Supplies,South,19.98,2,C2238,Cash
2024-02-24,Mouse,Accessories,East,24.99,1,C1805,Cash
2024-02-24,Webcam,Electronics,East,179.98,2,C1965,Debit Card
2024-02-24,Desk Organizer,Office Supplies,East,28.49,1,C2470,Debit Card
2024-02-24,Notebook,Office Supplies,West,47.45,5,C2294,Debit Card
2024-02-24,Desk Organizer,Office Supplies,West,28.49,1,C1934,Credit Card
2024-02-24,Keyboard,Accessories,North,159.98,2,C2294,PayPal
2024-02-24,Notebook,Office Supplies,North,18.98,2,C2291,Credit Card
2024-02-24,USB Cable,Accessories,South,12.99,1,C1025,Cash
2024-02-24,Notebook,Office Supplies,West,19.98,2,C2314,Credit Card
2024-02-24,Ergonomic Chair,Office Supplies,West,249.99,1,C2301,PayPal
2024-02-24,Webcam,Electronics,South,89.99,1,C2474,Cash
2024-02-24,Tablet,Electronics,South,2499.95,5,C1143,PayPal
2024-02-24,Mouse,Accessories,South,44.98,2,C1999,PayPal
2024-02-24,Mouse,Accessories,North,49.98,2,C2344,Credit Card
2024-02-24,Headphones,Electronics,East,319.98,2,C1873,Credit Card
2024-02-24,Ergonomic Chair,Office Supplies,East,249.99,1,C1389,PayPal
2024-02-24,Ergonomic Chair,Office Supplies,East,249.99,1,C2271,Credit Card
2024-02-24,Monitor,Electronics,North,1049.97,3,C2264,Debit Card
2024-02-24,Ergonomic Chair,Office Supplies,North,249.99,1,C2153,Cash
2024-02-24,Desk Organizer,Office Supplies,East,59.98,2,C2191,Debit Card
2024-02-24,Smartphone,Electronics,South,759.99,1,C1860,Cash
2024-02-24,Ergonomic Chair,Office Supplies,North,249.99,1,C1029,Debit Card
2024-02-24,Webcam,Electronics,West,89.99,1,C2230,Debit Card
2024-02-24,Mousepad,Accessories,North,19.99,1,C1149,Debit Card
2024-02-25,Power Bank,Accessories,South,107.97,3,C2094,Cash
2024-02-25,Keyboard,Accessories,East,159.98,2,C1750,Credit Card
2024-02-25,Mouse,Accessories,West,24.99,1,C1087,Cash
2024-02-25,USB Cable,Accessories,West,12.99,1,C1825,Cash
2024-02-25,Notebook,Office Supplies,West,8.99,1,C1989,Debit Card
2024-02-25,Notebook,Office Supplies,North,17.98,2,C2311,PayPal
2024-02-25,USB Cable,Accessories,North,12.99,1,C2037,Debit Card
2024-02-25,Laptop,Electronics,East,3899.97,3,C1197,Credit Card
2024-02-25,Webcam,Electronics,West,89.99,1,C2042,Credit Card
2024-02-25,Power Bank,Accessories,West,39.99,1,C1379,Credit Card
2024-02-25,Mousepad,Accessories,South,75.96,4,C2476,Cash
2024-02-25,Power Bank,Accessories,South,39.99,1,C1012,Debit Card
2024-02-25,LED Desk Lamp,Office Supplies,West,45.99,1,C2239,Credit Card
2024-02-25,USB Cable,Accessories,South,25.98,2,C2415,Cash
2024-02-26,Keyboard,Accessories,East,75.99,1,C1860,Cash
2024-02-26,Mouse,Accessories,East,74.97,3,C1114,PayPal
2024-02-26,Desk Organizer,Office Supplies,South,28.49,1,C1086,Cash
2024-02-26,Webcam,Electronics,East,269.97,3,C2238,PayPal
2024-02-26,Webcam,Electronics,West,179.98,2,C1027,Debit Card
2024-02-26,USB Cable,Accessories,East,12.34,1,C2392,Debit Card
2024-02-26,Ergonomic Chair,Office Supplies,South,499.98,2,C1288,Cash
2024-02-26,Tablet,Electronics,North,499.99,1,C2265,Cash
2024-02-26,Laptop,Electronics,South,1234.99,1,C2176,Debit Card
2024-02-26,USB Cable,Accessories,North,23.38,2,C1444,Credit Card
2024-02-26,Laptop,Electronics,East,3899.97,3,C1518,Debit Card
2024-02-26,Mousepad,Accessories,East,19.99,1,C1470,PayPal
2024-02-26,Mouse,Accessories,East,24.99,1,C2028,Credit Card
2024-02-26,Smartphone,Electronics,South,799.99,1,C2466,PayPal
2024-02-26,LED Desk Lamp,Office Supplies,East,124.17,3,C2062,PayPal
2024-02-26,Power Bank,Accessories,South,39.99,1,C2220,PayPal
2024-02-26,Tablet,Electronics,North,474.99,1,C1366,Credit Card
2024-02-26,Keyboard,Accessories,East,79.99,1,C2192,PayPal
2024-02-26,Keyboard,Accessories,East,159.98,2,C1274,Debit Card
2024-02-26,Keyboard,Accessories,South,79.99,1,C1059,Credit Card
2024-02-26,Keyboard,Accessories,East,239.97,3,C1882,PayPal
2024-02-26,Mouse,Accessories,West,199.92,8,C1588,Debit Card
2024-02-26,Headphones,Electronics,North,159.99,1,C2407,Cash
2024-02-26,Power Bank,Accessories,East,119.97,3,C1975,PayPal
2024-02-26,Notebook,Office Supplies,North,9.99,1,C1865,Cash
2024-02-26,Ergonomic Chair,Office Supplies,West,224.99,1,C1299,Cash
2024-02-26,Keyboard,Accessories,North,79.99,1,C1196,Debit Card
2024-02-26,USB Cable,Accessories,East,25.98,2,C2349,Debit Card
2024-02-26,Tablet,Electronics,South,949.98,2,C1120,Cash
2024-02-26,Monitor,Electronics,South,1049.97,3,C1655,Cash
2024-02-26,LED Desk Lamp,Office Supplies,North,91.98,2,C1918,PayPal
2024-02-27,Keyboard,Accessories,East,239.97,3,C1495,Credit Card
2024-02-27,LED Desk Lamp,Office Supplies,West,45.99,1,C1444,Debit Card
2024-02-27,Webcam,Electronics,South,179.98,2,C2146,Credit Card
2024-02-27,Smartphone,Electronics,South,1599.98,2,C1764,Credit Card
2024-02-27,Notebook,Office Supplies,East,19.98,2,C2248,Debit Card
2024-02-27,LED Desk Lamp,Office Supplies,West,91.98,2,C1597,PayPal
2024-02-27,Mousepad,Accessories,East,18.99,1,C1473,PayPal
2024-02-27,Mouse,Accessories,North,99.96,4,C1313,Cash
2024-02-27,LED Desk Lamp,Office Supplies,West,43.69,1,C1657,Debit Card
2024-02-27,Power Bank,Accessories,North,39.99,1,C2316,PayPal
2024-02-27,Smartphone,Electronics,North,2279.97,3,C1234,Cash
2024-02-27,LED Desk Lamp,Office Supplies,North,45.99,1,C2401,PayPal
2024-02-27,Power Bank,Accessories,North,39.99,1,C1026,PayPal
2024-02-27,Webcam,Electronics,North,89.99,1,C1538,PayPal
2024-02-27,Headphones,Electronics,North,431.97,3,C1324,Debit Card
2024-02-27,Keyboard,Accessories,West,159.98,2,C2211,Cash
2024-02-27,Mouse,Accessories,West,47.48,2,C2124,PayPal
2024-02-27,LED Desk Lamp,Office Supplies,North,45.99,1,C1573,Cash
2024-02-27,Headphones,Electronics,East,159.99,1,C2063,PayPal
2024-02-27,Mousepad,Accessories,West,18.99,1,C2069,Debit Card
2024-02-27,Mouse,Accessories,East,49.98,2,C1941,PayPal
2024-02-27,Mousepad,Accessories,West,79.96,4,C1692,Credit Card
2024-02-27,Power Bank,Accessories,West,39.99,1,C1238,PayPal
2024-02-27,Webcam,Electronics,East,89.99,1,C2252,Cash
2024-02-27,Desk Organizer,Office Supplies,East,26.99,1,C1115,Debit Card
2024-02-27,Mouse,Accessories,West,22.49,1,C1885,Cash
2024-02-27,Power Bank,Accessories,East,79.98,2,C2023,Cash
2024-02-27,Webcam,Electronics,West,269.97,3,C1568,Cash
2024-02-27,Keyboard,Accessories,West,71.99,1,C1074,Debit Card
2024-02-27,Keyboard,Accessories,South,159.98,2,C1206,Credit Card
2024-02-28,Keyboard,Accessories,West,79.99,1,C1583,Credit Card
2024-02-28,Mouse,Accessories,West,24.99,1,C1131,PayPal
2024-02-28,Mousepad,Accessories,South,19.99,1,C1148,Cash
2024-02-28,Webcam,Electronics,South,89.99,1,C1013,PayPal
2024-02-28,Mouse,Accessories,East,24.99,1,C1624,Cash
2024-02-28,USB Cable,Accessories,North,25.98,2,C1953,Credit Card
2024-02-28,USB Cable,Accessories,West,24.68,2,C1067,Debit Card
2024-02-28,Desk Organizer,Office Supplies,South,59.98,2,C1056,Cash
2024-02-28,Laptop,Electronics,East,1169.99,1,C2491,PayPal
2024-02-28,Headphones,Electronics,South,143.99,1,C2012,Cash
2024-02-28,USB Cable,Accessories,East,25.98,2,C1975,Cash
2024-02-28,USB Cable,Accessories,South,38.97,3,C1435,Credit Card
2024-02-28,Webcam,Electronics,North,89.99,1,C1357,Cash
2024-02-28,LED Desk Lamp,Office Supplies,South,43.69,1,C1670,Credit Card
2024-02-28,Desk Organizer,Office Supplies,East,26.99,1,C1463,Cash
2024-02-28,Desk Organizer,Office Supplies,North,29.99,1,C1373,Debit Card
2024-02-28,Smartphone,Electronics,West,799.99,1,C1730,Cash
2024-02-28,LED Desk Lamp,Office Supplies,South,45.99,1,C1213,PayPal
2024-02-28,Power Bank,Accessories,North,79.98,2,C2309,Cash
2024-02-28,Desk Organizer,Office Supplies,East,29.99,1,C1469,Cash
2024-02-28,Smartphone,Electronics,East,719.99,1,C1892,Debit Card
2024-02-28,Headphones,Electronics,North,159.99,1,C1593,Cash
2024-02-28,Smartphone,Electronics,North,799.99,1,C2012,Debit Card
2024-02-28,Desk Organizer,Office Supplies,East,29.99,1,C1117,Cash
2024-02-28,Laptop,Electronics,South,2469.98,2,C1228,Credit Card
2024-02-28,LED Desk Lamp,Office Supplies,East,41.39,1,C1608,Debit Card
2024-02-28,Webcam,Electronics,South,89.99,1,C2455,Debit Card
2024-02-28,Headphones,Electronics,West,159.99,1,C2219,PayPal
2024-02-28,LED Desk Lamp,Office Supplies,East,91.98,2,C1361,Debit Card
2024-02-28,Mouse,Accessories,West,124.95,5,C1402,Credit Card
2024-02-28,Smartphone,Electronics,South,799.99,1,C2298,Debit Card
2024-02-28,Power Bank,Accessories,North,39.99,1,C1077,Credit Card
2024-02-28,Mouse,Accessories,East,118.7,5,C1356,PayPal
2024-02-28,Webcam,Electronics,West,449.95,5,C2316,Debit Card
2024-02-29,Power Bank,Accessories,West,39.99,1,C1187,Cash
2024-02-29,LED Desk Lamp,Office Supplies,West,45.99,1,C1125,Credit Card
2024-02-29,Laptop,Electronics,West,5199.96,4,C1641,PayPal
2024-02-29,Mousepad,Accessories,North,17.99,1,C2020,Debit Card
2024-02-29,Mouse,Accessories,West,24.99,1,C2208,PayPal
2024-02-29,Ergonomic Chair,Office Supplies,East,499.98,2,C2154,Cash
2024-02-29,Monitor,Electronics,West,349.99,1,C2348,Cash
2024-02-29,Desk Organizer,Office Supplies,East,29.99,1,C1876,Debit Card
2024-02-29,Desk Organizer,Office Supplies,West,29.99,1,C1145,Cash
2024-02-29,Notebook,Office Supplies,East,9.99,1,C1593,PayPal
2024-02-29,Webcam,Electronics,North,427.45,5,C2350,PayPal
2024-02-29,Notebook,Office Supplies,East,9.49,1,C1491,Cash
2024-02-29,Mouse,Accessories,East,24.99,1,C1320,PayPal
2024-02-29,Power Bank,Accessories,West,179.96,5,C1697,PayPal
2024-02-29,Ergonomic Chair,Office Supplies,South,749.97,3,C2182,Credit Card
2024-02-29,Webcam,Electronics,East,899.9,10,C1853,Cash
2024-02-29,Mousepad,Accessories,South,18.99,1,C2254,Debit Card
2024-02-29,USB Cable,Accessories,East,25.98,2,C1391,Debit Card
2024-02-29,Tablet,Electronics,West,449.99,1,C1884,Cash
2024-02-29,Ergonomic Chair,Office Supplies,West,224.99,1,C1192,Credit Card
2024-02-29,LED Desk Lamp,Office Supplies,West,45.99,1,C1049,Debit Card
2024-02-29,Monitor,Electronics,East,349.99,1,C2306,PayPal
2024-02-29,USB Cable,Accessories,South,37.02,3,C1812,Credit Card
2024-02-29,Mouse,Accessories,East,22.49,1,C1903,Cash
2024-02-29,Laptop,Electronics,South,1234.99,1,C1107,Credit Card
2024-02-29,Laptop,Electronics,West,5199.96,4,C1909,Debit Card
2024-02-29,Monitor,Electronics,West,314.99,1,C2369,Credit Card
2024-02-29,Monitor,Electronics,South,314.99,1,C1359,Credit Card
2024-02-29,Desk Organizer,Office Supplies,South,29.99,1,C1564,Credit Card
2024-02-29,Headphones,Electronics,East,151.99,1,C1030,Cash
2024-02-29,Desk Organizer,Office Supplies,West,59.98,2,C1119,Cash
2024-02-29,Mouse,Accessories,East,24.99,1,C1895,Credit Card
2024-02-29,Headphones,Electronics,East,159.99,1,C2235,PayPal
2024-02-29,Desk Organizer,Office Supplies,West,29.99,1,C1253,Cash
2024-02-29,Mouse,Accessories,South,24.99,1,C1739,Cash
2024-03-01,Mouse,Accessories,North,22.49,1,C1239,PayPal
2024-03-01,LED Desk Lamp,Office Supplies,North,367.92,8,C1562,Credit Card
2024-03-01,Power Bank,Accessories,West,35.99,1,C2375,PayPal
2024-03-01,Keyboard,Accessories,South,79.99,1,C2011,Debit Card
2024-03-01,Laptop,Electronics,North,1299.99,1,C2106,Debit Card
2024-03-01,Tablet,Electronics,West,949.98,2,C1008,Credit Card
2024-03-01,Headphones,Electronics,West,303.98,2,C2180,Cash
2024-03-01,Desk Organizer,Office Supplies,West,59.98,2,C1762,Credit Card
2024-03-01,Notebook,Office Supplies,West,8.99,1,C1028,Cash
2024-03-01,Laptop,Electronics,North,1299.99,1,C1969,Cash
2024-03-01,LED Desk Lamp,Office Supplies,North,45.99,1,C1594,Credit Card
2024-03-01,LED Desk Lamp,Office Supplies,North,137.97,3,C1175,Cash
2024-03-01,Ergonomic Chair,Office Supplies,North,674.97,3,C1371,PayPal
2024-03-01,Keyboard,Accessories,South,79.99,1,C1867,Debit Card
2024-03-01,Mousepad,Accessories,West,189.9,10,C2061,Debit Card
2024-03-01,Headphones,Electronics,East,143.99,1,C1426,PayPal
2024-03-01,Power Bank,Accessories,West,35.99,1,C2420,Credit Card
2024-03-01,Monitor,Electronics,South,349.99,1,C1626,PayPal
2024-03-01,Mousepad,Accessories,North,17.99,1,C1164,Credit Card
2024-03-01,LED Desk Lamp,Office Supplies,South,45.99,1,C1753,PayPal
2024-03-01,Laptop,Electronics,South,2599.98,2,C1828,PayPal
2024-03-01,Tablet,Electronics,West,499.99,1,C1384,PayPal
2024-03-01,Headphones,Electronics,South,143.99,1,C1971,Credit Card
2024-03-01,Monitor,Electronics,North,349.99,1,C2044,Cash
2024-03-01,Keyboard,Accessories,West,71.99,1,C1768,PayPal
2024-03-01,Keyboard,Accessories,West,319.96,4,C1812,PayPal
2024-03-01,Mouse,Accessories,North,24.99,1,C2466,PayPal
2024-03-01,Mouse,Accessories,North,94.96,4,C2449,Cash
2024-03-01,LED Desk Lamp,Office Supplies,North,45.99,1,C1869,Credit Card
2024-03-01,Smartphone,Electronics,East,799.99,1,C1669,Credit Card
2024-03-02,Keyboard,Accessories,North,159.98,2,C1407,Credit Card
2024-03-02,Desk Organizer,Office Supplies,West,89.97,3,C1338,Cash
2024-03-02,Laptop,Electronics,North,1299.99,1,C1461,Credit Card
2024-03-02,Smartphone,Electronics,West,1599.98,2,C1087,Cash
2024-03-02,Desk Organizer,Office Supplies,South,89.97,3,C1668,PayPal
2024-03-02,LED Desk Lamp,Office Supplies,South,43.69,1,C1407,Cash
2024-03-02,LED Desk Lamp,Office Supplies,North,367.92,8,C1603,Credit Card
2024-03-02,Monitor,Electronics,North,1399.96,4,C1791,Credit Card
2024-03-02,Desk Organizer,Office Supplies,South,26.99,1,C1029,Cash
2024-03-02,Headphones,Electronics,West,287.98,2,C1346,Credit Card
2024-03-02,Keyboard,Accessories,South,79.99,1,C2016,Credit Card
2024-03-02,Desk Organizer,Office Supplies,East,28.49,1,C2444,PayPal
2024-03-02,Keyboard,Accessories,East,75.99,1,C1493,Debit Card
2024-03-02,Desk Organizer,Office Supplies,West,56.98,2,C1324,PayPal
2024-03-02,Notebook,Office Supplies,East,17.98,2,C1734,Cash
2024-03-02,Ergonomic Chair,Office Supplies,South,499.98,2,C2392,Credit Card
2024-03-02,Keyboard,Accessories,South,159.98,2,C2144,Debit Card
2024-03-02,USB Cable,Accessories,North,24.68,2,C1503,Debit Card
2024-03-02,Power Bank,Accessories,West,79.98,2,C2403,PayPal
2024-03-02,Notebook,Office Supplies,East,9.99,1,C1872,Debit Card
2024-03-02,Monitor,Electronics,North,1049.97,3,C2001,PayPal
2024-03-02,Monitor,Electronics,North,349.99,1,C2135,PayPal
2024-03-02,Ergonomic Chair,Office Supplies,South,249.99,1,C2337,Cash
2024-03-02,Laptop,Electronics,West,2599.98,2,C1953,Debit Card
2024-03-02,Notebook,Office Supplies,West,9.49,1,C2004,Cash
2024-03-02,Laptop,Electronics,East,6499.95,5,C2011,Cash
2024-03-02,Webcam,Electronics,West,89.99,1,C2460,Credit Card
2024-03-02,Keyboard,Accessories,South,79.99,1,C1830,PayPal
2024-03-02,Smartphone,Electronics,South,1519.98,2,C2017,Debit Card
2024-03-02,Desk Organizer,Office Supplies,North,29.99,1,C2225,Debit Card
2024-03-02,Ergonomic Chair,Office Supplies,East,224.99,1,C1524,Cash
2024-03-02,Desk Organizer,Office Supplies,West,29.99,1,C1728,Credit Card
2024-03-02,Headphones,Electronics,East,143.99,1,C1227,Cash
2024-03-02,Ergonomic Chair,Office Supplies,North,499.98,2,C1960,Credit Card
2024-03-02,Webcam,Electronics,North,85.49,1,C2060,Cash
2024-03-02,Mouse,Accessories,South,24.99,1,C1402,Debit Card
2024-03-02,Webcam,Electronics,South,269.97,3,C2305,Cash
2024-03-02,Headphones,Electronics,West,159.99,1,C2129,Cash
2024-03-02,Webcam,Electronics,East,179.98,2,C1704,Cash
2024-03-03,Laptop,Electronics,West,1169.99,1,C2273,Debit Card
2024-03-03,Mousepad,Accessories,North,19.99,1,C1119,Debit Card
2024-03-03,Power Bank,Accessories,West,39.99,1,C1594,PayPal
2024-03-03,Ergonomic Chair,Office Supplies,South,249.99,1,C1431,Debit Card
2024-03-03,Mousepad,Accessories,East,94.95,5,C1781,PayPal
2024-03-03,Headphones,Electronics,North,319.98,2,C1045,Debit Card
2024-03-03,Webcam,Electronics,North,89.99,1,C1824,Credit Card
2024-03-03,Tablet,Electronics,South,999.98,2,C2089,Debit Card
2024-03-03,LED Desk Lamp,Office Supplies,South,91.98,2,C2024,PayPal
2024-03-03,Ergonomic Chair,Office Supplies,South,237.49,1,C1567,Cash
2024-03-03,USB Cable,Accessories,West,12.34,1,C1671,PayPal
2024-03-03,Ergonomic Chair,Office Supplies,East,249.99,1,C2318,Debit Card
2024-03-03,Ergonomic Chair,Office Supplies,East,499.98,2,C1114,Credit Card
2024-03-03,Desk Organizer,Office Supplies,North,29.99,1,C2414,Cash
2024-03-03,Ergonomic Chair,Office Supplies,East,224.99,1,C2068,Cash
2024-03-03,Mouse,Accessories,North,49.98,2,C1580,Debit Card
2024-03-03,Desk Organizer,Office Supplies,North,59.98,2,C1171,PayPal
2024-03-03,Mouse,Accessories,North,74.97,3,C1221,Debit Card
2024-03-03,Desk Organizer,Office Supplies,West,89.97,3,C1507,Credit Card
2024-03-03,USB Cable,Accessories,North,51.96,4,C1011,Debit Card
2024-03-03,Headphones,Electronics,West,479.97,3,C1656,PayPal
2024-03-03,Desk Organizer,Office Supplies,South,59.98,2,C1185,PayPal
2024-03-03,Ergonomic Chair,Office Supplies,South,899.96,4,C1746,PayPal
2024-03-03,Keyboard,Accessories,South,79.99,1,C1304,PayPal
2024-03-03,Ergonomic Chair,Office Supplies,East,499.98,2,C1346,Debit Card
2024-03-03,LED Desk Lamp,Office Supplies,North,41.39,1,C1195,Cash
2024-03-04,Mousepad,Accessories,West,17.99,1,C1882,Credit Card
2024-03-04,Webcam,Electronics,South,89.99,1,C1182,PayPal
2024-03-04,Mousepad,Accessories,South,19.99,1,C2014,Debit Card
2024-03-04,Notebook,Office Supplies,West,9.49,1,C1390,Cash
2024-03-04,Headphones,Electronics,West,151.99,1,C1084,Debit Card
2024-03-04,Desk Organizer,Office Supplies,East,26.99,1,C1849,Cash
2024-03-04,Laptop,Electronics,West,2339.98,2,C1625,PayPal
2024-03-04,Power Bank,Accessories,South,119.97,3,C1174,Credit Card
2024-03-04,Webcam,Electronics,West,269.97,3,C1729,Credit Card
2024-03-04,Smartphone,Electronics,North,799.99,1,C1011,Cash
2024-03-04,Desk Organizer,Office Supplies,West,28.49,1,C2427,Cash
2024-03-04,Keyboard,Accessories,East,75.99,1,C1877,PayPal
2024-03-04,Notebook,Office Supplies,South,8.99,1,C2293,PayPal
2024-03-04,Desk Organizer,Office Supplies,East,29.99,1,C1255,Credit Card
2024-03-04,USB Cable,Accessories,East,38.97,3,C1946,Cash
2024-03-04,Headphones,Electronics,North,159.99,1,C1456,PayPal
2024-03-04,Ergonomic Chair,Office Supplies,South,224.99,1,C1267,Cash
2024-03-04,Monitor,Electronics,North,629.98,2,C1294,Credit Card
2024-03-05,Mousepad,Accessories,West,19.99,1,C1610,PayPal
2024-03-05,Power Bank,Accessories,West,39.99,1,C1352,Cash
2024-03-05,Notebook,Office Supplies,North,18.98,2,C2186,Debit Card
2024-03-05,Webcam,Electronics,West,179.98,2,C1553,Cash
2024-03-05,Keyboard,Accessories,South,79.99,1,C1918,Credit Card
2024-03-05,Mousepad,Accessories,West,39.98,2,C2333,PayPal
2024-03-05,Headphones,Electronics,West,1439.91,10,C2025,Debit Card
2024-03-05,Mousepad,Accessories,North,17.99,1,C2359,PayPal
2024-03-05,LED Desk Lamp,Office Supplies,West,41.39,1,C1355,PayPal
2024-03-05,Desk Organizer,Office Supplies,West,29.99,1,C1708,Cash
2024-03-05,Laptop,Electronics,North,1299.99,1,C1172,Debit Card
2024-03-05,Mouse,Accessories,West,24.99,1,C1706,PayPal
2024-03-05,Mouse,Accessories,South,74.97,3,C1229,Debit Card
2024-03-05,Mousepad,Accessories,South,19.99,1,C2216,Credit Card
2024-03-05,LED Desk Lamp,Office Supplies,North,349.52,8,C2250,PayPal
2024-03-05,Mousepad,Accessories,South,19.99,1,C2187,Cash
2024-03-05,Monitor,Electronics,East,314.99,1,C1999,Credit Card
2024-03-05,LED Desk Lamp,Office Supplies,West,91.98,2,C1694,Credit Card
2024-03-05,Ergonomic Chair,Office Supplies,North,499.98,2,C1798,Cash
2024-03-06,Desk Organizer,Office Supplies,West,29.99,1,C2238,Cash
2024-03-06,Mouse,Accessories,West,124.95,5,C2398,Debit Card
2024-03-06,Desk Organizer,Office Supplies,North,53.98,2,C1326,Cash
2024-03-06,Ergonomic Chair,Office Supplies,North,749.97,3,C1258,Cash
2024-03-06,Notebook,Office Supplies,East,8.99,1,C1126,PayPal
2024-03-06,Smartphone,Electronics,West,799.99,1,C1123,Credit Card
2024-03-06,USB Cable,Accessories,West,64.95,5,C1657,Debit Card
2024-03-06,Webcam,Electronics,North,323.96,4,C2417,Cash
2024-03-06,Notebook,Office Supplies,South,39.96,4,C1366,Credit Card
2024-03-06,LED Desk Lamp,Office Supplies,South,45.99,1,C1867,PayPal
2024-03-06,Webcam,Electronics,West,89.99,1,C1869,Debit Card
2024-03-06,Smartphone,Electronics,North,6399.92,8,C1192,Debit Card
2024-03-06,Headphones,Electronics,East,319.98,2,C1858,PayPal
2024-03-06,Keyboard,Accessories,East,159.98,2,C1295,PayPal
2024-03-06,Desk Organizer,Office Supplies,East,80.97,3,C1238,PayPal
2024-03-06,Power Bank,Accessories,West,37.99,1,C1155,Cash
2024-03-06,Ergonomic Chair,Office Supplies,West,249.99,1,C1195,Credit Card
2024-03-06,Mousepad,Accessories,South,39.98,2,C1486,PayPal
2024-03-06,Laptop,Electronics,North,1299.99,1,C1017,Debit Card
2024-03-06,Ergonomic Chair,Office Supplies,East,712.47,3,C1481,PayPal
2024-03-06,Mouse,Accessories,West,24.99,1,C1830,Credit Card
2024-03-06,Tablet,Electronics,North,1424.97,3,C2278,Credit Card
2024-03-06,Desk Organizer,Office Supplies,West,28.49,1,C1413,Credit Card
2024-03-06,Tablet,Electronics,South,999.98,2,C1336,PayPal
2024-03-06,Laptop,Electronics,East,2469.98,2,C1671,PayPal
2024-03-06,Tablet,Electronics,North,499.99,1,C1970,Debit Card
2024-03-06,USB Cable,Accessories,East,103.92,8,C1702,Debit Card
2024-03-06,Monitor,Electronics,East,349.99,1,C1476,PayPal
2024-03-06,Desk Organizer,Office Supplies,South,53.98,2,C1126,PayPal
2024-03-06,Laptop,Electronics,East,1234.99,1,C1493,PayPal
2024-03-06,Webcam,Electronics,North,89.99,1,C1104,PayPal
2024-03-06,USB Cable,Accessories,North,38.97,3,C1780,Credit Card
2024-03-06,Headphones,Electronics,South,319.98,2,C1704,Credit Card
2024-03-06,Keyboard,Accessories,West,71.99,1,C1328,Credit Card
2024-03-06,Headphones,Electronics,East,479.97,3,C2143,Debit Card
2024-03-06,Laptop,Electronics,South,1234.99,1,C2269,Credit Card
2024-03-06,LED Desk Lamp,Office Supplies,South,367.92,8,C2316,Debit Card
2024-03-06,Ergonomic Chair,Office Supplies,South,237.49,1,C2449,Cash
2024-03-07,Mousepad,Accessories,North,99.95,5,C2381,Debit Card
2024-03-07,Headphones,Electronics,West,159.99,1,C1072,Cash
2024-03-07,LED Desk Lamp,Office Supplies,North,45.99,1,C2276,Credit Card
2024-03-07,Keyboard,Accessories,East,79.99,1,C1522,PayPal
2024-03-07,Notebook,Office Supplies,West,8.99,1,C2278,Credit Card
2024-03-07,Notebook,Office Supplies,South,9.99,1,C1656,Cash
2024-03-07,Notebook,Office Supplies,North,9.49,1,C1963,Cash
2024-03-07,LED Desk Lamp,Office Supplies,West,349.52,8,C1545,Credit Card
2024-03-07,Tablet,Electronics,South,499.99,1,C1845,Cash
2024-03-07,USB Cable,Accessories,South,25.98,2,C1022,Credit Card
2024-03-07,Webcam,Electronics,South,85.49,1,C2465,Cash
2024-03-07,Desk Organizer,Office Supplies,North,59.98,2,C1576,Cash
2024-03-07,LED Desk Lamp,Office Supplies,West,43.69,1,C2425,Credit Card
2024-03-07,Mouse,Accessories,West,74.97,3,C1875,PayPal
2024-03-07,Laptop,Electronics,West,1169.99,1,C1043,Debit Card
2024-03-07,Monitor,Electronics,West,699.98,2,C2228,Cash
2024-03-07,Mousepad,Accessories,West,35.98,2,C1992,Credit Card
2024-03-07,Mousepad,Accessories,West,19.99,1,C1518,Cash
2024-03-07,Tablet,Electronics,West,499.99,1,C1274,Debit Card
2024-03-07,USB Cable,Accessories,North,23.38,2,C1176,Credit Card
2024-03-07,Monitor,Electronics,North,629.98,2,C1675,Debit Card
2024-03-07,Mouse,Accessories,East,71.22,3,C1137,PayPal
2024-03-07,Laptop,Electronics,East,2599.98,2,C1328,Cash
2024-03-07,Desk Organizer,Office Supplies,East,29.99,1,C1145,Cash
2024-03-07,Mousepad,Accessories,West,19.99,1,C1516,Credit Card
2024-03-07,Power Bank,Accessories,South,39.99,1,C1394,Credit Card
2024-03-07,Ergonomic Chair,Office Supplies,East,499.98,2,C1139,Credit Card
2024-03-07,Webcam,Electronics,North,89.99,1,C1925,Credit Card
2024-03-07,LED Desk Lamp,Office Supplies,West,45.99,1,C1282,PayPal
2024-03-07,Monitor,Electronics,North,332.49,1,C1556,Cash
2024-03-07,Laptop,Electronics,North,1299.99,1,C1814,Credit Card
2024-03-07,Tablet,Electronics,East,499.99,1,C2454,PayPal
2024-03-07,Notebook,Office Supplies,East,9.99,1,C1207,PayPal
2024-03-07,Notebook,Office Supplies,South,9.99,1,C1412,PayPal
2024-03-08,USB Cable,Accessories,North,38.97,3,C1351,Cash
2024-03-08,Laptop,Electronics,South,2599.98,2,C1615,Debit Card
2024-03-08,USB Cable,Accessories,North,25.98,2,C1970,Debit Card
2024-03-08,Tablet,Electronics,North,1424.97,3,C1378,Cash
2024-03-08,Tablet,Electronics,South,499.99,1,C2418,Debit Card
2024-03-08,Power Bank,Accessories,North,39.99,1,C2425,Cash
2024-03-08,Notebook,Office Supplies,South,89.91,10,C2498,Credit Card
2024-03-08,USB Cable,Accessories,South,11.69,1,C1644,Cash
2024-03-08,Laptop,Electronics,West,1299.99,1,C1359,PayPal
2024-03-08,Laptop,Electronics,South,2599.98,2,C2287,Debit Card
2024-03-08,Power Bank,Accessories,West,119.97,3,C1968,PayPal
2024-03-08,Mouse,Accessories,East,49.98,2,C2311,PayPal
2024-03-08,USB Cable,Accessories,East,49.36,4,C1989,Credit Card
2024-03-08,Notebook,Office Supplies,West,9.99,1,C1190,Credit Card
2024-03-08,Webcam,Electronics,North,89.99,1,C1363,Credit Card
2024-03-08,Laptop,Electronics,East,1299.99,1,C1028,Credit Card
2024-03-08,Laptop,Electronics,North,1299.99,1,C2025,Credit Card
2024-03-08,Smartphone,Electronics,West,719.99,1,C2108,Credit Card
2024-03-08,Power Bank,Accessories,West,39.99,1,C2043,Debit Card
2024-03-08,Mouse,Accessories,North,22.49,1,C1347,Cash
2024-03-08,LED Desk Lamp,Office Supplies,North,41.39,1,C1917,Credit Card
2024-03-08,LED Desk Lamp,Office Supplies,North,87.38,2,C1299,Credit Card
2024-03-08,Laptop,Electronics,West,1169.99,1,C1641,Credit Card
2024-03-08,Notebook,Office Supplies,East,26.97,3,C1427,Credit Card
2024-03-08,Webcam,Electronics,East,170.98,2,C1412,PayPal
2024-03-08,Notebook,Office Supplies,South,9.99,1,C2010,Debit Card
2024-03-08,Notebook,Office Supplies,North,9.99,1,C2183,PayPal
2024-03-08,LED Desk Lamp,Office Supplies,North,459.9,10,C1311,PayPal
2024-03-08,Keyboard,Accessories,East,159.98,2,C2009,Cash
2024-03-09,Smartphone,Electronics,North,799.99,1,C1804,PayPal
2024-03-09,Tablet,Electronics,West,499.99,1,C2065,PayPal
2024-03-09,Ergonomic Chair,Office Supplies,North,749.97,3,C1539,Credit Card
2024-03-09,USB Cable,Accessories,South,25.98,2,C1689,Cash
2024-03-09,Tablet,Electronics,East,449.99,1,C2212,PayPal
2024-03-09,Power Bank,Accessories,South,143.96,4,C1581,Cash
2024-03-09,Notebook,Office Supplies,East,19.98,2,C1396,Cash
2024-03-09,Notebook,Office Supplies,South,9.99,1,C1070,Credit Card
2024-03-09,Mousepad,Accessories,West,79.96,4,C1914,Credit Card
2024-03-09,Smartphone,Electronics,East,3199.96,4,C1487,Debit Card
2024-03-09,Smartphone,Electronics,West,2279.97,3,C2403,PayPal
2024-03-09,Monitor,Electronics,North,349.99,1,C1793,Debit Card
2024-03-09,Mouse,Accessories,East,89.96,4,C1642,Cash
2024-03-09,Desk Organizer,Office Supplies,North,59.98,2,C1330,PayPal
2024-03-09,Power Bank,Accessories,North,189.95,5,C1876,Credit Card
2024-03-09,Laptop,Electronics,East,1234.99,1,C1604,Cash
2024-03-09,Notebook,Office Supplies,South,9.99,1,C1369,Cash
2024-03-09,Monitor,Electronics,South,699.98,2,C1981,PayPal
2024-03-09,Mousepad,Accessories,East,19.99,1,C1330,Credit Card
2024-03-09,Mousepad,Accessories,East,159.92,8,C2115,Cash
2024-03-09,Power Bank,Accessories,West,119.97,3,C2257,Cash
2024-03-09,Keyboard,Accessories,North,159.98,2,C1350,Debit Card
2024-03-09,Laptop,Electronics,East,5199.96,4,C1316,Credit Card
2024-03-09,Webcam,Electronics,South,89.99,1,C2381,Debit Card
2024-03-09,Notebook,Office Supplies,East,9.99,1,C1263,Debit Card
2024-03-10,Laptop,Electronics,North,1169.99,1,C1200,Debit Card
2024-03-10,Headphones,Electronics,West,159.99,1,C1451,Debit Card
2024-03-10,Monitor,Electronics,West,1049.97,3,C1872,PayPal
2024-03-10,Mouse,Accessories,West,23.74,1,C1044,Cash
2024-03-10,Laptop,Electronics,East,1299.99,1,C2486,Cash
2024-03-10,Headphones,Electronics,North,159.99,1,C1639,PayPal
2024-03-10,Keyboard,Accessories,North,79.99,1,C1860,PayPal
2024-03-10,LED Desk Lamp,Office Supplies,East,45.99,1,C1016,Debit Card
2024-03-10,Laptop,Electronics,East,5199.96,4,C1762,Credit Card
2024-03-10,Power Bank,Accessories,South,119.97,3,C1368,PayPal
2024-03-10,Desk Organizer,Office Supplies,South,29.99,1,C1831,Cash
2024-03-10,Ergonomic Chair,Office Supplies,South,249.99,1,C1210,Cash
2024-03-10,Mouse,Accessories,South,179.93,8,C1964,Debit Card
2024-03-10,Power Bank,Accessories,North,35.99,1,C1415,Debit Card
2024-03-10,Webcam,Electronics,North,161.98,2,C2450,PayPal
2024-03-10,Notebook,Office Supplies,West,9.49,1,C2348,Debit Card
2024-03-10,Ergonomic Chair,Office Supplies,West,249.99,1,C1299,Credit Card
2024-03-10,Monitor,Electronics,East,349.99,1,C2205,Cash
2024-03-10,Notebook,Office Supplies,West,17.98,2,C1822,PayPal
2024-03-10,Mousepad,Accessories,North,19.99,1,C1512,Credit Card
2024-03-10,Tablet,Electronics,South,499.99,1,C2014,PayPal
2024-03-10,Desk Organizer,Office Supplies,North,149.95,5,C1954,Credit Card
2024-03-10,Smartphone,Electronics,South,799.99,1,C2473,Credit Card
2024-03-10,Ergonomic Chair,Office Supplies,North,499.98,2,C2240,PayPal
2024-03-10,Mouse,Accessories,West,22.49,1,C2405,Cash
2024-03-10,Notebook,Office Supplies,North,17.98,2,C1432,Debit Card
2024-03-10,Power Bank,Accessories,South,79.98,2,C1140,Cash
2024-03-11,Headphones,Electronics,East,159.99,1,C1197,Cash
2024-03-11,Monitor,Electronics,West,1259.96,4,C1911,Debit Card
2024-03-11,Notebook,Office Supplies,South,9.49,1,C1206,PayPal
2024-03-11,Keyboard,Accessories,West,79.99,1,C2485,PayPal
2024-03-11,LED Desk Lamp,Office Supplies,East,91.98,2,C1960,Debit Card
2024-03-11,Webcam,Electronics,East,89.99,1,C1863,PayPal
2024-03-11,Laptop,Electronics,North,1299.99,1,C1578,PayPal
2024-03-11,Mousepad,Accessories,East,59.97,3,C2209,Cash
2024-03-11,Mousepad,Accessories,East,19.99,1,C1765,PayPal
2024-03-11,Mousepad,Accessories,South,39.98,2,C1168,Cash
2024-03-11,Notebook,Office Supplies,North,9.99,1,C1177,Cash
2024-03-11,Laptop,Electronics,East,1299.99,1,C1350,PayPal
2024-03-11,Mouse,Accessories,East,44.98,2,C1940,Credit Card
2024-03-11,Smartphone,Electronics,North,799.99,1,C1590,Credit Card
2024-03-11,USB Cable,Accessories,South,64.95,5,C1293,PayPal
2024-03-11,Desk Organizer,Office Supplies,West,29.99,1,C2104,Cash
2024-03-11,Mousepad,Accessories,East,17.99,1,C2386,PayPal
2024-03-11,Mousepad,Accessories,South,18.99,1,C2344,PayPal
2024-03-11,Mouse,Accessories,South,22.49,1,C1690,Debit Card
2024-03-11,Mouse,Accessories,West,24.99,1,C2012,Debit Card
2024-03-11,Desk Organizer,Office Supplies,East,29.99,1,C2274,Debit Card
2024-03-11,Ergonomic Chair,Office Supplies,North,249.99,1,C1572,Credit Card
2024-03-11,Desk Organizer,Office Supplies,South,59.98,2,C1223,Debit Card
2024-03-11,Monitor,Electronics,East,664.98,2,C2264,Cash
2024-03-11,Mousepad,Accessories,South,19.99,1,C2396,PayPal
2024-03-11,Ergonomic Chair,Office Supplies,South,249.99,1,C1520,Credit Card
2024-03-11,Mousepad,Accessories,South,19.99,1,C2132,Credit Card
2024-03-11,Headphones,Electronics,South,799.95,5,C2248,Debit Card
2024-03-11,USB Cable,Accessories,West,12.99,1,C2394,PayPal
2024-03-11,Ergonomic Chair,Office Supplies,East,249.99,1,C1040,Debit Card
2024-03-12,Notebook,Office Supplies,South,44.96,5,C1108,PayPal
2024-03-12,Mousepad,Accessories,West,19.99,1,C2301,Debit Card
2024-03-12,Notebook,Office Supplies,East,9.99,1,C1476,Credit Card
2024-03-12,Power Bank,Accessories,North,39.99,1,C2156,Credit Card
2024-03-12,Notebook,Office Supplies,West,9.99,1,C2275,PayPal
2024-03-12,Laptop,Electronics,West,1299.99,1,C1626,PayPal
2024-03-12,Ergonomic Chair,Office Supplies,South,237.49,1,C2465,Cash
2024-03-12,Desk Organizer,Office Supplies,East,134.95,5,C2024,Debit Card
2024-03-12,USB Cable,Accessories,South,11.69,1,C2244,Credit Card
2024-03-12,LED Desk Lamp,Office Supplies,West,91.98,2,C1281,Debit Card
2024-03-12,Notebook,Office Supplies,West,9.99,1,C1713,Credit Card
2024-03-12,Mousepad,Accessories,South,39.98,2,C1990,Credit Card
2024-03-12,Smartphone,Electronics,North,799.99,1,C2147,PayPal
2024-03-12,Monitor,Electronics,West,332.49,1,C1337,Cash
2024-03-12,Mouse,Accessories,North,49.98,2,C1429,Cash
2024-03-12,Desk Organizer,Office Supplies,East,59.98,2,C2300,Cash
2024-03-12,Mouse,Accessories,West,24.99,1,C2233,Credit Card
2024-03-12,Tablet,Electronics,South,499.99,1,C1117,Cash
2024-03-12,Headphones,Electronics,South,159.99,1,C1426,Credit Card
2024-03-12,LED Desk Lamp,Office Supplies,West,331.13,8,C1559,Credit Card
2024-03-12,Power Bank,Accessories,South,35.99,1,C1890,Cash
2024-03-12,Headphones,Electronics,South,479.97,3,C2490,Cash
2024-03-13,Smartphone,Electronics,East,3799.95,5,C1483,PayPal
2024-03-13,LED Desk Lamp,Office Supplies,West,41.39,1,C2036,Cash
2024-03-13,Laptop,Electronics,North,2599.98,2,C2078,Cash
2024-03-13,Tablet,Electronics,East,2499.95,5,C1386,Cash
2024-03-13,Power Bank,Accessories,West,79.98,2,C1595,Debit Card
2024-03-13,USB Cable,Accessories,West,23.38,2,C2407,PayPal
2024-03-13,Webcam,Electronics,North,80.99,1,C1944,PayPal
2024-03-13,Webcam,Electronics,North,89.99,1,C2456,PayPal
2024-03-13,Mousepad,Accessories,East,17.99,1,C2242,Credit Card
2024-03-13,USB Cable,Accessories,South,38.97,3,C2294,Cash
2024-03-13,Monitor,Electronics,East,349.99,1,C1002,Credit Card
2024-03-13,Ergonomic Chair,Office Supplies,West,249.99,1,C1294,Cash
2024-03-13,Ergonomic Chair,Office Supplies,South,249.99,1,C2256,Debit Card
2024-03-13,Mousepad,Accessories,South,79.96,4,C1069,Cash
2024-03-13,Mousepad,Accessories,South,59.97,3,C1868,Cash
2024-03-13,USB Cable,Accessories,West,35.07,3,C1592,Cash
2024-03-13,Keyboard,Accessories,East,303.96,4,C2190,Debit Card
2024-03-13,Monitor,Electronics,South,314.99,1,C2106,PayPal
2024-03-13,Desk Organizer,Office Supplies,South,29.99,1,C2158,Credit Card
2024-03-13,Desk Organizer,Office Supplies,East,134.95,5,C1419,Cash
2024-03-13,Notebook,Office Supplies,North,19.98,2,C2393,Cash
2024-03-13,Tablet,Electronics,West,999.98,2,C2421,Cash
2024-03-13,Desk Organizer,Office Supplies,East,119.96,4,C2394,Debit Card
2024-03-13,USB Cable,Accessories,South,12.99,1,C1741,PayPal
2024-03-13,USB Cable,Accessories,North,37.02,3,C1057,PayPal
2024-03-14,Mousepad,Accessories,East,19.99,1,C1454,Debit Card
2024-03-14,Notebook,Office Supplies,East,8.99,1,C1662,Debit Card
2024-03-14,USB Cable,Accessories,East,35.07,3,C1180,Cash
2024-03-14,Notebook,Office Supplies,South,71.93,8,C2117,Credit Card
2024-03-14,Smartphone,Electronics,West,799.99,1,C1371,PayPal
2024-03-14,Desk Organizer,Office Supplies,West,89.97,3,C1706,Cash
2024-03-14,Power Bank,Accessories,West,79.98,2,C2025,Debit Card
2024-03-14,Keyboard,Accessories,South,159.98,2,C1539,Cash
2024-03-14,Mouse,Accessories,West,22.49,1,C2480,Debit Card
2024-03-14,Monitor,Electronics,South,1749.95,5,C1837,Debit Card
2024-03-14,Mouse,Accessories,South,118.7,5,C2489,Cash
2024-03-14,Ergonomic Chair,Office Supplies,North,1799.93,8,C2459,Debit Card
2024-03-14,Notebook,Office Supplies,East,29.97,3,C1356,Credit Card
2024-03-14,LED Desk Lamp,Office Supplies,South,43.69,1,C1115,PayPal
2024-03-14,Tablet,Electronics,West,999.98,2,C1163,PayPal
2024-03-14,Smartphone,Electronics,South,799.99,1,C2178,Debit Card
2024-03-14,Notebook,Office Supplies,North,17.98,2,C1886,Debit Card
2024-03-14,Desk Organizer,Office Supplies,West,28.49,1,C2091,Debit Card
2024-03-14,Laptop,Electronics,West,2339.98,2,C1089,Debit Card
2024-03-14,USB Cable,Accessories,East,24.68,2,C1342,Credit Card
2024-03-14,Monitor,Electronics,East,349.99,1,C1844,Debit Card
2024-03-14,Smartphone,Electronics,East,1599.98,2,C2157,Credit Card
2024-03-14,Smartphone,Electronics,West,7999.9,10,C1957,PayPal
2024-03-14,Keyboard,Accessories,West,75.99,1,C1910,Credit Card
2024-03-14,Tablet,Electronics,West,899.98,2,C1080,PayPal
2024-03-14,USB Cable,Accessories,East,12.99,1,C1694,PayPal
2024-03-14,Power Bank,Accessories,South,39.99,1,C1215,PayPal
2024-03-15,Laptop,Electronics,South,1299.99,1,C2414,Credit Card
2024-03-15,Ergonomic Chair,Office Supplies,South,249.99,1,C2403,Credit Card
2024-03-15,Power Bank,Accessories,North,39.99,1,C1321,PayPal
2024-03-15,Headphones,Electronics,East,319.98,2,C1329,PayPal
2024-03-15,Mouse,Accessories,West,74.97,3,C1456,PayPal
2024-03-15,Ergonomic Chair,Office Supplies,West,449.98,2,C2119,Debit Card
2024-03-15,Ergonomic Chair,Office Supplies,North,249.99,1,C1955,Debit Card
2024-03-15,Webcam,Electronics,South,449.95,5,C1990,Cash
2024-03-15,Mousepad,Accessories,East,53.97,3,C2155,PayPal
2024-03-15,Keyboard,Accessories,South,143.98,2,C1363,Cash
2024-03-15,Tablet,Electronics,South,999.98,2,C2174,Credit Card
2024-03-15,Headphones,Electronics,East,159.99,1,C1936,PayPal
2024-03-15,Tablet,Electronics,North,949.98,2,C1387,Credit Card
2024-03-15,Mouse,Accessories,North,99.96,4,C2495,PayPal
2024-03-15,LED Desk Lamp,Office Supplies,North,45.99,1,C1783,Debit Card
2024-03-15,Tablet,Electronics,East,1424.97,3,C1626,PayPal
2024-03-15,USB Cable,Accessories,West,12.99,1,C1208,PayPal
2024-03-15,Notebook,Office Supplies,East,8.99,1,C1561,Cash
2024-03-15,Keyboard,Accessories,East,79.99,1,C1065,Credit Card
2024-03-15,Power Bank,Accessories,South,35.99,1,C1559,Debit Card
2024-03-15,Mouse,Accessories,North,22.49,1,C1396,Debit Card
2024-03-15,Desk Organizer,Office Supplies,South,29.99,1,C1270,Debit Card
2024-03-15,Ergonomic Chair,Office Supplies,East,499.98,2,C1878,Cash
2024-03-15,Ergonomic Chair,Office Supplies,West,449.98,2,C2390,Credit Card
2024-03-15,USB Cable,Accessories,North,12.99,1,C1143,PayPal
2024-03-15,Smartphone,Electronics,East,799.99,1,C1067,Debit Card
2024-03-15,Power Bank,Accessories,West,39.99,1,C2183,Debit Card
2024-03-16,Desk Organizer,Office Supplies,East,29.99,1,C1754,Credit Card
2024-03-16,Ergonomic Chair,Office Supplies,East,1249.95,5,C2286,PayPal
2024-03-16,Webcam,Electronics,South,179.98,2,C2389,Credit Card
2024-03-16,Mouse,Accessories,South,24.99,1,C1250,Credit Card
2024-03-16,Keyboard,Accessories,North,359.95,5,C1943,PayPal
2024-03-16,Smartphone,Electronics,West,2279.97,3,C1151,PayPal
2024-03-16,Ergonomic Chair,Office Supplies,West,237.49,1,C1058,PayPal
2024-03-16,Desk Organizer,Office Supplies,North,53.98,2,C1391,Credit Card
2024-03-16,Mouse,Accessories,South,24.99,1,C1123,Cash
2024-03-16,Webcam,Electronics,West,80.99,1,C1835,Cash
2024-03-16,Webcam,Electronics,East,89.99,1,C1103,Credit Card
2024-03-16,Headphones,Electronics,East,159.99,1,C1386,PayPal
2024-03-16,LED Desk Lamp,Office Supplies,North,137.97,3,C2413,PayPal
2024-03-16,Power Bank,Accessories,South,39.99,1,C1722,Cash
2024-03-16,Mousepad,Accessories,West,19.99,1,C1106,Cash
2024-03-16,Desk Organizer,Office Supplies,West,59.98,2,C2261,Cash
2024-03-16,Mouse,Accessories,North,24.99,1,C1473,PayPal
2024-03-16,Mouse,Accessories,West,23.74,1,C1918,Cash
2024-03-16,Ergonomic Chair,Office Supplies,West,249.99,1,C1977,Credit Card
2024-03-16,Keyboard,Accessories,East,799.9,10,C1854,Cash
2024-03-16,Desk Organizer,Office Supplies,South,26.99,1,C1081,Credit Card
2024-03-16,Keyboard,Accessories,North,71.99,1,C2166,Cash
2024-03-16,Desk Organizer,Office Supplies,South,113.96,4,C1951,PayPal
2024-03-16,Tablet,Electronics,West,899.98,2,C1791,Debit Card
2024-03-16,Tablet,Electronics,North,949.98,2,C1894,PayPal
2024-03-16,Notebook,Office Supplies,West,17.98,2,C1692,Debit Card
2024-03-17,Desk Organizer,Office Supplies,East,28.49,1,C2327,Credit Card
2024-03-17,Power Bank,Accessories,North,119.97,3,C2330,PayPal
2024-03-17,Webcam,Electronics,North,170.98,2,C2433,Cash
2024-03-17,Monitor,Electronics,South,1049.97,3,C2239,PayPal
2024-03-17,Notebook,Office Supplies,South,9.99,1,C2229,Credit Card
2024-03-17,LED Desk Lamp,Office Supplies,West,137.97,3,C1176,Cash
2024-03-17,Ergonomic Chair,Office Supplies,South,237.49,1,C1106,Cash
2024-03-17,Tablet,Electronics,North,899.98,2,C1525,PayPal
2024-03-17,Mousepad,Accessories,West,19.99,1,C1708,Credit Card
2024-03-17,Desk Organizer,Office Supplies,South,29.99,1,C1967,Debit Card
2024-03-17,Tablet,Electronics,West,474.99,1,C1551,Cash
2024-03-17,Monitor,Electronics,North,349.99,1,C1212,Cash
2024-03-17,Mouse,Accessories,North,24.99,1,C1938,Cash
2024-03-17,Headphones,Electronics,West,159.99,1,C1779,Credit Card
2024-03-17,Tablet,Electronics,South,999.98,2,C2266,Credit Card
2024-03-17,USB Cable,Accessories,South,24.68,2,C2412,PayPal
2024-03-17,Webcam,Electronics,West,89.99,1,C1156,PayPal
2024-03-17,Mousepad,Accessories,North,39.98,2,C2022,Cash
2024-03-17,Smartphone,Electronics,South,3999.95,5,C1599,Credit Card
2024-03-17,LED Desk Lamp,Office Supplies,East,41.39,1,C2203,Credit Card
2024-03-17,Notebook,Office Supplies,West,49.95,5,C2235,PayPal
2024-03-17,Tablet,Electronics,North,449.99,1,C1262,PayPal
2024-03-17,Ergonomic Chair,Office Supplies,South,1249.95,5,C1307,Cash
2024-03-17,Headphones,Electronics,South,319.98,2,C1963,Cash
2024-03-17,Mousepad,Accessories,West,37.98,2,C2017,PayPal
2024-03-17,LED Desk Lamp,Office Supplies,South,137.97,3,C1167,PayPal
2024-03-18,Tablet,Electronics,East,999.98,2,C1777,Debit Card
2024-03-18,Power Bank,Accessories,North,71.98,2,C1107,Debit Card
2024-03-18,Headphones,Electronics,West,159.99,1,C2175,Cash
2024-03-18,Webcam,Electronics,South,80.99,1,C1248,PayPal
2024-03-18,Keyboard,Accessories,East,151.98,2,C2177,Debit Card
2024-03-18,Desk Organizer,Office Supplies,West,29.99,1,C1767,Cash
2024-03-18,Notebook,Office Supplies,South,19.98,2,C1142,Cash
2024-03-18,Laptop,Electronics,West,3704.97,3,C1241,Cash
2024-03-18,LED Desk Lamp,Office Supplies,South,45.99,1,C2107,Cash
2024-03-18,Headphones,Electronics,North,159.99,1,C2303,Credit Card
2024-03-18,Desk Organizer,Office Supplies,North,26.99,1,C2332,PayPal
2024-03-18,Smartphone,Electronics,West,759.99,1,C2161,PayPal
2024-03-18,Monitor,Electronics,West,699.98,2,C1116,Credit Card
2024-03-18,Ergonomic Chair,Office Supplies,West,249.99,1,C1997,Debit Card
2024-03-18,Keyboard,Accessories,West,71.99,1,C1210,Cash
2024-03-18,LED Desk Lamp,Office Supplies,East,43.69,1,C2437,Credit Card
2024-03-18,USB Cable,Accessories,North,25.98,2,C1788,PayPal
2024-03-18,Notebook,Office Supplies,North,28.47,3,C1599,Credit Card
2024-03-18,LED Desk Lamp,Office Supplies,North,165.56,4,C2472,PayPal
2024-03-18,Ergonomic Chair,Office Supplies,North,249.99,1,C1448,Credit Card
2024-03-18,Keyboard,Accessories,West,79.99,1,C2064,Cash
2024-03-18,Ergonomic Chair,Office Supplies,East,749.97,3,C1824,PayPal
2024-03-18,Notebook,Office Supplies,West,9.99,1,C2236,PayPal
2024-03-19,Mouse,Accessories,North,67.47,3,C1758,Credit Card
2024-03-19,USB Cable,Accessories,South,11.69,1,C2383,PayPal
2024-03-19,Notebook,Office Supplies,West,9.99,1,C1132,Cash
2024-03-19,Laptop,Electronics,West,1169.99,1,C1266,Credit Card
2024-03-19,Laptop,Electronics,West,3899.97,3,C1930,Debit Card
2024-03-19,Power Bank,Accessories,South,39.99,1,C1372,Credit Card
2024-03-19,Ergonomic Chair,Office Supplies,North,249.99,1,C1793,PayPal
2024-03-19,USB Cable,Accessories,South,12.34,1,C2320,Credit Card
2024-03-19,Smartphone,Electronics,East,2279.97,3,C1821,Cash
2024-03-19,Desk Organizer,Office Supplies,South,29.99,1,C2374,PayPal
2024-03-19,Power Bank,Accessories,East,39.99,1,C1712,PayPal
2024-03-19,Tablet,Electronics,West,449.99,1,C2421,Debit Card
2024-03-19,Laptop,Electronics,East,1299.99,1,C1329,Credit Card
2024-03-19,Notebook,Office Supplies,West,18.98,2,C2167,Cash
2024-03-19,Ergonomic Chair,Office Supplies,East,674.97,3,C1414,Cash
2024-03-19,Tablet,Electronics,South,1499.97,3,C1526,Debit Card
2024-03-19,LED Desk Lamp,Office Supplies,South,41.39,1,C1369,PayPal
2024-03-19,Webcam,Electronics,North,89.99,1,C2356,Cash
2024-03-19,Desk Organizer,Office Supplies,South,53.98,2,C1367,Cash
2024-03-19,Notebook,Office Supplies,West,19.98,2,C1317,Debit Card
2024-03-19,Ergonomic Chair,Office Supplies,South,224.99,1,C2227,PayPal
2024-03-20,Power Bank,Accessories,North,35.99,1,C1844,Cash
2024-03-20,Power Bank,Accessories,West,39.99,1,C1431,Cash
2024-03-20,Desk Organizer,Office Supplies,West,29.99,1,C2212,Debit Card
2024-03-20,LED Desk Lamp,Office Supplies,North,87.38,2,C1055,Cash
2024-03-20,Mouse,Accessories,North,99.96,4,C2251,Cash
2024-03-20,Mousepad,Accessories,North,79.96,4,C1736,Cash
2024-03-20,Ergonomic Chair,Office Supplies,North,249.99,1,C2056,Cash
2024-03-20,Mouse,Accessories,East,47.48,2,C1569,Debit Card
2024-03-20,Mouse,Accessories,West,24.99,1,C1609,PayPal
2024-03-20,Monitor,Electronics,West,349.99,1,C1248,Debit Card
2024-03-20,LED Desk Lamp,Office Supplies,South,137.97,3,C1120,Cash
2024-03-20,Headphones,Electronics,North,159.99,1,C1490,PayPal
2024-03-20,Keyboard,Accessories,North,159.98,2,C1655,Credit Card
2024-03-20,Headphones,Electronics,North,143.99,1,C1594,Debit Card
2024-03-20,USB Cable,Accessories,South,24.68,2,C1149,PayPal
2024-03-20,LED Desk Lamp,Office Supplies,West,91.98,2,C1828,PayPal
2024-03-20,Mouse,Accessories,West,22.49,1,C1615,PayPal
2024-03-20,Mouse,Accessories,West,49.98,2,C2302,Debit Card
2024-03-20,Webcam,Electronics,East,89.99,1,C1353,Debit Card
2024-03-20,Mouse,Accessories,South,24.99,1,C2129,Debit Card
2024-03-20,Notebook,Office Supplies,North,18.98,2,C2272,PayPal
2024-03-20,Desk Organizer,Office Supplies,North,59.98,2,C2076,Cash
2024-03-20,Mousepad,Accessories,North,39.98,2,C1202,Debit Card
2024-03-20,Desk Organizer,Office Supplies,East,299.9,10,C2220,Debit Card
2024-03-20,Mousepad,Accessories,North,19.99,1,C1347,Credit Card
2024-03-20,Tablet,Electronics,South,499.99,1,C1411,Debit Card
2024-03-21,Mouse,Accessories,North,24.99,1,C1006,Credit Card
2024-03-21,Laptop,Electronics,North,1299.99,1,C2448,Debit Card
2024-03-21,Desk Organizer,Office Supplies,South,29.99,1,C1733,PayPal
2024-03-21,Tablet,Electronics,East,999.98,2,C1310,Debit Card
2024-03-21,Mousepad,Accessories,East,19.99,1,C1449,PayPal
2024-03-21,Smartphone,Electronics,East,1519.98,2,C1930,Cash
2024-03-21,Laptop,Electronics,South,1299.99,1,C1470,PayPal
2024-03-21,Ergonomic Chair,Office Supplies,North,499.98,2,C2010,Debit Card
2024-03-21,Smartphone,Electronics,North,1599.98,2,C1917,PayPal
2024-03-21,Desk Organizer,Office Supplies,East,59.98,2,C1161,Cash
2024-03-21,USB Cable,Accessories,West,12.34,1,C1045,PayPal
2024-03-21,Headphones,Electronics,West,159.99,1,C1620,PayPal
2024-03-21,LED Desk Lamp,Office Supplies,North,45.99,1,C2242,PayPal
2024-03-21,Mouse,Accessories,West,47.48,2,C2387,Cash
2024-03-21,Laptop,Electronics,East,1234.99,1,C1839,Debit Card
2024-03-21,Headphones,Electronics,East,303.98,2,C1523,PayPal
2024-03-21,Monitor,Electronics,West,1049.97,3,C1589,Credit Card
2024-03-21,Mousepad,Accessories,South,39.98,2,C2405,Cash
2024-03-21,Desk Organizer,Office Supplies,West,89.97,3,C2476,Cash
2024-03-21,Keyboard,Accessories,West,75.99,1,C1495,PayPal
2024-03-21,Ergonomic Chair,Office Supplies,North,474.98,2,C1876,Cash
2024-03-21,Desk Organizer,Office Supplies,West,89.97,3,C1958,Debit Card
2024-03-21,Keyboard,Accessories,North,151.98,2,C2184,PayPal
2024-03-21,LED Desk Lamp,Office Supplies,North,137.97,3,C1622,PayPal
2024-03-21,Power Bank,Accessories,West,39.99,1,C2243,PayPal
2024-03-22,Notebook,Office Supplies,North,19.98,2,C1995,Cash
2024-03-22,Desk Organizer,Office Supplies,South,107.96,4,C1672,Credit Card
2024-03-22,Tablet,Electronics,South,449.99,1,C2123,Debit Card
2024-03-22,Mousepad,Accessories,North,18.99,1,C1757,PayPal
2024-03-22,Keyboard,Accessories,East,159.98,2,C2107,PayPal
2024-03-22,Headphones,Electronics,West,143.99,1,C2072,Cash
2024-03-22,Mousepad,Accessories,East,59.97,3,C1491,Debit Card
2024-03-22,LED Desk Lamp,Office Supplies,West,45.99,1,C1708,Cash
2024-03-22,Power Bank,Accessories,North,113.97,3,C1117,Credit Card
2024-03-22,USB Cable,Accessories,West,12.99,1,C1742,Cash
2024-03-22,Mouse,Accessories,West,49.98,2,C2432,PayPal
2024-03-22,Smartphone,Electronics,West,799.99,1,C1339,Cash
2024-03-22,LED Desk Lamp,Office Supplies,East,43.69,1,C1690,Credit Card
2024-03-22,Power Bank,Accessories,East,37.99,1,C1009,Credit Card
2024-03-22,LED Desk Lamp,Office Supplies,West,43.69,1,C2306,Debit Card
2024-03-22,Mouse,Accessories,West,49.98,2,C2354,Debit Card
2024-03-22,Laptop,Electronics,South,2599.98,2,C1631,PayPal
2024-03-22,Smartphone,Electronics,South,1599.98,2,C1464,PayPal
2024-03-22,Desk Organizer,Office Supplies,North,134.95,5,C1540,PayPal
2024-03-22,LED Desk Lamp,Office Supplies,West,87.38,2,C1718,Credit Card
2024-03-22,Tablet,Electronics,West,449.99,1,C1918,Cash
2024-03-22,Desk Organizer,Office Supplies,West,29.99,1,C2368,Debit Card
2024-03-22,Headphones,Electronics,South,319.98,2,C1926,Cash
2024-03-22,Tablet,Electronics,North,449.99,1,C1715,Cash
2024-03-22,Mouse,Accessories,North,24.99,1,C1532,PayPal
2024-03-22,Keyboard,Accessories,West,71.99,1,C1559,Credit Card
2024-03-22,Ergonomic Chair,Office Supplies,North,249.99,1,C1015,Credit Card
2024-03-22,Desk Organizer,Office Supplies,South,119.96,4,C1195,PayPal
2024-03-23,Desk Organizer,Office Supplies,South,28.49,1,C1305,Cash
2024-03-23,Keyboard,Accessories,East,151.98,2,C1885,Debit Card
2024-03-23,Power Bank,Accessories,South,71.98,2,C1808,Debit Card
2024-03-23,Notebook,Office Supplies,East,9.99,1,C2382,Debit Card
2024-03-23,Notebook,Office Supplies,South,19.98,2,C2136,Cash
2024-03-23,Smartphone,Electronics,East,2399.97,3,C2067,PayPal
2024-03-23,Laptop,Electronics,West,2599.98,2,C2191,Debit Card
2024-03-23,Desk Organizer,Office Supplies,North,85.47,3,C2408,PayPal
2024-03-23,Ergonomic Chair,Office Supplies,East,249.99,1,C2036,Debit Card
2024-03-23,Tablet,Electronics,North,499.99,1,C2019,Credit Card
2024-03-23,Power Bank,Accessories,West,119.97,3,C1296,Credit Card
2024-03-23,Tablet,Electronics,South,1799.96,4,C2314,Cash
2024-03-23,Ergonomic Chair,Office Supplies,South,499.98,2,C1294,Credit Card
2024-03-23,Notebook,Office Supplies,North,79.92,8,C1560,Cash
2024-03-23,Notebook,Office Supplies,North,75.92,8,C1002,Debit Card
2024-03-23,Desk Organizer,Office Supplies,East,29.99,1,C2404,Cash
2024-03-23,Power Bank,Accessories,West,35.99,1,C1179,Debit Card
2024-03-23,Tablet,Electronics,East,999.98,2,C1353,Cash
2024-03-23,LED Desk Lamp,Office Supplies,West,229.95,5,C1986,Cash
2024-03-23,USB Cable,Accessories,South,12.34,1,C1661,PayPal
2024-03-23,Notebook,Office Supplies,West,29.97,3,C1805,Debit Card
2024-03-23,USB Cable,Accessories,North,12.34,1,C2405,PayPal
2024-03-23,Mouse,Accessories,North,49.98,2,C1669,Cash
2024-03-23,Power Bank,Accessories,West,75.98,2,C1197,Credit Card
2024-03-23,Power Bank,Accessories,West,39.99,1,C2127,Credit Card
2024-03-24,Notebook,Office Supplies,East,8.99,1,C1309,PayPal
2024-03-24,Mouse,Accessories,West,24.99,1,C2288,Cash
2024-03-24,LED Desk Lamp,Office Supplies,South,41.39,1,C1943,Credit Card
2024-03-24,Keyboard,Accessories,East,239.97,3,C1245,PayPal
2024-03-24,Keyboard,Accessories,West,159.98,2,C1497,PayPal
2024-03-24,Mouse,Accessories,North,24.99,1,C1535,Credit Card
2024-03-24,Notebook,Office Supplies,West,26.97,3,C2312,Credit Card
2024-03-24,Ergonomic Chair,Office Supplies,West,999.96,4,C1128,PayPal
2024-03-24,Headphones,Electronics,East,799.95,5,C2330,PayPal
2024-03-24,Laptop,Electronics,West,2599.98,2,C1649,Cash
2024-03-24,Notebook,Office Supplies,East,9.99,1,C1852,PayPal
2024-03-24,Power Bank,Accessories,East,119.97,3,C2497,Credit Card
2024-03-24,Ergonomic Chair,Office Supplies,South,474.98,2,C2345,Credit Card
2024-03-24,Desk Organizer,Office Supplies,West,59.98,2,C1680,Cash
2024-03-24,USB Cable,Accessories,South,12.99,1,C2352,Debit Card
2024-03-24,Headphones,Electronics,West,319.98,2,C2491,PayPal
2024-03-24,LED Desk Lamp,Office Supplies,West,45.99,1,C1912,PayPal
2024-03-24,Power Bank,Accessories,South,35.99,1,C1575,Debit Card
2024-03-24,Mouse,Accessories,East,24.99,1,C2441,Debit Card
2024-03-24,Monitor,Electronics,South,664.98,2,C2145,Credit Card
2024-03-24,Tablet,Electronics,West,499.99,1,C1153,Cash
2024-03-24,Mouse,Accessories,North,99.96,4,C2388,Cash
2024-03-24,Desk Organizer,Office Supplies,South,26.99,1,C2382,PayPal
2024-03-24,Tablet,Electronics,North,949.98,2,C2327,PayPal
2024-03-24,Ergonomic Chair,Office Supplies,East,999.96,4,C2294,Credit Card
2024-03-24,Smartphone,Electronics,East,2399.97,3,C1383,Cash
2024-03-24,LED Desk Lamp,Office Supplies,West,41.39,1,C1865,PayPal
2024-03-24,Power Bank,Accessories,West,79.98,2,C2337,PayPal
2024-03-24,LED Desk Lamp,Office Supplies,North,43.69,1,C1293,Credit Card
2024-03-24,Ergonomic Chair,Office Supplies,East,237.49,1,C2427,PayPal
2024-03-24,Webcam,Electronics,South,179.98,2,C1398,Cash
2024-03-24,USB Cable,Accessories,West,11.69,1,C2114,Debit Card
2024-03-25,Webcam,Electronics,South,85.49,1,C1373,Cash
2024-03-25,Keyboard,Accessories,North,71.99,1,C2056,Cash
2024-03-25,Mousepad,Accessories,East,35.98,2,C1045,Debit Card
2024-03-25,Webcam,Electronics,West,89.99,1,C1327,Credit Card
2024-03-25,Mouse,Accessories,East,99.96,4,C1190,Credit Card
2024-03-25,LED Desk Lamp,Office Supplies,West,41.39,1,C1094,PayPal
2024-03-25,USB Cable,Accessories,East,23.38,2,C1705,PayPal
2024-03-25,Ergonomic Chair,Office Supplies,North,999.96,4,C1035,PayPal
2024-03-25,Desk Organizer,Office Supplies,East,28.49,1,C2358,Cash
2024-03-25,Power Bank,Accessories,West,39.99,1,C1430,Credit Card
2024-03-25,Mousepad,Accessories,East,39.98,2,C1037,Cash
2024-03-25,USB Cable,Accessories,North,25.98,2,C2133,Cash
2024-03-25,Desk Organizer,Office Supplies,South,119.96,4,C2392,Credit Card
2024-03-25,Webcam,Electronics,North,80.99,1,C2105,PayPal
2024-03-25,Notebook,Office Supplies,North,19.98,2,C1202,Cash
2024-03-25,Laptop,Electronics,East,3899.97,3,C1488,Credit Card
2024-03-25,Keyboard,Accessories,North,75.99,1,C1028,PayPal
2024-03-25,Power Bank,Accessories,East,199.95,5,C1118,Debit Card
2024-03-25,Smartphone,Electronics,West,799.99,1,C1868,Debit Card
2024-03-25,Monitor,Electronics,South,314.99,1,C1404,Debit Card
2024-03-25,Tablet,Electronics,East,449.99,1,C1518,Cash
2024-03-25,Desk Organizer,Office Supplies,South,28.49,1,C2177,PayPal
2024-03-25,LED Desk Lamp,Office Supplies,East,82.78,2,C1017,Debit Card
2024-03-25,LED Desk Lamp,Office Supplies,North,459.9,10,C1278,PayPal
2024-03-25,LED Desk Lamp,Office Supplies,West,45.99,1,C1196,Credit Card
2024-03-25,Ergonomic Chair,Office Supplies,West,474.98,2,C1593,Debit Card
2024-03-26,Ergonomic Chair,Office Supplies,West,449.98,2,C1471,Cash
2024-03-26,Mouse,Accessories,East,74.97,3,C1467,PayPal
2024-03-26,Ergonomic Chair,Office Supplies,East,1999.92,8,C2002,Debit Card
2024-03-26,Desk Organizer,Office Supplies,South,59.98,2,C2000,Credit Card
2024-03-26,Headphones,Electronics,North,479.97,3,C2152,PayPal
2024-03-26,Desk Organizer,Office Supplies,North,149.95,5,C1380,PayPal
2024-03-26,Keyboard,Accessories,West,159.98,2,C1529,PayPal
2024-03-26,USB Cable,Accessories,North,12.99,1,C1059,Debit Card
2024-03-26,LED Desk Lamp,Office Supplies,East,45.99,1,C2260,Cash
2024-03-26,Notebook,Office Supplies,West,49.95,5,C1882,Credit Card
2024-03-26,Mouse,Accessories,North,23.74,1,C1347,Cash
2024-03-26,Notebook,Office Supplies,South,9.99,1,C1888,Credit Card
2024-03-26,Mousepad,Accessories,North,18.99,1,C1019,Credit Card
2024-03-26,LED Desk Lamp,Office Supplies,North,45.99,1,C1205,Debit Card
2024-03-26,Ergonomic Chair,Office Supplies,North,249.99,1,C1018,Credit Card
2024-03-26,Smartphone,Electronics,South,1599.98,2,C1920,Cash
2024-03-26,Ergonomic Chair,Office Supplies,South,249.99,1,C1192,Debit Card
2024-03-26,Notebook,Office Supplies,West,8.99,1,C2240,Cash
2024-03-26,Mouse,Accessories,South,118.7,5,C1859,PayPal
2024-03-26,Smartphone,Electronics,West,799.99,1,C1343,Credit Card
2024-03-26,Monitor,Electronics,East,349.99,1,C1038,Cash
2024-03-26,Ergonomic Chair,Office Supplies,North,749.97,3,C2157,Cash
2024-03-26,Tablet,Electronics,South,999.98,2,C1786,Credit Card
2024-03-26,Laptop,Electronics,North,3509.97,3,C2240,Debit Card
2024-03-26,Ergonomic Chair,Office Supplies,South,249.99,1,C1125,PayPal
2024-03-27,USB Cable,Accessories,West,11.69,1,C1856,Cash
2024-03-27,Notebook,Office Supplies,West,39.96,4,C1165,Cash
2024-03-27,Ergonomic Chair,Office Supplies,East,237.49,1,C2194,PayPal
2024-03-27,Laptop,Electronics,North,1299.99,1,C2447,Debit Card
2024-03-27,Notebook,Office Supplies,West,19.98,2,C1479,Debit Card
2024-03-27,LED Desk Lamp,Office Supplies,West,229.95,5,C1347,Debit Card
2024-03-27,Keyboard,Accessories,South,79.99,1,C1562,PayPal
2024-03-27,Mouse,Accessories,West,47.48,2,C1499,PayPal
2024-03-27,Mousepad,Accessories,East,17.99,1,C1323,Debit Card
2024-03-27,Mouse,Accessories,East,49.98,2,C2468,Debit Card
2024-03-27,Ergonomic Chair,Office Supplies,East,249.99,1,C1418,PayPal
2024-03-27,Ergonomic Chair,Office Supplies,South,224.99,1,C1767,Credit Card
2024-03-27,LED Desk Lamp,Office Supplies,South,43.69,1,C2129,PayPal
2024-03-27,Notebook,Office Supplies,East,19.98,2,C1067,Debit Card
2024-03-27,Desk Organizer,Office Supplies,East,85.47,3,C1056,Debit Card
2024-03-27,Tablet,Electronics,North,999.98,2,C2357,Credit Card
2024-03-27,Smartphone,Electronics,West,799.99,1,C1390,PayPal
2024-03-28,Desk Organizer,Office Supplies,East,119.96,4,C1549,PayPal
2024-03-28,Webcam,Electronics,East,179.98,2,C1007,Credit Card
2024-03-28,Monitor,Electronics,West,2799.92,8,C1339,Debit Card
2024-03-28,Tablet,Electronics,North,899.98,2,C2333,Debit Card
2024-03-28,Ergonomic Chair,Office Supplies,West,224.99,1,C1498,Cash
2024-03-28,Notebook,Office Supplies,North,8.99,1,C1329,Debit Card
2024-03-28,Webcam,Electronics,South,80.99,1,C1818,Debit Card
2024-03-28,Desk Organizer,Office Supplies,South,80.97,3,C1989,Cash
2024-03-28,LED Desk Lamp,Office Supplies,South,91.98,2,C1588,Cash
2024-03-28,Laptop,Electronics,North,1299.99,1,C2160,Credit Card
2024-03-28,Mouse,Accessories,South,44.98,2,C1291,Debit Card
2024-03-28,Headphones,Electronics,South,287.98,2,C2316,Cash
2024-03-28,USB Cable,Accessories,West,25.98,2,C1158,PayPal
2024-03-28,Tablet,Electronics,North,499.99,1,C1818,Credit Card
2024-03-28,Mousepad,Accessories,West,199.9,10,C2243,Cash
2024-03-28,Tablet,Electronics,East,499.99,1,C1287,Debit Card
2024-03-28,Monitor,Electronics,South,332.49,1,C1069,Cash
2024-03-28,Webcam,Electronics,East,89.99,1,C1685,Cash
2024-03-28,USB Cable,Accessories,West,24.68,2,C1074,Credit Card
2024-03-28,Webcam,Electronics,South,269.97,3,C1556,Credit Card
2024-03-28,USB Cable,Accessories,South,12.34,1,C1832,Cash
2024-03-28,Notebook,Office Supplies,West,9.99,1,C1123,Credit Card
2024-03-28,Smartphone,Electronics,East,799.99,1,C1888,Credit Card
2024-03-28,Mousepad,Accessories,East,39.98,2,C1596,Cash
2024-03-28,Power Bank,Accessories,West,35.99,1,C1265,Cash
2024-03-28,Mouse,Accessories,North,74.97,3,C1970,Credit Card
2024-03-29,Ergonomic Chair,Office Supplies,North,749.97,3,C1740,PayPal
2024-03-29,Smartphone,Electronics,East,3599.95,5,C2196,Debit Card
2024-03-29,Notebook,Office Supplies,South,8.99,1,C1092,Credit Card
2024-03-29,Tablet,Electronics,East,474.99,1,C1605,Credit Card
2024-03-29,Webcam,Electronics,North,269.97,3,C2366,Debit Card
2024-03-29,Notebook,Office Supplies,South,8.99,1,C1259,PayPal
2024-03-29,Ergonomic Chair,Office Supplies,North,499.98,2,C1848,Credit Card
2024-03-29,Ergonomic Chair,Office Supplies,North,449.98,2,C1456,PayPal
2024-03-29,Laptop,Electronics,South,2469.98,2,C1518,Debit Card
2024-03-29,Monitor,Electronics,West,349.99,1,C1306,PayPal
2024-03-29,Mousepad,Accessories,North,59.97,3,C2221,Cash
2024-03-29,Monitor,Electronics,West,1749.95,5,C1512,PayPal
2024-03-29,LED Desk Lamp,Office Supplies,South,45.99,1,C1911,Debit Card
2024-03-29,Keyboard,Accessories,North,319.96,4,C2148,PayPal
2024-03-29,Desk Organizer,Office Supplies,East,59.98,2,C1133,Debit Card
2024-03-29,Tablet,Electronics,West,999.98,2,C1130,Credit Card
2024-03-29,Power Bank,Accessories,South,39.99,1,C2267,Cash
2024-03-29,Headphones,Electronics,West,159.99,1,C1358,PayPal
2024-03-29,Notebook,Office Supplies,West,39.96,4,C1804,Debit Card
2024-03-29,Headphones,Electronics,South,159.99,1,C1283,PayPal
2024-03-29,USB Cable,Accessories,South,12.34,1,C1473,Debit Card
2024-03-29,Mouse,Accessories,North,22.49,1,C1056,PayPal
2024-03-29,Ergonomic Chair,Office Supplies,West,249.99,1,C2120,Debit Card
2024-03-29,Keyboard,Accessories,East,75.99,1,C2354,Credit Card
2024-03-30,Ergonomic Chair,Office Supplies,East,249.99,1,C1704,Cash
2024-03-30,Notebook,Office Supplies,East,17.98,2,C2292,Cash
2024-03-30,Notebook,Office Supplies,North,8.99,1,C2265,PayPal
2024-03-30,Notebook,Office Supplies,South,9.99,1,C1489,Credit Card
2024-03-30,USB Cable,Accessories,South,46.76,4,C2091,PayPal
2024-03-30,Headphones,Electronics,North,319.98,2,C1933,Debit Card
2024-03-30,Desk Organizer,Office Supplies,North,59.98,2,C1682,Debit Card
2024-03-30,Notebook,Office Supplies,East,28.47,3,C2104,PayPal
2024-03-30,Webcam,Electronics,South,89.99,1,C1504,PayPal
2024-03-30,LED Desk Lamp,Office Supplies,West,82.78,2,C1821,Credit Card
2024-03-30,Webcam,Electronics,East,85.49,1,C2263,Cash
2024-03-30,Headphones,Electronics,South,1599.9,10,C1520,PayPal
2024-03-30,Mousepad,Accessories,West,75.96,4,C2199,Cash
2024-03-30,Desk Organizer,Office Supplies,East,29.99,1,C1965,Debit Card
2024-03-30,Smartphone,Electronics,North,799.99,1,C1488,Debit Card
2024-03-30,Notebook,Office Supplies,South,9.99,1,C2191,Debit Card
2024-03-30,Ergonomic Chair,Office Supplies,East,499.98,2,C1276,Cash
2024-03-30,USB Cable,Accessories,South,12.34,1,C2046,Cash
2024-03-30,Mouse,Accessories,North,24.99,1,C1449,Credit Card
2024-03-30,Tablet,Electronics,North,999.98,2,C2454,Debit Card
2024-03-30,USB Cable,Accessories,East,12.99,1,C1698,PayPal
2024-03-30,Headphones,Electronics,North,151.99,1,C1384,Credit Card
2024-03-31,Smartphone,Electronics,East,799.99,1,C2201,Credit Card
2024-03-31,Notebook,Office Supplies,South,19.98,2,C1505,Debit Card
2024-03-31,LED Desk Lamp,Office Supplies,North,82.78,2,C1935,PayPal
2024-03-31,Mouse,Accessories,West,23.74,1,C2336,Debit Card
2024-03-31,Keyboard,Accessories,West,79.99,1,C2140,Cash
2024-03-31,USB Cable,Accessories,South,12.99,1,C1726,Credit Card
2024-03-31,Headphones,Electronics,West,639.96,4,C1503,Debit Card
2024-03-31,LED Desk Lamp,Office Supplies,South,41.39,1,C1686,PayPal
2024-03-31,USB Cable,Accessories,South,61.7,5,C1026,Credit Card
2024-03-31,USB Cable,Accessories,East,25.98,2,C2458,PayPal
2024-03-31,Keyboard,Accessories,East,319.96,4,C1092,PayPal
2024-03-31,Webcam,Electronics,South,359.96,4,C1388,Credit Card
2024-03-31,Desk Organizer,Office Supplies,South,26.99,1,C1789,PayPal
2024-03-31,Smartphone,Electronics,East,3999.95,5,C1851,Debit Card
2024-03-31,Mouse,Accessories,West,44.98,2,C1288,PayPal
2024-03-31,Laptop,Electronics,East,6174.95,5,C1199,Credit Card
2024-03-31,Desk Organizer,Office Supplies,East,119.96,4,C1011,Credit Card
2024-03-31,Mouse,Accessories,North,23.74,1,C1228,Debit Card
2024-03-31,Notebook,Office Supplies,West,19.98,2,C2426,Cash
2024-03-31,USB Cable,Accessories,South,12.99,1,C1660,PayPal
2024-03-31,Power Bank,Accessories,North,79.98,2,C1969,Credit Card
2024-03-31,Ergonomic Chair,Office Supplies,South,999.96,4,C2172,PayPal
2024-03-31,Desk Organizer,Office Supplies,South,239.92,8,C1800,Debit Card
2024-03-31,Keyboard,Accessories,South,75.99,1,C2030,Credit Card
2024-03-31,Mousepad,Accessories,East,19.99,1,C2411,Credit Card
2024-03-31,Notebook,Office Supplies,East,19.98,2,C1513,Credit Card
2024-03-31,Desk Organizer,Office Supplies,North,29.99,1,C2227,PayPal
2024-03-31,USB Cable,Accessories,West,58.46,5,C1603,Credit Card
2024-03-31,Power Bank,Accessories,West,39.99,1,C1976,Cash
2024-03-31,Mousepad,Accessories,West,19.99,1,C1100,Credit Card
2024-03-31,Mouse,Accessories,West,22.49,1,C2388,Debit Card
2024-03-31,Notebook,Office Supplies,East,99.9,10,C1260,PayPal
2024-03-31,Monitor,Electronics,North,699.98,2,C1066,PayPal
2024-03-31,Mouse,Accessories,South,47.48,2,C1179,Credit Card
2024-03-31,USB Cable,Accessories,West,25.98,2,C1457,Credit Card
2024-03-31,USB Cable,Accessories,East,11.69,1,C2173,Debit Card
2024-04-01,Ergonomic Chair,Office Supplies,South,499.98,2,C1066,Cash
2024-04-01,USB Cable,Accessories,South,12.34,1,C2295,Debit Card
2024-04-01,Mousepad,Accessories,North,19.99,1,C1476,Debit Card
2024-04-01,Desk Organizer,Office Supplies,East,26.99,1,C2041,PayPal
2024-04-01,Mousepad,Accessories,East,19.99,1,C2277,Credit Card
2024-04-01,Mouse,Accessories,South,124.95,5,C1121,Credit Card
2024-04-01,Power Bank,Accessories,South,189.95,5,C1827,PayPal
2024-04-01,USB Cable,Accessories,North,25.98,2,C2240,Cash
2024-04-01,Smartphone,Electronics,West,1599.98,2,C1898,Credit Card
2024-04-01,Keyboard,Accessories,North,143.98,2,C2049,Credit Card
2024-04-01,Smartphone,Electronics,East,1599.98,2,C2173,PayPal
2024-04-01,Notebook,Office Supplies,South,19.98,2,C1824,Cash
2024-04-01,LED Desk Lamp,Office Supplies,West,91.98,2,C1374,Debit Card
2024-04-01,Tablet,Electronics,North,999.98,2,C1784,Cash
2024-04-01,Tablet,Electronics,North,449.99,1,C1752,Cash
2024-04-01,Ergonomic Chair,Office Supplies,East,237.49,1,C1556,Debit Card
2024-04-01,LED Desk Lamp,Office Supplies,North,45.99,1,C1448,Credit Card
2024-04-01,Ergonomic Chair,Office Supplies,West,712.47,3,C1547,PayPal
2024-04-01,Laptop,Electronics,West,2599.98,2,C2498,Credit Card
2024-04-01,Webcam,Electronics,South,647.93,8,C1122,Cash
2024-04-01,Mouse,Accessories,North,49.98,2,C2188,Credit Card
2024-04-01,Ergonomic Chair,Office Supplies,East,249.99,1,C1211,Cash
2024-04-01,Ergonomic Chair,Office Supplies,West,224.99,1,C1752,Credit Card
2024-04-01,Smartphone,Electronics,North,2399.97,3,C1660,Debit Card
2024-04-01,Headphones,Electronics,North,159.99,1,C1643,Cash
2024-04-01,Monitor,Electronics,South,349.99,1,C1126,Cash
2024-04-01,Mousepad,Accessories,East,39.98,2,C1308,Debit Card
2024-04-01,Desk Organizer,Office Supplies,East,59.98,2,C1018,Debit Card
2024-04-01,Mouse,Accessories,South,24.99,1,C1383,Cash
2024-04-01,Notebook,Office Supplies,South,19.98,2,C1755,Cash
2024-04-01,Headphones,Electronics,South,151.99,1,C2138,Debit Card
2024-04-01,Smartphone,Electronics,South,799.99,1,C1745,Credit Card
2024-04-01,Power Bank,Accessories,East,199.95,5,C2458,Credit Card
2024-04-01,Desk Organizer,Office Supplies,East,59.98,2,C1903,PayPal
2024-04-01,Mouse,Accessories,South,49.98,2,C1158,Debit Card
2024-04-02,Mouse,Accessories,South,24.99,1,C1163,Credit Card
2024-04-02,Webcam,Electronics,East,85.49,1,C1334,Credit Card
2024-04-02,Power Bank,Accessories,East,39.99,1,C1569,PayPal
2024-04-02,LED Desk Lamp,Office Supplies,East,87.38,2,C1990,Cash
2024-04-02,Smartphone,Electronics,North,1599.98,2,C1181,Credit Card
2024-04-02,USB Cable,Accessories,North,12.99,1,C1338,Debit Card
2024-04-02,Mousepad,Accessories,North,18.99,1,C1482,Credit Card
2024-04-02,Webcam,Electronics,West,89.99,1,C1123,Credit Card
2024-04-02,Power Bank,Accessories,East,39.99,1,C1099,PayPal
2024-04-02,LED Desk Lamp,Office Supplies,South,41.39,1,C1191,Credit Card
2024-04-02,Laptop,Electronics,South,2599.98,2,C1306,PayPal
2024-04-02,Power Bank,Accessories,North,71.98,2,C1987,Debit Card
2024-04-02,Power Bank,Accessories,West,39.99,1,C2106,Credit Card
2024-04-02,LED Desk Lamp,Office Supplies,East,91.98,2,C1854,Debit Card
2024-04-02,Power Bank,Accessories,East,39.99,1,C1191,Cash
2024-04-02,Tablet,Electronics,North,474.99,1,C2301,Debit Card
2024-04-02,Keyboard,Accessories,West,151.98,2,C1933,PayPal
2024-04-02,Smartphone,Electronics,East,1599.98,2,C1435,Credit Card
2024-04-02,Smartphone,Electronics,South,759.99,1,C1988,Credit Card
2024-04-02,Smartphone,Electronics,East,759.99,1,C1177,Cash
2024-04-02,LED Desk Lamp,Office Supplies,North,41.39,1,C1792,Cash
2024-04-02,USB Cable,Accessories,East,11.69,1,C1225,Credit Card
2024-04-02,Mouse,Accessories,West,67.47,3,C1011,Credit Card
2024-04-02,Webcam,Electronics,West,85.49,1,C2023,Debit Card
2024-04-02,Smartphone,Electronics,West,799.99,1,C1706,Debit Card
2024-04-02,LED Desk Lamp,Office Supplies,West,91.98,2,C1943,Credit Card
2024-04-02,Power Bank,Accessories,East,39.99,1,C1079,Cash
2024-04-02,Webcam,Electronics,South,170.98,2,C2426,PayPal
2024-04-02,Notebook,Office Supplies,East,35.96,4,C1970,Debit Card
2024-04-02,Notebook,Office Supplies,West,29.97,3,C1482,Debit Card
2024-04-02,LED Desk Lamp,Office Supplies,North,45.99,1,C1378,Cash
2024-04-02,Keyboard,Accessories,North,75.99,1,C2150,Credit Card
2024-04-02,Webcam,Electronics,South,269.97,3,C2245,PayPal
2024-04-02,Ergonomic Chair,Office Supplies,North,237.49,1,C1808,PayPal
2024-04-02,Tablet,Electronics,South,474.99,1,C2401,Credit Card
2024-04-02,Desk Organizer,Office Supplies,East,59.98,2,C2169,Cash
2024-04-02,Notebook,Office Supplies,North,9.99,1,C1340,Cash
2024-04-02,Mousepad,Accessories,West,19.99,1,C1358,Cash
2024-04-03,Tablet,Electronics,North,2499.95,5,C1546,Debit Card
2024-04-03,Headphones,Electronics,East,159.99,1,C1894,Credit Card
2024-04-03,Laptop,Electronics,South,1299.99,1,C1278,Cash
2024-04-03,USB Cable,Accessories,South,38.97,3,C2223,Cash
2024-04-03,Laptop,Electronics,East,5199.96,4,C2430,Cash
2024-04-03,USB Cable,Accessories,South,64.95,5,C2351,Debit Card
2024-04-03,Desk Organizer,Office Supplies,North,89.97,3,C2428,Debit Card
2024-04-03,Tablet,Electronics,West,1499.97,3,C1674,Credit Card
2024-04-03,Notebook,Office Supplies,South,9.99,1,C1687,PayPal
2024-04-03,Desk Organizer,Office Supplies,North,26.99,1,C2146,Cash
2024-04-03,USB Cable,Accessories,North,12.99,1,C1863,Credit Card
2024-04-03,Notebook,Office Supplies,South,18.98,2,C2205,Credit Card
2024-04-03,USB Cable,Accessories,East,46.76,4,C1022,PayPal
2024-04-03,Monitor,Electronics,East,349.99,1,C1566,Debit Card
2024-04-03,Smartphone,Electronics,West,1599.98,2,C1622,Cash
2024-04-03,Ergonomic Chair,Office Supplies,North,499.98,2,C1452,Credit Card
2024-04-03,Ergonomic Chair,Office Supplies,West,249.99,1,C1263,Credit Card
2024-04-03,Desk Organizer,Office Supplies,West,56.98,2,C1496,Debit Card
2024-04-04,Desk Organizer,Office Supplies,North,28.49,1,C2342,Credit Card
2024-04-04,Headphones,Electronics,South,159.99,1,C1816,Credit Card
2024-04-04,USB Cable,Accessories,North,64.95,5,C2194,Credit Card
2024-04-04,Notebook,Office Supplies,North,9.99,1,C1936,Cash
2024-04-04,Monitor,Electronics,South,349.99,1,C1700,Cash
2024-04-04,USB Cable,Accessories,North,25.98,2,C1791,Debit Card
2024-04-04,USB Cable,Accessories,East,12.99,1,C1946,Debit Card
2024-04-04,Power Bank,Accessories,East,35.99,1,C1540,Cash
2024-04-04,Power Bank,Accessories,South,37.99,1,C1671,Cash
2024-04-04,LED Desk Lamp,Office Supplies,North,367.92,8,C2148,Debit Card
2024-04-04,Notebook,Office Supplies,North,19.98,2,C2210,Credit Card
2024-04-04,LED Desk Lamp,Office Supplies,South,91.98,2,C2204,Debit Card
2024-04-04,Notebook,Office Supplies,South,9.99,1,C1827,Credit Card
2024-04-04,Keyboard,Accessories,East,79.99,1,C2388,Debit Card
2024-04-04,Power Bank,Accessories,South,189.95,5,C1267,Cash
2024-04-04,Mouse,Accessories,East,44.98,2,C1538,Credit Card
2024-04-04,Ergonomic Chair,Office Supplies,North,249.99,1,C2188,Debit Card
2024-04-04,Webcam,Electronics,East,89.99,1,C1174,Debit Card
2024-04-04,Laptop,Electronics,West,1299.99,1,C2150,Credit Card
2024-04-04,LED Desk Lamp,Office Supplies,East,82.78,2,C2011,PayPal
2024-04-04,LED Desk Lamp,Office Supplies,East,45.99,1,C1571,PayPal
2024-04-04,LED Desk Lamp,Office Supplies,East,131.07,3,C1349,Debit Card
2024-04-04,Webcam,Electronics,North,179.98,2,C1724,Cash
2024-04-04,Notebook,Office Supplies,South,49.95,5,C2228,Credit Card
2024-04-04,Notebook,Office Supplies,North,9.99,1,C2135,PayPal
2024-04-04,Headphones,Electronics,East,719.96,5,C1535,Cash
2024-04-04,Mouse,Accessories,East,71.22,3,C1354,Cash
2024-04-04,Power Bank,Accessories,North,107.97,3,C1789,Debit Card
2024-04-05,Desk Organizer,Office Supplies,North,59.98,2,C2421,Debit Card
2024-04-05,Desk Organizer,Office Supplies,West,59.98,2,C1404,Debit Card
2024-04-05,Headphones,Electronics,West,143.99,1,C1158,Debit Card
2024-04-05,Smartphone,Electronics,South,799.99,1,C1503,Cash
2024-04-05,Smartphone,Electronics,East,799.99,1,C2473,Debit Card
2024-04-05,Monitor,Electronics,North,314.99,1,C1245,Cash
2024-04-05,Keyboard,Accessories,East,75.99,1,C1205,Debit Card
2024-04-05,Notebook,Office Supplies,West,9.49,1,C1906,Debit Card
2024-04-05,Monitor,Electronics,West,349.99,1,C2448,Debit Card
2024-04-05,Webcam,Electronics,North,89.99,1,C1687,Credit Card
2024-04-05,Power Bank,Accessories,North,107.97,3,C1993,PayPal
2024-04-05,Keyboard,Accessories,North,79.99,1,C1762,PayPal
2024-04-05,Notebook,Office Supplies,South,17.98,2,C1347,Debit Card
2024-04-05,Mousepad,Accessories,North,53.97,3,C1446,Debit Card
2024-04-05,Smartphone,Electronics,West,2879.96,4,C1045,Cash
2024-04-05,Tablet,Electronics,North,474.99,1,C2306,Credit Card
2024-04-05,Desk Organizer,Office Supplies,East,29.99,1,C2370,Cash
2024-04-05,Headphones,Electronics,South,151.99,1,C1948,PayPal
2024-04-05,Keyboard,Accessories,West,143.98,2,C2480,PayPal
2024-04-05,Webcam,Electronics,North,269.97,3,C1512,PayPal
2024-04-05,Smartphone,Electronics,East,2399.97,3,C2382,PayPal
2024-04-05,Desk Organizer,Office Supplies,South,59.98,2,C1552,Cash
2024-04-05,Smartphone,Electronics,North,799.99,1,C1572,Debit Card
2024-04-05,LED Desk Lamp,Office Supplies,West,45.99,1,C1405,Cash
2024-04-05,Headphones,Electronics,South,1279.92,8,C1112,PayPal
2024-04-05,USB Cable,Accessories,West,25.98,2,C1388,Cash
2024-04-05,Monitor,Electronics,South,699.98,2,C2345,Credit Card
2024-04-05,Laptop,Electronics,South,2599.98,2,C2207,PayPal
2024-04-05,Webcam,Electronics,East,89.99,1,C2490,Credit Card
2024-04-05,LED Desk Lamp,Office Supplies,South,91.98,2,C1833,Debit Card
2024-04-05,Tablet,Electronics,South,449.99,1,C2379,Debit Card
2024-04-05,Monitor,Electronics,West,349.99,1,C1551,Cash
2024-04-06,Webcam,Electronics,East,89.99,1,C1677,Debit Card
2024-04-06,Mouse,Accessories,West,23.74,1,C2119,Credit Card
2024-04-06,Notebook,Office Supplies,East,18.98,2,C1935,Credit Card
2024-04-06,Mousepad,Accessories,East,19.99,1,C1856,PayPal
2024-04-06,USB Cable,Accessories,West,11.69,1,C1149,PayPal
2024-04-06,USB Cable,Accessories,North,12.99,1,C1240,Cash
2024-04-06,Webcam,Electronics,South,449.95,5,C2131,PayPal
2024-04-06,Tablet,Electronics,North,999.98,2,C1074,PayPal
2024-04-06,USB Cable,Accessories,West,103.92,8,C1393,Cash
2024-04-06,Notebook,Office Supplies,South,9.99,1,C2031,Credit Card
2024-04-06,Notebook,Office Supplies,West,26.97,3,C1332,Credit Card
2024-04-06,USB Cable,Accessories,North,12.99,1,C1896,Debit Card
2024-04-06,Tablet,Electronics,East,899.98,2,C1805,Cash
2024-04-06,Keyboard,Accessories,North,159.98,2,C2486,PayPal
2024-04-06,Smartphone,Electronics,North,1519.98,2,C1852,Cash
2024-04-06,Tablet,Electronics,East,499.99,1,C2447,Cash
2024-04-06,Power Bank,Accessories,East,119.97,3,C2239,PayPal
2024-04-06,Keyboard,Accessories,South,159.98,2,C2236,PayPal
2024-04-06,Laptop,Electronics,South,2469.98,2,C2114,Credit Card
2024-04-06,Ergonomic Chair,Office Supplies,West,237.49,1,C1629,Debit Card
2024-04-06,Keyboard,Accessories,East,71.99,1,C1897,Cash
2024-04-06,Laptop,Electronics,South,1299.99,1,C1362,Cash
2024-04-06,Ergonomic Chair,Office Supplies,North,237.49,1,C1664,PayPal
2024-04-06,Laptop,Electronics,East,3509.97,3,C2049,Credit Card
2024-04-06,Tablet,Electronics,East,449.99,1,C1297,Credit Card
2024-04-06,Mousepad,Accessories,South,39.98,2,C1023,Cash
2024-04-06,Laptop,Electronics,South,1299.99,1,C1737,Credit Card
2024-04-06,Desk Organizer,Office Supplies,South,29.99,1,C1079,Debit Card
2024-04-06,Headphones,Electronics,South,143.99,1,C1465,Debit Card
2024-04-06,Mouse,Accessories,East,44.98,2,C1561,Credit Card
2024-04-06,LED Desk Lamp,Office Supplies,West,91.98,2,C2185,Debit Card
2024-04-06,Desk Organizer,Office Supplies,North,28.49,1,C1864,Credit Card
2024-04-06,Desk Organizer,Office Supplies,South,29.99,1,C1935,Debit Card
2024-04-06,Mousepad,Accessories,South,71.96,4,C1718,Debit Card
2024-04-06,Desk Organizer,Office Supplies,North,26.99,1,C2168,Credit Card
2024-04-06,Power Bank,Accessories,South,71.98,2,C1868,Cash
2024-04-06,Smartphone,Electronics,West,799.99,1,C1767,Credit Card
2024-04-06,Laptop,Electronics,West,1234.99,1,C1798,Cash
2024-04-06,Notebook,Office Supplies,South,8.99,1,C1638,Debit Card
2024-04-06,Monitor,Electronics,South,349.99,1,C2266,Cash
2024-04-06,Notebook,Office Supplies,South,18.98,2,C1528,Debit Card
2024-04-06,Mouse,Accessories,East,24.99,1,C2351,Credit Card
2024-04-07,USB Cable,Accessories,North,25.98,2,C2245,PayPal
2024-04-07,Mouse,Accessories,West,22.49,1,C2230,PayPal
2024-04-07,Laptop,Electronics,West,2339.98,2,C1589,Cash
2024-04-07,Ergonomic Chair,Office Supplies,North,224.99,1,C2384,Debit Card
2024-04-07,Desk Organizer,Office Supplies,East,29.99,1,C1564,PayPal
2024-04-07,Tablet,Electronics,West,499.99,1,C2190,PayPal
2024-04-07,Power Bank,Accessories,North,35.99,1,C1269,Cash
2024-04-07,Mouse,Accessories,West,22.49,1,C1751,PayPal
2024-04-07,Notebook,Office Supplies,East,28.47,3,C1245,Cash
2024-04-07,LED Desk Lamp,Office Supplies,North,45.99,1,C1547,Debit Card
2024-04-07,Monitor,Electronics,East,314.99,1,C2494,Cash
2024-04-07,Power Bank,Accessories,East,113.97,3,C1202,PayPal
2024-04-07,Laptop,Electronics,East,1299.99,1,C1230,Cash
2024-04-07,Keyboard,Accessories,West,159.98,2,C1387,PayPal
2024-04-07,Keyboard,Accessories,East,79.99,1,C1700,Cash
2024-04-07,Notebook,Office Supplies,North,9.99,1,C1603,Cash
2024-04-07,Laptop,Electronics,East,1299.99,1,C1809,Debit Card
2024-04-07,Smartphone,Electronics,North,759.99,1,C1680,Debit Card
2024-04-07,Headphones,Electronics,West,159.99,1,C2019,Credit Card
2024-04-07,Smartphone,Electronics,North,2159.97,3,C1121,PayPal
2024-04-07,Webcam,Electronics,East,899.9,10,C1333,Debit Card
2024-04-07,Mousepad,Accessories,East,39.98,2,C1005,Cash
2024-04-07,Power Bank,Accessories,South,71.98,2,C2246,Debit Card
2024-04-07,LED Desk Lamp,Office Supplies,East,206.96,5,C1211,Cash
2024-04-07,Tablet,Electronics,West,899.98,2,C1908,Credit Card
2024-04-07,Ergonomic Chair,Office Supplies,North,674.97,3,C2297,Credit Card
2024-04-07,Power Bank,Accessories,North,113.97,3,C1650,PayPal
2024-04-07,Webcam,Electronics,East,341.96,4,C2261,Debit Card
2024-04-07,Laptop,Electronics,North,1299.99,1,C2093,PayPal
2024-04-07,Tablet,Electronics,East,1349.97,3,C1888,Cash
2024-04-07,Keyboard,Accessories,North,79.99,1,C1902,Cash
2024-04-07,USB Cable,Accessories,South,64.95,5,C2389,PayPal
2024-04-08,Power Bank,Accessories,North,35.99,1,C2373,Credit Card
2024-04-08,Mouse,Accessories,South,23.74,1,C1170,PayPal
2024-04-08,Tablet,Electronics,West,474.99,1,C1571,Cash
2024-04-08,Mouse,Accessories,South,22.49,1,C1701,Debit Card
2024-04-08,LED Desk Lamp,Office Supplies,East,45.99,1,C2011,Debit Card
2024-04-08,Smartphone,Electronics,West,799.99,1,C2075,Debit Card
2024-04-08,Desk Organizer,Office Supplies,West,26.99,1,C1115,Debit Card
2024-04-08,Keyboard,Accessories,West,799.9,10,C1761,PayPal
2024-04-08,Notebook,Office Supplies,South,26.97,3,C2286,Cash
2024-04-08,LED Desk Lamp,Office Supplies,East,137.97,3,C2081,Debit Card
2024-04-08,USB Cable,Accessories,West,25.98,2,C1753,Cash
2024-04-08,Desk Organizer,Office Supplies,East,149.95,5,C1797,Cash
2024-04-08,Keyboard,Accessories,West,639.92,8,C1232,Credit Card
2024-04-08,Mousepad,Accessories,North,19.99,1,C2034,PayPal
2024-04-08,Power Bank,Accessories,South,119.97,3,C1591,Debit Card
2024-04-08,Notebook,Office Supplies,West,9.99,1,C1529,Cash
2024-04-08,USB Cable,Accessories,South,12.34,1,C2387,Debit Card
2024-04-08,Notebook,Office Supplies,West,17.98,2,C1183,Credit Card
2024-04-08,Tablet,Electronics,South,499.99,1,C2245,Credit Card
2024-04-08,Power Bank,Accessories,North,37.99,1,C1248,Cash
2024-04-08,Mouse,Accessories,South,71.22,3,C1770,Cash
2024-04-08,Mouse,Accessories,East,23.74,1,C1615,Debit Card
2024-04-08,Notebook,Office Supplies,West,19.98,2,C2395,PayPal
2024-04-08,Power Bank,Accessories,South,79.98,2,C1832,Credit Card
2024-04-08,Laptop,Electronics,East,2599.98,2,C1320,PayPal
2024-04-08,Monitor,Electronics,South,332.49,1,C1502,Debit Card
2024-04-08,Ergonomic Chair,Office Supplies,North,499.98,2,C1288,Debit Card
2024-04-08,LED Desk Lamp,Office Supplies,West,45.99,1,C2498,Debit Card
2024-04-08,Headphones,Electronics,North,287.98,2,C1105,Cash
2024-04-08,Smartphone,Electronics,North,1519.98,2,C1415,Debit Card
2024-04-08,Notebook,Office Supplies,East,19.98,2,C1005,Cash
2024-04-08,Webcam,Electronics,East,89.99,1,C1592,PayPal
2024-04-09,Power Bank,Accessories,South,79.98,2,C1606,Debit Card
2024-04-09,USB Cable,Accessories,West,37.02,3,C1450,PayPal
2024-04-09,Mouse,Accessories,North,24.99,1,C1688,Credit Card
2024-04-09,USB Cable,Accessories,West,38.97,3,C1648,Credit Card
2024-04-09,Smartphone,Electronics,South,3999.95,5,C2233,PayPal
2024-04-09,USB Cable,Accessories,East,64.95,5,C2155,Debit Card
2024-04-09,Laptop,Electronics,East,1234.99,1,C2154,Cash
2024-04-09,Mouse,Accessories,West,224.91,10,C1620,Cash
2024-04-09,LED Desk Lamp,Office Supplies,South,91.98,2,C1214,Cash
2024-04-09,Notebook,Office Supplies,South,8.99,1,C1699,Cash
2024-04-09,Smartphone,Electronics,West,799.99,1,C2260,Cash
2024-04-09,Desk Organizer,Office Supplies,North,28.49,1,C2217,PayPal
2024-04-09,Monitor,Electronics,North,1049.97,3,C1945,Credit Card
2024-04-09,Mousepad,Accessories,West,19.99,1,C1852,Cash
2024-04-09,Mousepad,Accessories,West,19.99,1,C1943,Cash
2024-04-09,Ergonomic Chair,Office Supplies,East,899.96,4,C1809,PayPal
2024-04-09,Monitor,Electronics,West,332.49,1,C2373,Credit Card
2024-04-09,Mousepad,Accessories,West,19.99,1,C1783,Cash
2024-04-09,LED Desk Lamp,Office Supplies,North,183.96,4,C2207,Debit Card
2024-04-09,Smartphone,Electronics,West,719.99,1,C1250,PayPal
2024-04-09,Monitor,Electronics,West,1662.45,5,C1249,Cash
2024-04-09,USB Cable,Accessories,North,12.99,1,C1491,Debit Card
2024-04-09,Ergonomic Chair,Office Supplies,West,249.99,1,C1878,Cash
2024-04-09,Tablet,Electronics,North,449.99,1,C1334,PayPal
2024-04-09,Ergonomic Chair,Office Supplies,North,1899.92,8,C1406,Debit Card
2024-04-09,Headphones,Electronics,West,159.99,1,C1266,PayPal
2024-04-10,Laptop,Electronics,North,1299.99,1,C1545,Debit Card
2024-04-10,Laptop,Electronics,North,1299.99,1,C1089,Credit Card
2024-04-10,Webcam,Electronics,East,80.99,1,C1058,Cash
2024-04-10,Ergonomic Chair,Office Supplies,West,249.99,1,C2316,Debit Card
2024-04-10,Smartphone,Electronics,East,799.99,1,C1891,Debit Card
2024-04-10,Monitor,Electronics,East,1259.96,4,C2388,PayPal
2024-04-10,Power Bank,Accessories,East,71.98,2,C1716,PayPal
2024-04-10,LED Desk Lamp,Office Supplies,East,43.69,1,C1701,PayPal
2024-04-10,Ergonomic Chair,Office Supplies,North,1249.95,5,C2195,Credit Card
2024-04-10,Mousepad,Accessories,East,53.97,3,C2184,Debit Card
2024-04-10,LED Desk Lamp,Office Supplies,East,87.38,2,C1652,Cash
2024-04-10,Smartphone,Electronics,North,799.99,1,C2018,Credit Card
2024-04-10,Keyboard,Accessories,South,239.97,3,C1874,PayPal
2024-04-10,Power Bank,Accessories,East,39.99,1,C2409,PayPal
2024-04-10,Keyboard,Accessories,West,79.99,1,C2072,Debit Card
2024-04-10,Laptop,Electronics,South,6174.95,5,C1045,Cash
2024-04-10,Smartphone,Electronics,East,2399.97,3,C1038,PayPal
2024-04-11,LED Desk Lamp,Office Supplies,North,41.39,1,C1582,Cash
2024-04-11,Mousepad,Accessories,East,18.99,1,C2062,Cash
2024-04-11,Mousepad,Accessories,South,39.98,2,C1980,Credit Card
2024-04-11,Ergonomic Chair,Office Supplies,East,474.98,2,C1188,PayPal
2024-04-11,Mouse,Accessories,South,24.99,1,C1662,PayPal
2024-04-11,Tablet,Electronics,West,1799.96,4,C1712,PayPal
2024-04-11,Mousepad,Accessories,East,17.99,1,C1539,Credit Card
2024-04-11,Laptop,Electronics,South,2469.98,2,C1332,Cash
2024-04-11,Monitor,Electronics,South,314.99,1,C1832,Debit Card
2024-04-11,Desk Organizer,Office Supplies,North,28.49,1,C1884,Cash
2024-04-11,Headphones,Electronics,East,159.99,1,C2169,PayPal
2024-04-11,Power Bank,Accessories,North,159.96,4,C1223,Credit Card
2024-04-11,Monitor,Electronics,South,664.98,2,C1020,PayPal
2024-04-11,Webcam,Electronics,South,179.98,2,C1836,Credit Card
2024-04-11,Headphones,Electronics,West,159.99,1,C1570,PayPal
2024-04-11,LED Desk Lamp,Office Supplies,East,91.98,2,C1668,Debit Card
2024-04-11,Tablet,Electronics,North,449.99,1,C1300,Credit Card
2024-04-11,Webcam,Electronics,East,179.98,2,C2168,PayPal
2024-04-11,Notebook,Office Supplies,North,9.99,1,C1151,Cash
2024-04-11,Headphones,Electronics,West,151.99,1,C2424,Credit Card
2024-04-11,Notebook,Office Supplies,South,8.99,1,C2005,PayPal
2024-04-11,Webcam,Electronics,North,179.98,2,C1848,Credit Card
2024-04-11,Power Bank,Accessories,East,37.99,1,C2251,Debit Card
2024-04-11,Mouse,Accessories,West,24.99,1,C1253,PayPal
2024-04-11,Webcam,Electronics,East,647.93,8,C1228,PayPal
2024-04-12,Tablet,Electronics,East,949.98,2,C2455,PayPal
2024-04-12,Notebook,Office Supplies,East,9.99,1,C1814,Credit Card
2024-04-12,Webcam,Electronics,South,179.98,2,C1885,PayPal
2024-04-12,Power Bank,Accessories,South,79.98,2,C2451,Debit Card
2024-04-12,Notebook,Office Supplies,East,9.99,1,C1694,Cash
2024-04-12,Notebook,Office Supplies,East,9.99,1,C1282,Cash
2024-04-12,Notebook,Office Supplies,West,26.97,3,C1745,Credit Card
2024-04-12,Monitor,Electronics,West,349.99,1,C2327,Credit Card
2024-04-12,Keyboard,Accessories,West,79.99,1,C1555,Cash
2024-04-12,Mousepad,Accessories,North,19.99,1,C2451,Debit Card
2024-04-12,Laptop,Electronics,West,1169.99,1,C1691,PayPal
2024-04-12,Laptop,Electronics,South,1299.99,1,C1168,Cash
2024-04-12,Notebook,Office Supplies,West,8.99,1,C2280,Cash
2024-04-12,Monitor,Electronics,North,349.99,1,C1180,Debit Card
2024-04-12,Power Bank,Accessories,South,35.99,1,C2149,PayPal
2024-04-12,Notebook,Office Supplies,West,37.96,4,C1640,Debit Card
2024-04-12,Webcam,Electronics,East,85.49,1,C1417,Cash
2024-04-12,Smartphone,Electronics,West,759.99,1,C1083,Cash
2024-04-12,LED Desk Lamp,Office Supplies,West,87.38,2,C1323,Cash
2024-04-12,LED Desk Lamp,Office Supplies,West,43.69,1,C1964,Cash
2024-04-12,Desk Organizer,Office Supplies,East,149.95,5,C1337,PayPal
2024-04-12,LED Desk Lamp,Office Supplies,North,229.95,5,C2221,Cash
2024-04-12,USB Cable,Accessories,South,25.98,2,C2364,PayPal
2024-04-12,LED Desk Lamp,Office Supplies,West,124.17,3,C1699,Cash
2024-04-12,Notebook,Office Supplies,West,18.98,2,C2271,Cash
2024-04-12,Mousepad,Accessories,North,39.98,2,C1240,Debit Card
2024-04-13,Headphones,Electronics,North,143.99,1,C1906,Credit Card
2024-04-13,Desk Organizer,Office Supplies,North,29.99,1,C1583,PayPal
2024-04-13,Ergonomic Chair,Office Supplies,South,249.99,1,C1160,Credit Card
2024-04-13,Keyboard,Accessories,North,75.99,1,C1428,Credit Card
2024-04-13,Desk Organizer,Office Supplies,East,28.49,1,C1878,Debit Card
2024-04-13,Desk Organizer,Office Supplies,South,80.97,3,C1875,Credit Card
2024-04-13,Power Bank,Accessories,South,35.99,1,C2484,Debit Card
2024-04-13,Tablet,Electronics,East,499.99,1,C2022,Credit Card
2024-04-13,Desk Organizer,Office Supplies,South,28.49,1,C1626,Debit Card
2024-04-13,USB Cable,Accessories,North,64.95,5,C1214,Cash
2024-04-13,Mousepad,Accessories,West,39.98,2,C1092,Cash
2024-04-13,Tablet,Electronics,South,1499.97,3,C2314,Cash
2024-04-13,Keyboard,Accessories,West,79.99,1,C1321,Cash
2024-04-13,Mouse,Accessories,North,99.96,4,C2392,PayPal
2024-04-13,Monitor,Electronics,East,349.99,1,C1367,Cash
2024-04-13,Mousepad,Accessories,South,18.99,1,C2355,PayPal
2024-04-13,Mousepad,Accessories,West,17.99,1,C1211,Cash
2024-04-13,Headphones,Electronics,South,159.99,1,C1716,PayPal
2024-04-13,Power Bank,Accessories,South,79.98,2,C1369,Credit Card
2024-04-13,LED Desk Lamp,Office Supplies,West,45.99,1,C2262,Credit Card
2024-04-13,Headphones,Electronics,West,143.99,1,C1752,Cash
2024-04-13,Headphones,Electronics,North,159.99,1,C1061,Credit Card
2024-04-13,Keyboard,Accessories,North,151.98,2,C2124,Cash
2024-04-13,Power Bank,Accessories,North,39.99,1,C2076,Debit Card
2024-04-13,Tablet,Electronics,North,999.98,2,C1674,Debit Card
2024-04-13,Desk Organizer,Office Supplies,South,89.97,3,C1309,PayPal
2024-04-13,Headphones,Electronics,South,159.99,1,C2315,Cash
2024-04-13,Power Bank,Accessories,East,79.98,2,C1322,Cash
2024-04-14,Smartphone,Electronics,South,799.99,1,C2138,PayPal
2024-04-14,Laptop,Electronics,West,1299.99,1,C2071,Credit Card
2024-04-14,Headphones,Electronics,North,159.99,1,C1280,Cash
2024-04-14,Keyboard,Accessories,South,79.99,1,C1253,Debit Card
2024-04-14,Headphones,Electronics,North,143.99,1,C2094,Cash
2024-04-14,Desk Organizer,Office Supplies,East,53.98,2,C1669,PayPal
2024-04-14,Smartphone,Electronics,East,1599.98,2,C1991,Debit Card
2024-04-14,Ergonomic Chair,Office Supplies,West,224.99,1,C1190,Cash
2024-04-14,Webcam,Electronics,South,89.99,1,C2108,Debit Card
2024-04-14,Power Bank,Accessories,West,35.99,1,C2148,Debit Card
2024-04-14,LED Desk Lamp,Office Supplies,North,45.99,1,C2474,Cash
2024-04-14,Notebook,Office Supplies,West,94.91,10,C2295,PayPal
2024-04-14,Keyboard,Accessories,South,79.99,1,C1567,Debit Card
2024-04-14,Desk Organizer,Office Supplies,West,28.49,1,C1488,Credit Card
2024-04-14,LED Desk Lamp,Office Supplies,East,41.39,1,C1125,Cash
2024-04-14,Webcam,Electronics,North,449.95,5,C2035,Debit Card
2024-04-14,Mousepad,Accessories,South,19.99,1,C2308,PayPal
2024-04-14,Desk Organizer,Office Supplies,North,26.99,1,C1147,Cash
2024-04-14,Monitor,Electronics,East,349.99,1,C1612,PayPal
2024-04-14,LED Desk Lamp,Office Supplies,South,45.99,1,C1755,PayPal
2024-04-14,Monitor,Electronics,West,2799.92,8,C2453,Debit Card
2024-04-14,Ergonomic Chair,Office Supplies,West,499.98,2,C1848,Cash
2024-04-14,Headphones,Electronics,West,319.98,2,C1047,PayPal
2024-04-14,LED Desk Lamp,Office Supplies,North,137.97,3,C1410,Debit Card
2024-04-14,Laptop,Electronics,East,3704.97,3,C1559,Cash
2024-04-14,LED Desk Lamp,Office Supplies,North,45.99,1,C1623,Debit Card
2024-04-15,USB Cable,Accessories,North,12.99,1,C2337,Debit Card
2024-04-15,Smartphone,Electronics,South,799.99,1,C1368,PayPal
2024-04-15,Mousepad,Accessories,North,18.99,1,C2038,Credit Card
2024-04-15,Desk Organizer,Office Supplies,East,29.99,1,C1003,Credit Card
2024-04-15,Webcam,Electronics,North,89.99,1,C2062,Credit Card
2024-04-15,Webcam,Electronics,West,89.99,1,C1546,Cash
2024-04-15,Smartphone,Electronics,East,1599.98,2,C1490,PayPal
2024-04-15,Mousepad,Accessories,North,199.9,10,C2197,Credit Card
2024-04-15,Keyboard,Accessories,North,79.99,1,C2014,Debit Card
2024-04-15,USB Cable,Accessories,South,37.02,3,C2004,Cash
2024-04-15,Headphones,Electronics,West,159.99,1,C1289,Cash
2024-04-15,Notebook,Office Supplies,North,9.99,1,C2060,PayPal
2024-04-15,Keyboard,Accessories,East,215.97,3,C2305,Credit Card
2024-04-15,Keyboard,Accessories,North,239.97,3,C1302,PayPal
2024-04-15,Keyboard,Accessories,East,159.98,2,C2021,Credit Card
2024-04-15,Headphones,Electronics,North,143.99,1,C1036,Credit Card
2024-04-15,Notebook,Office Supplies,West,9.99,1,C1238,Credit Card
2024-04-15,Smartphone,Electronics,East,1439.98,2,C1368,Debit Card
2024-04-15,Laptop,Electronics,North,2599.98,2,C1815,PayPal
2024-04-15,Tablet,Electronics,East,1424.97,3,C2215,Debit Card
2024-04-15,LED Desk Lamp,Office Supplies,South,43.69,1,C2427,Cash
2024-04-15,Ergonomic Chair,Office Supplies,South,999.96,4,C1768,PayPal
2024-04-15,Notebook,Office Supplies,West,19.98,2,C1225,Cash
2024-04-15,Monitor,Electronics,South,1049.97,3,C1320,Credit Card
2024-04-15,Webcam,Electronics,South,179.98,2,C2486,PayPal
2024-04-15,Mousepad,Accessories,East,39.98,2,C1188,Credit Card
2024-04-15,Notebook,Office Supplies,North,9.99,1,C2298,Debit Card
2024-04-15,Notebook,Office Supplies,East,8.99,1,C2357,Debit Card
2024-04-15,Desk Organizer,Office Supplies,North,56.98,2,C1670,Debit Card
2024-04-15,Notebook,Office Supplies,West,9.99,1,C2129,Credit Card
2024-04-15,USB Cable,Accessories,South,12.99,1,C1325,PayPal
2024-04-15,USB Cable,Accessories,West,11.69,1,C1436,Cash
2024-04-15,Mouse,Accessories,East,124.95,5,C2017,PayPal
2024-04-15,Tablet,Electronics,East,499.99,1,C2439,Cash
2024-04-15,LED Desk Lamp,Office Supplies,North,45.99,1,C1203,Credit Card
2024-04-15,Tablet,Electronics,North,499.99,1,C2206,Debit Card
2024-04-16,USB Cable,Accessories,South,12.99,1,C2176,PayPal
2024-04-16,Desk Organizer,Office Supplies,North,53.98,2,C1067,Credit Card
2024-04-16,Keyboard,Accessories,South,159.98,2,C1323,Cash
2024-04-16,Desk Organizer,Office Supplies,East,113.96,4,C1303,PayPal
2024-04-16,Keyboard,Accessories,West,75.99,1,C1009,Credit Card
2024-04-16,Laptop,Electronics,East,1299.99,1,C1167,Cash
2024-04-16,Smartphone,Electronics,South,1439.98,2,C1557,Credit Card
2024-04-16,Mouse,Accessories,East,71.22,3,C1562,Debit Card
2024-04-16,Notebook,Office Supplies,South,9.49,1,C1292,Cash
2024-04-16,Laptop,Electronics,South,1234.99,1,C1265,PayPal
2024-04-16,Mousepad,Accessories,South,19.99,1,C2263,Cash
2024-04-16,Mousepad,Accessories,North,17.99,1,C1622,PayPal
2024-04-16,Desk Organizer,Office Supplies,East,56.98,2,C1492,PayPal
2024-04-16,Tablet,Electronics,East,499.99,1,C2488,Credit Card
2024-04-16,USB Cable,Accessories,East,38.97,3,C1756,Cash
2024-04-16,Keyboard,Accessories,South,143.98,2,C2024,Cash
2024-04-16,LED Desk Lamp,Office Supplies,East,45.99,1,C1283,Credit Card
2024-04-16,USB Cable,Accessories,West,11.69,1,C1186,PayPal
2024-04-16,Mousepad,Accessories,South,18.99,1,C1475,Credit Card
2024-04-16,Tablet,Electronics,West,449.99,1,C2192,Debit Card
2024-04-16,Desk Organizer,Office Supplies,West,59.98,2,C1647,Credit Card
2024-04-16,USB Cable,Accessories,East,12.99,1,C1738,Credit Card
2024-04-16,Monitor,Electronics,South,699.98,2,C1528,PayPal
2024-04-16,Desk Organizer,Office Supplies,West,59.98,2,C2193,PayPal
2024-04-16,Mouse,Accessories,North,74.97,3,C1993,Debit Card
2024-04-16,LED Desk Lamp,Office Supplies,East,124.17,3,C2498,Credit Card
2024-04-16,Mouse,Accessories,North,49.98,2,C2087,Cash
2024-04-16,LED Desk Lamp,Office Supplies,West,45.99,1,C2148,PayPal
2024-04-16,LED Desk Lamp,Office Supplies,North,45.99,1,C2358,Debit Card
2024-04-16,Monitor,Electronics,North,349.99,1,C1670,Credit Card
2024-04-16,Ergonomic Chair,Office Supplies,East,237.49,1,C1575,Credit Card
2024-04-16,Smartphone,Electronics,West,1439.98,2,C1921,Cash
2024-04-16,USB Cable,Accessories,South,12.34,1,C1205,Debit Card
2024-04-16,Keyboard,Accessories,North,159.98,2,C1430,PayPal
2024-04-16,Power Bank,Accessories,North,39.99,1,C1427,PayPal
2024-04-17,Tablet,Electronics,South,1499.97,3,C1900,PayPal
2024-04-17,LED Desk Lamp,Office Supplies,East,91.98,2,C2188,Credit Card
2024-04-17,Ergonomic Chair,Office Supplies,South,249.99,1,C2048,PayPal
2024-04-17,Desk Organizer,Office Supplies,East,149.95,5,C1725,Debit Card
2024-04-17,Smartphone,Electronics,North,759.99,1,C1793,Debit Card
2024-04-17,Desk Organizer,Office Supplies,South,59.98,2,C2124,Cash
2024-04-17,Webcam,Electronics,East,269.97,3,C1298,Cash
2024-04-17,Power Bank,Accessories,East,39.99,1,C1652,Credit Card
2024-04-17,Laptop,Electronics,South,3899.97,3,C2490,Cash
2024-04-17,Tablet,Electronics,East,2249.95,5,C1968,Cash
2024-04-17,LED Desk Lamp,Office Supplies,South,183.96,4,C2493,Credit Card
2024-04-17,Smartphone,Electronics,South,759.99,1,C2459,Credit Card
2024-04-17,Notebook,Office Supplies,North,9.99,1,C1732,PayPal
2024-04-17,Smartphone,Electronics,South,1439.98,2,C1742,Credit Card
2024-04-17,LED Desk Lamp,Office Supplies,West,183.96,4,C1330,PayPal
2024-04-17,Notebook,Office Supplies,South,8.99,1,C1020,PayPal
2024-04-17,Mousepad,Accessories,East,99.95,5,C1053,Debit Card
2024-04-17,Notebook,Office Supplies,West,29.97,3,C1133,PayPal
2024-04-17,Mouse,Accessories,West,49.98,2,C1676,Debit Card
2024-04-17,Ergonomic Chair,Office Supplies,East,499.98,2,C1560,PayPal
2024-04-17,Power Bank,Accessories,North,39.99,1,C1203,Cash
2024-04-17,Tablet,Electronics,North,474.99,1,C1745,PayPal
2024-04-17,Tablet,Electronics,West,999.98,2,C1679,PayPal
2024-04-17,Notebook,Office Supplies,East,8.99,1,C1833,Credit Card
2024-04-17,Keyboard,Accessories,South,159.98,2,C1021,Debit Card
2024-04-17,Notebook,Office Supplies,North,8.99,1,C1567,Cash
2024-04-17,Tablet,Electronics,South,449.99,1,C1266,Cash
2024-04-17,Notebook,Office Supplies,West,39.96,4,C1946,Cash
2024-04-18,LED Desk Lamp,Office Supplies,North,45.99,1,C2209,Cash
2024-04-18,Ergonomic Chair,Office Supplies,East,449.98,2,C2496,Debit Card
2024-04-18,Desk Organizer,Office Supplies,East,59.98,2,C2322,Cash
2024-04-18,Webcam,Electronics,South,269.97,3,C2352,Debit Card
2024-04-18,Headphones,Electronics,West,303.98,2,C1046,Cash
2024-04-18,Laptop,Electronics,South,1299.99,1,C1490,PayPal
2024-04-18,Mousepad,Accessories,North,99.95,5,C1359,Cash
2024-04-18,LED Desk Lamp,Office Supplies,North,45.99,1,C1767,Cash
2024-04-18,Desk Organizer,Office Supplies,East,26.99,1,C1114,Debit Card
2024-04-18,Headphones,Electronics,East,159.99,1,C1847,PayPal
2024-04-18,Smartphone,Electronics,North,1599.98,2,C1497,PayPal
2024-04-18,Monitor,Electronics,South,314.99,1,C2354,PayPal
2024-04-18,Keyboard,Accessories,East,159.98,2,C2272,Debit Card
2024-04-18,Notebook,Office Supplies,East,19.98,2,C2114,Cash
2024-04-18,Monitor,Electronics,West,944.97,3,C1465,Cash
2024-04-18,Webcam,Electronics,East,179.98,2,C2210,PayPal
2024-04-18,USB Cable,Accessories,West,25.98,2,C1889,Cash
2024-04-18,Notebook,Office Supplies,South,29.97,3,C2141,PayPal
2024-04-18,Smartphone,Electronics,South,799.99,1,C1268,Credit Card
2024-04-18,Monitor,Electronics,North,349.99,1,C1414,PayPal
2024-04-18,Power Bank,Accessories,East,39.99,1,C1882,Credit Card
2024-04-18,Notebook,Office Supplies,East,99.9,10,C1505,PayPal
2024-04-18,Notebook,Office Supplies,South,8.99,1,C1769,Debit Card
2024-04-18,Desk Organizer,Office Supplies,North,239.92,8,C2372,Credit Card
2024-04-18,Keyboard,Accessories,North,159.98,2,C2332,Debit Card
2024-04-18,Notebook,Office Supplies,West,28.47,3,C1637,PayPal
2024-04-18,Headphones,Electronics,South,159.99,1,C1862,Credit Card
2024-04-18,Monitor,Electronics,North,349.99,1,C2260,Debit Card
2024-04-18,Desk Organizer,Office Supplies,North,26.99,1,C2484,Cash
2024-04-19,Ergonomic Chair,Office Supplies,South,449.98,2,C1525,Cash
2024-04-19,Monitor,Electronics,West,314.99,1,C1452,Cash
2024-04-19,Ergonomic Chair,Office Supplies,West,237.49,1,C1691,PayPal
2024-04-19,Notebook,Office Supplies,North,8.99,1,C1315,Debit Card
2024-04-19,LED Desk Lamp,Office Supplies,East,229.95,5,C2259,Cash
2024-04-19,Headphones,Electronics,East,159.99,1,C2252,Debit Card
2024-04-19,Smartphone,Electronics,South,799.99,1,C1431,Debit Card
2024-04-19,Smartphone,Electronics,West,799.99,1,C2173,PayPal
2024-04-19,LED Desk Lamp,Office Supplies,North,91.98,2,C2123,Credit Card
2024-04-19,Monitor,Electronics,West,332.49,1,C1968,Debit Card
2024-04-19,Tablet,Electronics,East,949.98,2,C1048,Credit Card
2024-04-19,Mousepad,Accessories,West,39.98,2,C1454,PayPal
2024-04-19,Webcam,Electronics,East,85.49,1,C1071,PayPal
2024-04-19,Desk Organizer,Office Supplies,South,89.97,3,C2281,PayPal
2024-04-19,Headphones,Electronics,West,151.99,1,C1038,PayPal
2024-04-19,Webcam,Electronics,East,179.98,2,C1046,Cash
2024-04-19,Laptop,Electronics,North,1299.99,1,C1907,PayPal
2024-04-19,Laptop,Electronics,North,2339.98,2,C2472,Cash
2024-04-19,Monitor,Electronics,South,349.99,1,C1659,Debit Card
2024-04-19,Ergonomic Chair,Office Supplies,South,749.97,3,C2017,Credit Card
2024-04-19,Mouse,Accessories,East,49.98,2,C2195,Cash
2024-04-19,Keyboard,Accessories,South,239.97,3,C2298,Credit Card
2024-04-19,Headphones,Electronics,West,431.97,3,C1977,Credit Card
2024-04-19,Laptop,Electronics,North,3509.97,3,C2500,PayPal
2024-04-19,Desk Organizer,Office Supplies,South,56.98,2,C1791,Cash
2024-04-19,Keyboard,Accessories,South,79.99,1,C1842,Credit Card
2024-04-19,Laptop,Electronics,North,1299.99,1,C1216,Credit Card
2024-04-19,Keyboard,Accessories,South,319.96,4,C1708,PayPal
2024-04-20,Notebook,Office Supplies,South,19.98,2,C1089,PayPal
2024-04-20,Ergonomic Chair,Office Supplies,West,899.96,4,C1335,Debit Card
2024-04-20,USB Cable,Accessories,North,12.99,1,C1546,PayPal
2024-04-20,Desk Organizer,Office Supplies,North,59.98,2,C1203,Debit Card
2024-04-20,USB Cable,Accessories,West,12.99,1,C1744,Cash
2024-04-20,LED Desk Lamp,Office Supplies,North,43.69,1,C2216,Credit Card
2024-04-20,LED Desk Lamp,Office Supplies,West,137.97,3,C1336,Cash
2024-04-20,LED Desk Lamp,Office Supplies,North,183.96,4,C1667,Debit Card
2024-04-20,Tablet,Electronics,North,1424.97,3,C1405,PayPal
2024-04-20,Desk Organizer,Office Supplies,South,59.98,2,C1798,Credit Card
2024-04-20,Smartphone,Electronics,North,1599.98,2,C1354,Debit Card
2024-04-20,Desk Organizer,Office Supplies,East,26.99,1,C1822,Credit Card
2024-04-20,Desk Organizer,Office Supplies,South,299.9,10,C2058,Debit Card
2024-04-20,Desk Organizer,Office Supplies,North,59.98,2,C2091,Credit Card
2024-04-20,Laptop,Electronics,North,2599.98,2,C1143,PayPal
2024-04-20,Monitor,Electronics,South,2799.92,8,C1781,Credit Card
2024-04-20,Ergonomic Chair,Office Supplies,West,999.96,4,C1389,Credit Card
2024-04-20,Mousepad,Accessories,North,37.98,2,C1781,Credit Card
2024-04-20,Smartphone,Electronics,West,799.99,1,C1268,PayPal
2024-04-20,Desk Organizer,Office Supplies,West,89.97,3,C2026,Credit Card
2024-04-21,Desk Organizer,Office Supplies,South,29.99,1,C1371,PayPal
2024-04-21,Ergonomic Chair,Office Supplies,East,499.98,2,C1579,Debit Card
2024-04-21,USB Cable,Accessories,North,12.34,1,C1242,Credit Card
2024-04-21,Desk Organizer,Office Supplies,East,119.96,4,C1247,Debit Card
2024-04-21,Desk Organizer,Office Supplies,South,85.47,3,C1405,Debit Card
2024-04-21,Mouse,Accessories,South,99.96,4,C1253,Cash
2024-04-21,Laptop,Electronics,North,2339.98,2,C2364,Cash
2024-04-21,Webcam,Electronics,South,179.98,2,C1088,Cash
2024-04-21,Monitor,Electronics,North,1049.97,3,C2358,Cash
2024-04-21,Desk Organizer,Office Supplies,West,28.49,1,C1262,Debit Card
2024-04-21,USB Cable,Accessories,East,12.99,1,C2043,PayPal
2024-04-21,Monitor,Electronics,North,349.99,1,C1736,Debit Card
2024-04-21,Ergonomic Chair,Office Supplies,South,474.98,2,C2477,Cash
2024-04-21,Laptop,Electronics,North,1299.99,1,C1772,PayPal
2024-04-21,Mouse,Accessories,North,24.99,1,C1212,Credit Card
2024-04-21,LED Desk Lamp,Office Supplies,South,41.39,1,C1476,Credit Card
2024-04-21,Smartphone,Electronics,East,2399.97,3,C1212,Credit Card
2024-04-21,Monitor,Electronics,West,332.49,1,C1431,Cash
2024-04-21,Monitor,Electronics,East,997.47,3,C1638,Credit Card
2024-04-21,Headphones,Electronics,East,455.97,3,C1668,Cash
2024-04-21,Laptop,Electronics,East,1234.99,1,C1822,Cash
2024-04-21,Monitor,Electronics,West,1049.97,3,C1515,Debit Card
2024-04-21,Laptop,Electronics,South,3899.97,3,C2496,Cash
2024-04-21,Monitor,Electronics,West,332.49,1,C2338,Credit Card
2024-04-21,Smartphone,Electronics,South,799.99,1,C2463,Debit Card
2024-04-21,Desk Organizer,Office Supplies,North,28.49,1,C1318,PayPal
2024-04-22,Desk Organizer,Office Supplies,East,29.99,1,C1210,Cash
2024-04-22,Ergonomic Chair,Office Supplies,West,224.99,1,C1665,Debit Card
2024-04-22,Desk Organizer,Office Supplies,East,56.98,2,C2287,Credit Card
2024-04-22,Ergonomic Chair,Office Supplies,East,224.99,1,C1922,Cash
2024-04-22,Smartphone,Electronics,North,799.99,1,C1168,Debit Card
2024-04-22,Desk Organizer,Office Supplies,West,119.96,4,C1093,PayPal
2024-04-22,Keyboard,Accessories,West,71.99,1,C1141,Cash
2024-04-22,Notebook,Office Supplies,East,9.99,1,C1267,PayPal
2024-04-22,Power Bank,Accessories,South,113.97,3,C2482,Credit Card
2024-04-22,Smartphone,Electronics,South,1599.98,2,C2278,PayPal
2024-04-22,LED Desk Lamp,Office Supplies,South,41.39,1,C1062,Credit Card
2024-04-22,Ergonomic Chair,Office Supplies,West,237.49,1,C1893,Debit Card
2024-04-22,Headphones,Electronics,East,319.98,2,C1791,Cash
2024-04-22,Webcam,Electronics,East,242.97,3,C1032,Credit Card
2024-04-22,Smartphone,Electronics,East,1599.98,2,C2444,Cash
2024-04-22,Laptop,Electronics,South,1299.99,1,C1758,PayPal
2024-04-22,Laptop,Electronics,West,1299.99,1,C2486,Debit Card
2024-04-22,Headphones,Electronics,South,159.99,1,C1766,Cash
2024-04-22,USB Cable,Accessories,North,49.36,4,C1844,Debit Card
2024-04-22,Laptop,Electronics,North,2469.98,2,C1568,Debit Card
2024-04-22,Headphones,Electronics,South,287.98,2,C1329,Credit Card
2024-04-22,Mouse,Accessories,South,24.99,1,C2026,Cash
2024-04-22,Keyboard,Accessories,North,239.97,3,C1978,Debit Card
2024-04-22,Notebook,Office Supplies,South,19.98,2,C1657,Credit Card
2024-04-22,Keyboard,Accessories,South,79.99,1,C1474,PayPal
2024-04-22,Ergonomic Chair,Office Supplies,East,749.97,3,C1508,PayPal
2024-04-22,Notebook,Office Supplies,North,18.98,2,C1620,Credit Card
2024-04-22,USB Cable,Accessories,North,11.69,1,C2093,PayPal
2024-04-22,Ergonomic Chair,Office Supplies,West,674.97,3,C1220,Credit Card
2024-04-22,Notebook,Office Supplies,North,9.99,1,C1782,Debit Card
2024-04-22,Desk Organizer,Office Supplies,South,26.99,1,C1195,Cash
2024-04-22,USB Cable,Accessories,North,12.99,1,C2125,Cash
2024-04-22,Notebook,Office Supplies,West,19.98,2,C1071,Debit Card
2024-04-23,Laptop,Electronics,South,1169.99,1,C2410,PayPal
2024-04-23,Desk Organizer,Office Supplies,East,89.97,3,C2120,Debit Card
2024-04-23,Tablet,Electronics,South,1799.96,4,C1676,Cash
2024-04-23,Ergonomic Chair,Office Supplies,South,712.47,3,C2418,PayPal
2024-04-23,Keyboard,Accessories,West,151.98,2,C1474,PayPal
2024-04-23,Tablet,Electronics,East,999.98,2,C1944,Cash
2024-04-23,Notebook,Office Supplies,North,9.99,1,C2309,Cash
2024-04-23,Smartphone,Electronics,West,799.99,1,C1524,Cash
2024-04-23,Headphones,Electronics,South,159.99,1,C2405,Debit Card
2024-04-23,LED Desk Lamp,Office Supplies,North,91.98,2,C1044,PayPal
2024-04-23,Keyboard,Accessories,West,719.91,10,C1639,Debit Card
2024-04-23,Power Bank,Accessories,East,75.98,2,C1086,Credit Card
2024-04-23,Webcam,Electronics,North,269.97,3,C2134,PayPal
2024-04-23,Laptop,Electronics,West,1299.99,1,C2450,Credit Card
2024-04-23,Keyboard,Accessories,South,399.95,5,C1890,Credit Card
2024-04-23,LED Desk Lamp,Office Supplies,South,91.98,2,C1313,Credit Card
2024-04-23,LED Desk Lamp,Office Supplies,East,91.98,2,C2220,PayPal
2024-04-23,Laptop,Electronics,South,1234.99,1,C1284,Credit Card
2024-04-23,Tablet,Electronics,North,474.99,1,C1534,Credit Card
2024-04-23,Notebook,Office Supplies,East,9.99,1,C1566,Cash
2024-04-23,Desk Organizer,Office Supplies,East,59.98,2,C1735,PayPal
2024-04-23,Webcam,Electronics,South,170.98,2,C1095,Debit Card
2024-04-23,Desk Organizer,Office Supplies,East,59.98,2,C1420,PayPal
2024-04-23,Power Bank,Accessories,West,39.99,1,C2075,Debit Card
2024-04-23,Laptop,Electronics,West,1299.99,1,C1510,PayPal
2024-04-23,Mousepad,Accessories,East,19.99,1,C1223,Debit Card
2024-04-23,Mousepad,Accessories,East,19.99,1,C1105,Cash
2024-04-23,USB Cable,Accessories,North,12.99,1,C1868,Cash
2024-04-23,Laptop,Electronics,West,1299.99,1,C1779,Debit Card
2024-04-23,Headphones,Electronics,North,159.99,1,C2219,Credit Card
2024-04-23,Headphones,Electronics,North,639.96,4,C1696,Credit Card
2024-04-23,USB Cable,Accessories,West,12.99,1,C1170,Cash
2024-04-24,Desk Organizer,Office Supplies,West,29.99,1,C1261,PayPal
2024-04-24,Desk Organizer,Office Supplies,North,29.99,1,C1982,Debit Card
2024-04-24,LED Desk Lamp,Office Supplies,West,43.69,1,C1655,Cash
2024-04-24,Notebook,Office Supplies,West,9.99,1,C1867,PayPal
2024-04-24,USB Cable,Accessories,South,103.92,8,C1741,Cash
2024-04-24,Keyboard,Accessories,East,75.99,1,C1586,Cash
2024-04-24,Mouse,Accessories,North,24.99,1,C2347,Cash
2024-04-24,Keyboard,Accessories,East,151.98,2,C1037,Cash
2024-04-24,Mousepad,Accessories,West,79.96,4,C2397,PayPal
2024-04-24,Laptop,Electronics,North,5199.96,4,C2075,PayPal
2024-04-24,Desk Organizer,Office Supplies,North,29.99,1,C2368,Debit Card
2024-04-24,Ergonomic Chair,Office Supplies,South,237.49,1,C2405,PayPal
2024-04-24,Keyboard,Accessories,South,159.98,2,C1867,Credit Card
2024-04-24,USB Cable,Accessories,West,23.38,2,C1324,Debit Card
2024-04-24,Desk Organizer,Office Supplies,West,89.97,3,C1934,Credit Card
2024-04-24,Desk Organizer,Office Supplies,West,26.99,1,C2161,Cash
2024-04-24,Monitor,Electronics,North,2799.92,8,C2176,PayPal
2024-04-24,Mouse,Accessories,East,22.49,1,C1697,PayPal
2024-04-24,Mousepad,Accessories,West,17.99,1,C1283,Cash
2024-04-24,Notebook,Office Supplies,North,9.99,1,C1460,PayPal
2024-04-24,Webcam,Electronics,South,449.95,5,C1527,PayPal
2024-04-24,Keyboard,Accessories,West,79.99,1,C1113,Cash
2024-04-24,Tablet,Electronics,East,449.99,1,C2314,Debit Card
2024-04-24,Headphones,Electronics,South,759.95,5,C1630,Credit Card
2024-04-24,Monitor,Electronics,East,314.99,1,C2392,PayPal
2024-04-24,Monitor,Electronics,South,699.98,2,C1369,Cash
2024-04-24,Smartphone,Electronics,North,799.99,1,C2490,Credit Card
2024-04-24,Notebook,Office Supplies,West,47.45,5,C1796,Cash
2024-04-24,Power Bank,Accessories,East,107.97,3,C1883,Credit Card
2024-04-24,Notebook,Office Supplies,North,28.47,3,C1409,Credit Card
2024-04-24,Power Bank,Accessories,South,75.98,2,C1429,PayPal
2024-04-24,Notebook,Office Supplies,East,9.99,1,C1989,PayPal
2024-04-24,Notebook,Office Supplies,East,9.99,1,C2368,Cash
2024-04-24,Webcam,Electronics,East,647.93,8,C1475,Debit Card
2024-04-25,Webcam,Electronics,North,179.98,2,C2202,Cash
2024-04-25,Webcam,Electronics,West,161.98,2,C2495,Cash
2024-04-25,Mousepad,Accessories,West,18.99,1,C2051,PayPal
2024-04-25,LED Desk Lamp,Office Supplies,South,124.17,3,C2101,Cash
2024-04-25,Headphones,Electronics,West,159.99,1,C2235,Debit Card
2024-04-25,Power Bank,Accessories,South,37.99,1,C1079,Cash
2024-04-25,Tablet,Electronics,North,949.98,2,C2478,Cash
2024-04-25,Keyboard,Accessories,West,143.98,2,C1576,Cash
2024-04-25,Notebook,Office Supplies,North,19.98,2,C1138,Cash
2024-04-25,Monitor,Electronics,West,314.99,1,C2483,Credit Card
2024-04-25,Mousepad,Accessories,North,37.98,2,C1601,Cash
2024-04-25,Notebook,Office Supplies,North,9.99,1,C2238,PayPal
2024-04-25,Notebook,Office Supplies,East,19.98,2,C1979,Cash
2024-04-25,Smartphone,Electronics,West,1599.98,2,C1513,Debit Card
2024-04-25,Notebook,Office Supplies,East,9.99,1,C2063,PayPal
2024-04-25,Desk Organizer,Office Supplies,North,28.49,1,C1751,Debit Card
2024-04-25,Webcam,Electronics,South,89.99,1,C1532,Cash
2024-04-25,Ergonomic Chair,Office Supplies,East,249.99,1,C1801,Credit Card
2024-04-25,LED Desk Lamp,Office Supplies,South,43.69,1,C2382,Debit Card
2024-04-25,Laptop,Electronics,East,3899.97,3,C1205,Credit Card
2024-04-25,LED Desk Lamp,Office Supplies,South,131.07,3,C2467,Credit Card
2024-04-25,USB Cable,Accessories,South,38.97,3,C2198,Credit Card
2024-04-25,USB Cable,Accessories,North,25.98,2,C1636,Cash
2024-04-25,Smartphone,Electronics,South,799.99,1,C1394,Credit Card
2024-04-25,Smartphone,Electronics,West,2399.97,3,C1921,Debit Card
2024-04-25,Monitor,Electronics,North,314.99,1,C2040,Credit Card
2024-04-25,Keyboard,Accessories,North,159.98,2,C1313,Credit Card
2024-04-25,Power Bank,Accessories,North,107.97,3,C1657,Cash
2024-04-25,Webcam,Electronics,West,449.95,5,C1637,PayPal
2024-04-25,Laptop,Electronics,South,2599.98,2,C2101,Credit Card
2024-04-25,Monitor,Electronics,North,349.99,1,C2252,Credit Card
2024-04-25,Keyboard,Accessories,West,79.99,1,C2377,PayPal
2024-04-26,Ergonomic Chair,Office Supplies,East,674.97,3,C2469,Credit Card
2024-04-26,USB Cable,Accessories,North,12.99,1,C1430,PayPal
2024-04-26,Mouse,Accessories,East,22.49,1,C2073,Debit Card
2024-04-26,Desk Organizer,Office Supplies,South,80.97,3,C1624,Debit Card
2024-04-26,Headphones,Electronics,South,159.99,1,C1284,Debit Card
2024-04-26,Smartphone,Electronics,South,1519.98,2,C1986,Credit Card
2024-04-26,Notebook,Office Supplies,South,29.97,3,C1336,Credit Card
2024-04-26,Mouse,Accessories,South,49.98,2,C1924,Debit Card
2024-04-26,LED Desk Lamp,Office Supplies,South,45.99,1,C1545,Debit Card
2024-04-26,Ergonomic Chair,Office Supplies,North,249.99,1,C2306,Cash
2024-04-26,Ergonomic Chair,Office Supplies,West,249.99,1,C2124,Cash
2024-04-26,Ergonomic Chair,Office Supplies,North,249.99,1,C2249,Debit Card
2024-04-26,Laptop,Electronics,West,5199.96,4,C1842,Cash
2024-04-26,Monitor,Electronics,East,699.98,2,C2480,Cash
2024-04-26,Mousepad,Accessories,West,19.99,1,C2354,Cash
2024-04-26,Headphones,Electronics,West,639.96,4,C2058,Debit Card
2024-04-26,USB Cable,Accessories,East,25.98,2,C1330,Credit Card
2024-04-26,Smartphone,Electronics,West,1599.98,2,C2031,Cash
2024-04-26,USB Cable,Accessories,East,35.07,3,C1304,Debit Card
2024-04-26,Keyboard,Accessories,South,71.99,1,C1035,Credit Card
2024-04-26,Ergonomic Chair,Office Supplies,North,249.99,1,C2206,Cash
2024-04-26,Webcam,Electronics,West,269.97,3,C1552,Cash
2024-04-26,Mousepad,Accessories,South,18.99,1,C2144,Debit Card
2024-04-26,Notebook,Office Supplies,East,8.99,1,C2040,Cash
2024-04-26,Desk Organizer,Office Supplies,North,59.98,2,C1953,Cash
2024-04-26,Tablet,Electronics,South,1999.96,4,C2249,Cash
2024-04-27,Monitor,Electronics,East,699.98,2,C1954,Debit Card
2024-04-27,Power Bank,Accessories,East,79.98,2,C1201,Cash
2024-04-27,Ergonomic Chair,Office Supplies,East,249.99,1,C1715,Cash
2024-04-27,Headphones,Electronics,South,151.99,1,C2147,Debit Card
2024-04-27,Desk Organizer,Office Supplies,East,28.49,1,C1184,Credit Card
2024-04-27,Webcam,Electronics,East,269.97,3,C1714,Cash
2024-04-27,Keyboard,Accessories,East,215.97,3,C2445,Cash
2024-04-27,Notebook,Office Supplies,West,19.98,2,C1873,Cash
2024-04-27,Power Bank,Accessories,North,119.97,3,C2443,Cash
2024-04-27,Desk Organizer,Office Supplies,South,29.99,1,C1556,PayPal
2024-04-27,LED Desk Lamp,Office Supplies,South,82.78,2,C1113,PayPal
2024-04-27,Smartphone,Electronics,West,799.99,1,C1895,PayPal
2024-04-27,Laptop,Electronics,North,2599.98,2,C1082,Debit Card
2024-04-27,LED Desk Lamp,Office Supplies,South,91.98,2,C1967,PayPal
2024-04-27,Desk Organizer,Office Supplies,West,29.99,1,C1904,Cash
2024-04-27,Ergonomic Chair,Office Supplies,East,249.99,1,C1693,Credit Card
2024-04-27,USB Cable,Accessories,North,12.99,1,C2188,Cash
2024-04-27,LED Desk Lamp,Office Supplies,East,45.99,1,C1121,Debit Card
2024-04-27,Power Bank,Accessories,North,287.93,8,C1441,Cash
2024-04-27,Desk Organizer,Office Supplies,East,26.99,1,C2185,Debit Card
2024-04-27,Tablet,Electronics,East,499.99,1,C1205,Debit Card
2024-04-27,Tablet,Electronics,North,474.99,1,C1399,Credit Card
2024-04-27,Keyboard,Accessories,East,79.99,1,C2159,Cash
2024-04-27,Keyboard,Accessories,South,319.96,4,C1521,Credit Card
2024-04-27,Smartphone,Electronics,West,3199.96,4,C1259,Credit Card
2024-04-28,Mouse,Accessories,South,24.99,1,C1149,Credit Card
2024-04-28,Ergonomic Chair,Office Supplies,North,474.98,2,C1762,Cash
2024-04-28,Smartphone,Electronics,South,799.99,1,C2414,PayPal
2024-04-28,LED Desk Lamp,Office Supplies,West,82.78,2,C2204,Credit Card
2024-04-28,Ergonomic Chair,Office Supplies,South,712.47,3,C2421,Credit Card
2024-04-28,LED Desk Lamp,Office Supplies,West,91.98,2,C2107,Credit Card
2024-04-28,LED Desk Lamp,Office Supplies,West,45.99,1,C1263,Cash
2024-04-28,Notebook,Office Supplies,North,9.99,1,C2134,Credit Card
2024-04-28,Power Bank,Accessories,North,287.93,8,C1407,Debit Card
2024-04-28,Ergonomic Chair,Office Supplies,West,224.99,1,C1866,Credit Card
2024-04-28,Power Bank,Accessories,East,79.98,2,C1021,Cash
2024-04-28,Desk Organizer,Office Supplies,East,59.98,2,C1442,PayPal
2024-04-28,Mousepad,Accessories,South,79.96,4,C2317,Cash
2024-04-28,Mouse,Accessories,South,23.74,1,C1217,Cash
2024-04-28,Ergonomic Chair,Office Supplies,South,224.99,1,C1751,Cash
2024-04-28,Keyboard,Accessories,West,79.99,1,C1293,Debit Card
2024-04-28,Headphones,Electronics,North,151.99,1,C1921,Debit Card
2024-04-28,Desk Organizer,Office Supplies,East,26.99,1,C1281,Debit Card
2024-04-28,Mousepad,Accessories,West,53.97,3,C2271,Credit Card
2024-04-28,Notebook,Office Supplies,North,9.49,1,C1913,Credit Card
2024-04-28,Webcam,Electronics,South,89.99,1,C2138,Credit Card
2024-04-28,LED Desk Lamp,Office Supplies,South,229.95,5,C1970,Debit Card
2024-04-28,Ergonomic Chair,Office Supplies,South,224.99,1,C1973,Debit Card
2024-04-28,Tablet,Electronics,South,2249.95,5,C1102,Cash
2024-04-29,Headphones,Electronics,East,159.99,1,C1334,Debit Card
2024-04-29,USB Cable,Accessories,South,38.97,3,C2131,Credit Card
2024-04-29,Mousepad,Accessories,South,53.97,3,C1168,Debit Card
2024-04-29,Notebook,Office Supplies,West,26.97,3,C2201,Credit Card
2024-04-29,Mouse,Accessories,North,49.98,2,C1161,Cash
2024-04-29,Keyboard,Accessories,North,75.99,1,C1267,Debit Card
2024-04-29,Monitor,Electronics,North,349.99,1,C1861,Debit Card
2024-04-29,Monitor,Electronics,South,349.99,1,C1613,Credit Card
2024-04-29,Ergonomic Chair,Office Supplies,East,237.49,1,C2482,Debit Card
2024-04-29,Tablet,Electronics,North,499.99,1,C2220,Cash
2024-04-29,Keyboard,Accessories,East,159.98,2,C2025,PayPal
2024-04-29,LED Desk Lamp,Office Supplies,North,43.69,1,C2018,Debit Card
2024-04-29,Smartphone,Electronics,South,2399.97,3,C1166,Debit Card
2024-04-29,Notebook,Office Supplies,East,29.97,3,C2210,Debit Card
2024-04-29,LED Desk Lamp,Office Supplies,South,124.17,3,C1660,Cash
2024-04-29,Smartphone,Electronics,North,799.99,1,C1902,Debit Card
2024-04-29,Webcam,Electronics,West,89.99,1,C2372,Debit Card
2024-04-29,Ergonomic Chair,Office Supplies,South,712.47,3,C1748,Debit Card
2024-04-29,Keyboard,Accessories,North,79.99,1,C1992,PayPal
2024-04-29,LED Desk Lamp,Office Supplies,East,91.98,2,C1040,Credit Card
2024-04-29,Power Bank,Accessories,South,39.99,1,C1207,Credit Card
2024-04-29,Ergonomic Chair,Office Supplies,East,449.98,2,C2422,PayPal
2024-04-29,Power Bank,Accessories,North,79.98,2,C1824,PayPal
2024-04-29,Desk Organizer,Office Supplies,East,59.98,2,C1744,Cash
2024-04-29,Ergonomic Chair,Office Supplies,East,899.96,4,C2431,Cash
2024-04-29,Mouse,Accessories,North,74.97,3,C2399,Cash
2024-04-29,Tablet,Electronics,North,499.99,1,C1499,Credit Card
2024-04-29,Mouse,Accessories,West,49.98,2,C1467,PayPal
2024-04-29,USB Cable,Accessories,East,11.69,1,C1170,Cash
2024-04-29,USB Cable,Accessories,North,25.98,2,C1446,Credit Card
2024-04-29,Mouse,Accessories,North,24.99,1,C2219,PayPal
2024-04-30,Mouse,Accessories,North,22.49,1,C1853,Credit Card
2024-04-30,Ergonomic Chair,Office Supplies,North,249.99,1,C1122,Debit Card
2024-04-30,USB Cable,Accessories,East,64.95,5,C2170,Debit Card
2024-04-30,Desk Organizer,Office Supplies,South,119.96,4,C2338,Debit Card
2024-04-30,Ergonomic Chair,Office Supplies,East,474.98,2,C1414,PayPal
2024-04-30,LED Desk Lamp,Office Supplies,West,229.95,5,C2010,Credit Card
2024-04-30,USB Cable,Accessories,South,12.34,1,C1110,PayPal
2024-04-30,Desk Organizer,Office Supplies,West,29.99,1,C1648,Debit Card
2024-04-30,Ergonomic Chair,Office Supplies,South,899.96,4,C2310,Debit Card
2024-04-30,Webcam,Electronics,East,359.96,4,C2147,Debit Card
2024-04-30,Ergonomic Chair,Office Supplies,North,749.97,3,C1255,Credit Card
2024-04-30,Tablet,Electronics,West,499.99,1,C2265,Credit Card
2024-04-30,Monitor,Electronics,East,332.49,1,C1531,Cash
2024-04-30,Power Bank,Accessories,West,39.99,1,C1997,Debit Card
2024-04-30,LED Desk Lamp,Office Supplies,West,82.78,2,C2458,Credit Card
2024-04-30,Power Bank,Accessories,South,79.98,2,C1401,Cash
2024-04-30,Mouse,Accessories,West,74.97,3,C2110,Cash
2024-04-30,Smartphone,Electronics,West,719.99,1,C2056,Debit Card
2024-04-30,Keyboard,Accessories,East,159.98,2,C1757,Credit Card
2024-04-30,Notebook,Office Supplies,South,9.99,1,C1447,PayPal
2024-04-30,Mousepad,Accessories,South,17.99,1,C1199,Cash
2024-04-30,LED Desk Lamp,Office Supplies,West,45.99,1,C2044,PayPal
2024-04-30,USB Cable,Accessories,East,12.99,1,C1024,Debit Card
2024-04-30,LED Desk Lamp,Office Supplies,South,91.98,2,C1343,Credit Card
2024-04-30,Power Bank,Accessories,North,113.97,3,C1952,Cash
2024-04-30,Notebook,Office Supplies,West,9.99,1,C2337,Credit Card
2024-05-01,Keyboard,Accessories,West,79.99,1,C1781,Cash
2024-05-01,Desk Organizer,Office Supplies,West,29.99,1,C1555,PayPal
2024-05-01,LED Desk Lamp,Office Supplies,North,41.39,1,C1043,Cash
2024-05-01,Keyboard,Accessories,North,287.96,4,C1619,PayPal
2024-05-01,Desk Organizer,Office Supplies,East,29.99,1,C2423,Debit Card
2024-05-01,Ergonomic Chair,Office Supplies,South,449.98,2,C1218,PayPal
2024-05-01,Webcam,Electronics,East,179.98,2,C1872,Cash
2024-05-01,USB Cable,Accessories,South,12.34,1,C2442,Cash
2024-05-01,Notebook,Office Supplies,East,9.99,1,C1010,Cash
2024-05-01,LED Desk Lamp,Office Supplies,West,91.98,2,C1392,Credit Card
2024-05-01,Desk Organizer,Office Supplies,South,89.97,3,C2075,Cash
2024-05-01,Notebook,Office Supplies,East,9.49,1,C1560,Cash
2024-05-01,Laptop,Electronics,West,1299.99,1,C2425,Credit Card
2024-05-01,Laptop,Electronics,North,1299.99,1,C2164,Credit Card
2024-05-01,Notebook,Office Supplies,South,29.97,3,C2265,Cash
2024-05-01,Webcam,Electronics,South,179.98,2,C1885,Debit Card
2024-05-01,Notebook,Office Supplies,East,29.97,3,C1322,Cash
2024-05-01,Headphones,Electronics,West,159.99,1,C1121,PayPal
2024-05-01,Keyboard,Accessories,South,75.99,1,C1860,Cash
2024-05-01,Notebook,Office Supplies,South,29.97,3,C2338,PayPal
2024-05-01,Webcam,Electronics,East,269.97,3,C2040,Credit Card
2024-05-01,Monitor,Electronics,South,349.99,1,C1368,Credit Card
2024-05-01,Power Bank,Accessories,East,39.99,1,C1869,PayPal
2024-05-01,Notebook,Office Supplies,South,9.99,1,C1897,Cash
2024-05-01,Laptop,Electronics,West,1299.99,1,C2496,Cash
2024-05-02,Headphones,Electronics,North,1599.9,10,C2211,Credit Card
2024-05-02,LED Desk Lamp,Office Supplies,South,45.99,1,C2292,Credit Card
2024-05-02,Smartphone,Electronics,East,1519.98,2,C1934,Credit Card
2024-05-02,Monitor,Electronics,South,349.99,1,C1951,Cash
2024-05-02,USB Cable,Accessories,West,12.34,1,C1014,Debit Card
2024-05-02,Mouse,Accessories,East,47.48,2,C1150,Cash
2024-05-02,Mouse,Accessories,North,74.97,3,C1740,Debit Card
2024-05-02,Keyboard,Accessories,North,79.99,1,C1023,Debit Card
2024-05-02,Tablet,Electronics,North,2499.95,5,C2286,Cash
2024-05-02,Keyboard,Accessories,North,159.98,2,C1789,Credit Card
2024-05-02,Tablet,Electronics,North,499.99,1,C1462,Debit Card
2024-05-02,Keyboard,Accessories,South,75.99,1,C2260,PayPal
2024-05-02,Mousepad,Accessories,East,39.98,2,C1972,Cash
2024-05-02,Monitor,Electronics,North,699.98,2,C1977,Credit Card
2024-05-02,Power Bank,Accessories,West,39.99,1,C1577,Credit Card
2024-05-02,Headphones,Electronics,North,319.98,2,C2471,Credit Card
2024-05-02,Mouse,Accessories,West,24.99,1,C1291,Cash
2024-05-02,Smartphone,Electronics,West,2399.97,3,C2323,Credit Card
2024-05-02,Desk Organizer,Office Supplies,West,149.95,5,C1972,PayPal
2024-05-02,USB Cable,Accessories,West,25.98,2,C2165,Debit Card
2024-05-02,Ergonomic Chair,Office Supplies,East,237.49,1,C1575,Credit Card
2024-05-02,LED Desk Lamp,Office Supplies,South,41.39,1,C1208,Cash
2024-05-02,Power Bank,Accessories,East,39.99,1,C2302,Debit Card
2024-05-02,USB Cable,Accessories,West,12.99,1,C1981,Credit Card
2024-05-02,Power Bank,Accessories,South,39.99,1,C1756,Debit Card
2024-05-02,LED Desk Lamp,Office Supplies,South,45.99,1,C1627,PayPal
2024-05-02,Mouse,Accessories,West,24.99,1,C1051,Cash
2024-05-02,Mousepad,Accessories,North,18.99,1,C2126,PayPal
2024-05-02,Desk Organizer,Office Supplies,South,28.49,1,C1558,Debit Card
2024-05-02,Headphones,Electronics,East,159.99,1,C2470,Credit Card
2024-05-02,Smartphone,Electronics,East,3799.95,5,C1749,Credit Card
2024-05-02,Notebook,Office Supplies,North,39.96,4,C1618,Credit Card
2024-05-02,Tablet,Electronics,West,499.99,1,C2311,PayPal
2024-05-02,Ergonomic Chair,Office Supplies,North,474.98,2,C2140,Debit Card
2024-05-02,Tablet,Electronics,North,499.99,1,C2433,Cash
2024-05-03,LED Desk Lamp,Office Supplies,West,87.38,2,C2415,Cash
2024-05-03,Ergonomic Chair,Office Supplies,North,999.96,4,C1563,Debit Card
2024-05-03,Laptop,Electronics,South,3704.97,3,C2333,Cash
2024-05-03,Headphones,Electronics,West,159.99,1,C2464,Credit Card
2024-05-03,Mousepad,Accessories,South,75.96,4,C1573,Credit Card
2024-05-03,Notebook,Office Supplies,North,18.98,2,C2341,Debit Card
2024-05-03,Headphones,Electronics,North,479.97,3,C1327,PayPal
2024-05-03,Power Bank,Accessories,East,39.99,1,C1958,Debit Card
2024-05-03,Tablet,Electronics,North,999.98,2,C1447,PayPal
2024-05-03,Laptop,Electronics,East,1169.99,1,C2492,Cash
2024-05-03,Smartphone,Electronics,West,2279.97,3,C1136,Credit Card
2024-05-03,Headphones,Electronics,East,143.99,1,C1093,Debit Card
2024-05-03,USB Cable,Accessories,East,12.99,1,C1581,PayPal
2024-05-03,Mousepad,Accessories,East,18.99,1,C2118,Credit Card
2024-05-03,LED Desk Lamp,Office Supplies,East,45.99,1,C1467,Debit Card
2024-05-03,Notebook,Office Supplies,East,19.98,2,C1274,PayPal
2024-05-03,Webcam,Electronics,South,242.97,3,C2152,Cash
2024-05-03,Mousepad,Accessories,North,53.97,3,C1617,PayPal
2024-05-03,Desk Organizer,Office Supplies,East,29.99,1,C1330,Credit Card
2024-05-03,Webcam,Electronics,North,80.99,1,C1819,Credit Card
2024-05-03,Mouse,Accessories,East,24.99,1,C2363,Cash
2024-05-03,Monitor,Electronics,West,349.99,1,C1765,Credit Card
2024-05-03,Tablet,Electronics,South,499.99,1,C2174,Debit Card
2024-05-03,Ergonomic Chair,Office Supplies,East,249.99,1,C1684,Cash
2024-05-04,LED Desk Lamp,Office Supplies,East,91.98,2,C2465,Credit Card
2024-05-04,Power Bank,Accessories,South,39.99,1,C2231,Debit Card
2024-05-04,Tablet,Electronics,North,999.98,2,C1673,Debit Card
2024-05-04,Headphones,Electronics,South,319.98,2,C2431,Debit Card
2024-05-04,Mousepad,Accessories,North,18.99,1,C2036,Cash
2024-05-04,Smartphone,Electronics,North,799.99,1,C2268,Debit Card
2024-05-04,Keyboard,Accessories,North,303.96,4,C2031,Credit Card
2024-05-04,Smartphone,Electronics,North,2879.96,4,C1871,PayPal
2024-05-04,Laptop,Electronics,North,1299.99,1,C1893,Debit Card
2024-05-04,Webcam,Electronics,South,161.98,2,C1492,Debit Card
2024-05-04,Keyboard,Accessories,East,79.99,1,C1237,PayPal
2024-05-04,Webcam,Electronics,South,179.98,2,C1189,Credit Card
2024-05-04,Power Bank,Accessories,West,143.96,4,C1988,Credit Card
2024-05-04,Desk Organizer,Office Supplies,North,26.99,1,C1630,Credit Card
2024-05-04,Webcam,Electronics,North,179.98,2,C2104,Cash
2024-05-04,Desk Organizer,Office Supplies,South,28.49,1,C1045,PayPal
2024-05-04,Smartphone,Electronics,West,2399.97,3,C2149,PayPal
2024-05-04,Laptop,Electronics,West,1299.99,1,C2048,Cash
2024-05-05,Mouse,Accessories,North,199.92,8,C1274,PayPal
2024-05-05,Notebook,Office Supplies,West,19.98,2,C1206,Cash
2024-05-05,Notebook,Office Supplies,East,47.45,5,C2448,PayPal
2024-05-05,Tablet,Electronics,West,449.99,1,C1231,PayPal
2024-05-05,Desk Organizer,Office Supplies,West,29.99,1,C1993,Debit Card
2024-05-05,Keyboard,Accessories,North,79.99,1,C1683,Cash
2024-05-05,Laptop,Electronics,East,1299.99,1,C2084,PayPal
2024-05-05,USB Cable,Accessories,South,11.69,1,C2206,Cash
2024-05-05,Power Bank,Accessories,North,39.99,1,C1328,PayPal
2024-05-05,USB Cable,Accessories,West,12.34,1,C1526,Credit Card
2024-05-05,Webcam,Electronics,West,89.99,1,C2168,Cash
2024-05-05,Keyboard,Accessories,North,79.99,1,C1013,Debit Card
2024-05-05,Keyboard,Accessories,South,79.99,1,C1950,Credit Card
2024-05-05,Webcam,Electronics,West,85.49,1,C1272,Cash
2024-05-05,Tablet,Electronics,West,1899.96,4,C2380,PayPal
2024-05-05,Mouse,Accessories,East,23.74,1,C2091,Debit Card
2024-05-05,Laptop,Electronics,North,2469.98,2,C1402,PayPal
2024-05-05,Webcam,Electronics,South,269.97,3,C1043,Credit Card
2024-05-05,Monitor,Electronics,North,349.99,1,C2182,Credit Card
2024-05-05,Desk Organizer,Office Supplies,West,28.49,1,C1435,Debit Card
2024-05-05,Monitor,Electronics,East,1749.95,5,C1282,PayPal
2024-05-05,Mouse,Accessories,East,24.99,1,C2437,Credit Card
2024-05-05,Headphones,Electronics,West,159.99,1,C1372,Cash
2024-05-05,Notebook,Office Supplies,South,39.96,4,C1632,Credit Card
2024-05-05,USB Cable,Accessories,West,24.68,2,C1286,Cash
2024-05-05,Desk Organizer,Office Supplies,South,59.98,2,C2135,PayPal
2024-05-05,Mouse,Accessories,West,74.97,3,C1848,Debit Card
2024-05-05,Keyboard,Accessories,South,79.99,1,C1251,Debit Card
2024-05-05,USB Cable,Accessories,East,25.98,2,C1923,Debit Card
2024-05-06,Notebook,Office Supplies,North,35.96,4,C1562,Debit Card
2024-05-06,Mouse,Accessories,East,24.99,1,C1299,PayPal
2024-05-06,Laptop,Electronics,North,2599.98,2,C2477,Credit Card
2024-05-06,Mouse,Accessories,North,74.97,3,C2393,Debit Card
2024-05-06,Tablet,Electronics,North,1499.97,3,C2246,Cash
2024-05-06,Desk Organizer,Office Supplies,South,29.99,1,C1482,PayPal
2024-05-06,Desk Organizer,Office Supplies,East,53.98,2,C1450,Cash
2024-05-06,Keyboard,Accessories,North,379.95,5,C1529,Debit Card
2024-05-06,Desk Organizer,Office Supplies,East,59.98,2,C1172,PayPal
2024-05-06,Desk Organizer,Office Supplies,North,29.99,1,C2488,Credit Card
2024-05-06,Keyboard,Accessories,West,303.96,4,C1138,Debit Card
2024-05-06,Webcam,Electronics,West,170.98,2,C2454,Cash
2024-05-06,Headphones,Electronics,East,159.99,1,C1399,Debit Card
2024-05-06,Notebook,Office Supplies,West,29.97,3,C2497,PayPal
2024-05-06,Smartphone,Electronics,West,799.99,1,C1276,Debit Card
2024-05-06,Ergonomic Chair,Office Supplies,West,474.98,2,C2079,PayPal
2024-05-06,Ergonomic Chair,Office Supplies,East,1249.95,5,C2141,Debit Card
2024-05-06,Webcam,Electronics,East,179.98,2,C1618,Credit Card
2024-05-06,Mousepad,Accessories,South,19.99,1,C1061,Cash
2024-05-06,Power Bank,Accessories,West,75.98,2,C1567,Debit Card
2024-05-06,Smartphone,Electronics,East,3199.96,4,C2197,Cash
2024-05-06,Ergonomic Chair,Office Supplies,North,249.99,1,C2498,Debit Card
2024-05-06,Desk Organizer,Office Supplies,East,59.98,2,C1896,Debit Card
2024-05-06,LED Desk Lamp,Office Supplies,West,91.98,2,C1925,PayPal
2024-05-06,Desk Organizer,Office Supplies,East,28.49,1,C1997,Debit Card
2024-05-06,Desk Organizer,Office Supplies,East,29.99,1,C2351,PayPal
2024-05-06,Power Bank,Accessories,East,37.99,1,C1652,PayPal
2024-05-07,Headphones,Electronics,South,799.95,5,C1915,PayPal
2024-05-07,Headphones,Electronics,North,159.99,1,C1031,Credit Card
2024-05-07,Power Bank,Accessories,East,75.98,2,C1913,PayPal
2024-05-07,Ergonomic Chair,Office Supplies,North,237.49,1,C2494,Debit Card
2024-05-07,Notebook,Office Supplies,East,9.99,1,C1697,Debit Card
2024-05-07,Webcam,Electronics,East,269.97,3,C1637,PayPal
2024-05-07,LED Desk Lamp,Office Supplies,West,43.69,1,C1661,Credit Card
2024-05-07,Ergonomic Chair,Office Supplies,East,224.99,1,C2464,Debit Card
2024-05-07,Desk Organizer,Office Supplies,North,29.99,1,C1163,Debit Card
2024-05-07,Keyboard,Accessories,South,359.95,5,C2469,Cash
2024-05-07,Laptop,Electronics,South,1299.99,1,C2151,Credit Card
2024-05-07,Notebook,Office Supplies,West,9.99,1,C1969,Credit Card
2024-05-07,Mousepad,Accessories,West,17.99,1,C2310,Debit Card
2024-05-07,Power Bank,Accessories,North,37.99,1,C1296,Debit Card
2024-05-07,Desk Organizer,Office Supplies,West,28.49,1,C1865,Debit Card
2024-05-07,Ergonomic Chair,Office Supplies,West,249.99,1,C1624,PayPal
2024-05-07,Smartphone,Electronics,East,1599.98,2,C2043,Debit Card
2024-05-07,Tablet,Electronics,West,999.98,2,C1463,Cash
2024-05-07,Mousepad,Accessories,North,19.99,1,C1445,PayPal
2024-05-07,Notebook,Office Supplies,East,9.99,1,C1409,Cash
2024-05-07,LED Desk Lamp,Office Supplies,East,91.98,2,C1157,Credit Card
2024-05-07,Keyboard,Accessories,East,143.98,2,C1217,PayPal
2024-05-07,Desk Organizer,Office Supplies,East,29.99,1,C1507,Debit Card
2024-05-08,Smartphone,Electronics,West,759.99,1,C2452,Debit Card
2024-05-08,Ergonomic Chair,Office Supplies,North,749.97,3,C1738,Credit Card
2024-05-08,Ergonomic Chair,Office Supplies,North,1249.95,5,C1467,PayPal
2024-05-08,Smartphone,Electronics,West,1439.98,2,C1654,Debit Card
2024-05-08,Notebook,Office Supplies,North,28.47,3,C1730,Cash
2024-05-08,Laptop,Electronics,East,1299.99,1,C1425,Credit Card
2024-05-08,LED Desk Lamp,Office Supplies,West,87.38,2,C1606,Cash
2024-05-08,Monitor,Electronics,East,1749.95,5,C2448,Cash
2024-05-08,Notebook,Office Supplies,South,44.96,5,C1755,Credit Card
2024-05-08,Desk Organizer,Office Supplies,West,26.99,1,C1400,Debit Card
2024-05-08,Laptop,Electronics,West,2599.98,2,C2400,PayPal
2024-05-08,Power Bank,Accessories,West,79.98,2,C2363,PayPal
2024-05-08,Desk Organizer,Office Supplies,West,89.97,3,C2090,Cash
2024-05-08,Keyboard,Accessories,North,79.99,1,C1844,PayPal
2024-05-08,Mouse,Accessories,South,74.97,3,C1946,Cash
2024-05-08,Ergonomic Chair,Office Supplies,West,499.98,2,C1731,Credit Card
2024-05-08,Monitor,Electronics,West,629.98,2,C1381,PayPal
2024-05-08,Laptop,Electronics,West,5199.96,4,C1318,Credit Card
2024-05-08,Ergonomic Chair,Office Supplies,South,999.96,4,C2217,Credit Card
2024-05-08,Ergonomic Chair,Office Supplies,North,499.98,2,C1770,Debit Card
2024-05-08,Desk Organizer,Office Supplies,South,59.98,2,C1034,Cash
2024-05-08,Mouse,Accessories,East,23.74,1,C1668,Credit Card
2024-05-08,Notebook,Office Supplies,East,29.97,3,C1414,Debit Card
2024-05-08,Headphones,Electronics,West,303.98,2,C2293,Credit Card
2024-05-08,Desk Organizer,Office Supplies,South,59.98,2,C2208,Credit Card
2024-05-08,LED Desk Lamp,Office Supplies,South,87.38,2,C1946,PayPal
2024-05-08,Ergonomic Chair,Office Supplies,East,999.96,4,C2052,PayPal
2024-05-08,Keyboard,Accessories,North,159.98,2,C1577,PayPal
2024-05-08,Headphones,Electronics,West,319.98,2,C2428,Cash
2024-05-09,Headphones,Electronics,East,319.98,2,C1814,Credit Card
2024-05-09,Mouse,Accessories,South,24.99,1,C1495,Cash
2024-05-09,Keyboard,Accessories,West,71.99,1,C1935,Debit Card
2024-05-09,Ergonomic Chair,Office Supplies,West,224.99,1,C1095,Debit Card
2024-05-09,Ergonomic Chair,Office Supplies,East,249.99,1,C1715,Cash
2024-05-09,Laptop,Electronics,North,1169.99,1,C2176,Credit Card
2024-05-09,Monitor,Electronics,North,349.99,1,C1326,Cash
2024-05-09,Desk Organizer,Office Supplies,South,89.97,3,C1246,PayPal
2024-05-09,Desk Organizer,Office Supplies,South,29.99,1,C1762,Cash
2024-05-09,Power Bank,Accessories,North,143.96,4,C2417,Cash
2024-05-09,Notebook,Office Supplies,North,8.99,1,C1932,Cash
2024-05-09,LED Desk Lamp,Office Supplies,North,45.99,1,C1519,PayPal
2024-05-09,Headphones,Electronics,West,151.99,1,C1522,Cash
2024-05-09,Mousepad,Accessories,West,59.97,3,C1787,PayPal
2024-05-09,USB Cable,Accessories,South,25.98,2,C1826,Cash
2024-05-09,Notebook,Office Supplies,West,9.99,1,C1601,PayPal
2024-05-09,Ergonomic Chair,Office Supplies,North,249.99,1,C1839,Credit Card
2024-05-09,Monitor,Electronics,South,699.98,2,C2203,Cash
2024-05-09,Ergonomic Chair,Office Supplies,South,499.98,2,C1601,PayPal
2024-05-09,USB Cable,Accessories,West,38.97,3,C1228,PayPal
2024-05-09,LED Desk Lamp,Office Supplies,East,91.98,2,C2404,Credit Card
2024-05-09,Headphones,Electronics,North,159.99,1,C1745,Cash
2024-05-09,Mousepad,Accessories,North,79.96,4,C2455,Cash
2024-05-09,Monitor,Electronics,West,349.99,1,C1435,PayPal
2024-05-10,Mouse,Accessories,South,24.99,1,C1630,Cash
2024-05-10,LED Desk Lamp,Office Supplies,East,45.99,1,C1558,Cash
2024-05-10,Laptop,Electronics,North,1299.99,1,C2344,Credit Card
2024-05-10,Power Bank,Accessories,North,379.91,10,C1077,PayPal
2024-05-10,Power Bank,Accessories,North,75.98,2,C1003,Cash
2024-05-10,Headphones,Electronics,South,479.97,3,C1726,PayPal
2024-05-10,Mousepad,Accessories,South,53.97,3,C1996,Credit Card
2024-05-10,Mousepad,Accessories,West,59.97,3,C2382,Cash
2024-05-10,LED Desk Lamp,Office Supplies,West,45.99,1,C1388,PayPal
2024-05-10,Desk Organizer,Office Supplies,North,53.98,2,C2497,PayPal
2024-05-10,Mouse,Accessories,South,24.99,1,C1084,Cash
2024-05-10,Tablet,Electronics,West,2374.95,5,C2250,Debit Card
2024-05-10,Tablet,Electronics,South,449.99,1,C1237,Debit Card
2024-05-10,Smartphone,Electronics,East,799.99,1,C1835,Credit Card
2024-05-10,Ergonomic Chair,Office Supplies,West,224.99,1,C1596,PayPal
2024-05-10,Mouse,Accessories,East,24.99,1,C1573,PayPal
2024-05-10,Mouse,Accessories,West,22.49,1,C1708,PayPal
2024-05-10,LED Desk Lamp,Office Supplies,North,367.92,8,C2210,PayPal
2024-05-10,USB Cable,Accessories,South,12.99,1,C2164,PayPal
2024-05-10,USB Cable,Accessories,East,11.69,1,C2089,PayPal
2024-05-10,Desk Organizer,Office Supplies,South,56.98,2,C1473,PayPal
2024-05-10,USB Cable,Accessories,West,51.96,4,C2300,PayPal
2024-05-10,USB Cable,Accessories,South,51.96,4,C1364,Credit Card
2024-05-10,Power Bank,Accessories,South,39.99,1,C2419,Credit Card
2024-05-10,Headphones,Electronics,East,479.97,3,C1776,Cash
2024-05-10,Power Bank,Accessories,East,39.99,1,C1012,Credit Card
2024-05-10,Mouse,Accessories,East,24.99,1,C1851,Credit Card
2024-05-10,Notebook,Office Supplies,South,29.97,3,C1911,Debit Card
2024-05-10,USB Cable,Accessories,North,12.99,1,C1360,PayPal
2024-05-10,LED Desk Lamp,Office Supplies,North,45.99,1,C2313,PayPal
2024-05-11,Tablet,Electronics,West,3999.92,8,C1536,Cash
2024-05-11,USB Cable,Accessories,South,11.69,1,C1872,Cash
2024-05-11,Keyboard,Accessories,West,79.99,1,C1616,Cash
2024-05-11,Mousepad,Accessories,North,18.99,1,C2013,Cash
2024-05-11,Mousepad,Accessories,West,71.96,4,C1107,Debit Card
2024-05-11,Keyboard,Accessories,North,639.92,8,C1082,Debit Card
2024-05-11,Ergonomic Chair,Office Supplies,South,249.99,1,C1226,Debit Card
2024-05-11,Headphones,Electronics,West,151.99,1,C2045,Credit Card
2024-05-11,Monitor,Electronics,East,2519.93,8,C2468,PayPal
2024-05-11,Headphones,Electronics,East,319.98,2,C1803,Cash
2024-05-11,Webcam,Electronics,East,427.45,5,C2085,Credit Card
2024-05-11,Laptop,Electronics,East,3899.97,3,C1796,Debit Card
2024-05-11,Monitor,Electronics,East,314.99,1,C1096,Debit Card
2024-05-11,Laptop,Electronics,North,2339.98,2,C2065,Credit Card
2024-05-11,Mousepad,Accessories,South,19.99,1,C2141,Debit Card
2024-05-11,Headphones,Electronics,North,151.99,1,C1416,Credit Card
2024-05-12,Mouse,Accessories,North,24.99,1,C2201,PayPal
2024-05-12,Keyboard,Accessories,South,159.98,2,C1665,Debit Card
2024-05-12,Mousepad,Accessories,South,35.98,2,C2480,Cash
2024-05-12,Notebook,Office Supplies,East,9.49,1,C2166,Cash
2024-05-12,Ergonomic Chair,Office Supplies,South,224.99,1,C1744,Cash
2024-05-12,Smartphone,Electronics,South,799.99,1,C1111,Cash
2024-05-12,Desk Organizer,Office Supplies,North,89.97,3,C2431,Credit Card
2024-05-12,USB Cable,Accessories,West,12.34,1,C1260,Cash
2024-05-12,Mousepad,Accessories,North,17.99,1,C1458,Cash
2024-05-12,Desk Organizer,Office Supplies,North,80.97,3,C2269,Cash
2024-05-12,Webcam,Electronics,South,449.95,5,C1473,PayPal
2024-05-12,Laptop,Electronics,South,1234.99,1,C1927,PayPal
2024-05-12,Webcam,Electronics,South,85.49,1,C2078,Cash
2024-05-12,Desk Organizer,Office Supplies,West,29.99,1,C2063,Debit Card
2024-05-12,Headphones,Electronics,West,639.96,4,C2453,PayPal
2024-05-12,Webcam,Electronics,North,179.98,2,C1297,Cash
2024-05-12,Ergonomic Chair,Office Supplies,East,249.99,1,C2488,Debit Card
2024-05-12,USB Cable,Accessories,South,38.97,3,C1575,Cash
2024-05-12,Headphones,Electronics,South,303.98,2,C1647,Cash
2024-05-12,Tablet,Electronics,East,449.99,1,C1406,Credit Card
2024-05-12,Keyboard,Accessories,West,75.99,1,C1021,Credit Card
2024-05-12,Keyboard,Accessories,East,79.99,1,C1624,Cash
2024-05-12,Smartphone,Electronics,West,1519.98,2,C1778,Debit Card
2024-05-12,USB Cable,Accessories,North,12.99,1,C1440,Debit Card
2024-05-13,Mousepad,Accessories,South,17.99,1,C1925,Debit Card
2024-05-13,LED Desk Lamp,Office Supplies,East,45.99,1,C1472,Cash
2024-05-13,Ergonomic Chair,Office Supplies,North,249.99,1,C1640,Cash
2024-05-13,Notebook,Office Supplies,East,9.49,1,C2285,Credit Card
2024-05-13,Mouse,Accessories,North,49.98,2,C1982,PayPal
2024-05-13,Laptop,Electronics,South,1234.99,1,C1058,PayPal
2024-05-13,Monitor,Electronics,South,314.99,1,C1993,Cash
2024-05-13,Smartphone,Electronics,East,799.99,1,C1269,Debit Card
2024-05-13,Tablet,Electronics,East,999.98,2,C1100,Credit Card
2024-05-13,USB Cable,Accessories,East,12.34,1,C1455,PayPal
2024-05-13,Keyboard,Accessories,North,71.99,1,C2311,PayPal
2024-05-13,Notebook,Office Supplies,South,9.99,1,C1790,Debit Card
2024-05-13,Mousepad,Accessories,South,17.99,1,C1579,Credit Card
2024-05-13,Monitor,Electronics,North,699.98,2,C1050,Credit Card
2024-05-13,Keyboard,Accessories,West,79.99,1,C2386,Cash
2024-05-13,Monitor,Electronics,North,349.99,1,C1054,PayPal
2024-05-13,Desk Organizer,Office Supplies,South,28.49,1,C1754,Cash
2024-05-13,Notebook,Office Supplies,North,9.99,1,C1544,Cash
2024-05-13,Headphones,Electronics,North,319.98,2,C1012,Credit Card
2024-05-13,Mousepad,Accessories,South,18.99,1,C2001,Credit Card
2024-05-13,Webcam,Electronics,North,449.95,5,C1326,Cash
2024-05-13,Headphones,Electronics,North,319.98,2,C1603,Debit Card
2024-05-13,Tablet,Electronics,East,499.99,1,C1547,Debit Card
2024-05-13,Desk Organizer,Office Supplies,North,29.99,1,C1473,Credit Card
2024-05-14,Mousepad,Accessories,South,39.98,2,C2150,Cash
2024-05-14,Tablet,Electronics,East,499.99,1,C2377,Debit Card
2024-05-14,Notebook,Office Supplies,South,49.95,5,C1691,Debit Card
2024-05-14,Laptop,Electronics,West,1299.99,1,C1278,Cash
2024-05-14,Ergonomic Chair,Office Supplies,East,749.97,3,C2265,Credit Card
2024-05-14,Mouse,Accessories,West,24.99,1,C1154,PayPal
2024-05-14,Notebook,Office Supplies,North,39.96,4,C2294,Credit Card
2024-05-14,LED Desk Lamp,Office Supplies,North,45.99,1,C1193,Debit Card
2024-05-14,Laptop,Electronics,East,1299.99,1,C1120,PayPal
2024-05-14,Ergonomic Chair,Office Supplies,South,249.99,1,C2182,Debit Card
2024-05-14,Desk Organizer,Office Supplies,South,59.98,2,C1078,PayPal
2024-05-14,Desk Organizer,Office Supplies,North,56.98,2,C1925,PayPal
2024-05-14,Mouse,Accessories,North,49.98,2,C2077,Cash
2024-05-14,Desk Organizer,Office Supplies,North,59.98,2,C1634,PayPal
2024-05-14,Desk Organizer,Office Supplies,North,28.49,1,C1524,Debit Card
2024-05-14,Power Bank,Accessories,South,399.9,10,C2422,Cash
2024-05-14,Laptop,Electronics,East,1169.99,1,C2188,Cash
2024-05-14,Mouse,Accessories,North,24.99,1,C2291,PayPal
2024-05-14,LED Desk Lamp,Office Supplies,West,45.99,1,C1031,Debit Card
2024-05-14,Mousepad,Accessories,West,19.99,1,C1498,Debit Card
2024-05-14,Tablet,Electronics,South,474.99,1,C1897,PayPal
2024-05-14,Desk Organizer,Office Supplies,West,59.98,2,C2204,Credit Card
2024-05-14,Keyboard,Accessories,North,287.96,4,C1976,PayPal
2024-05-14,Tablet,Electronics,West,499.99,1,C1173,Debit Card
2024-05-14,LED Desk Lamp,Office Supplies,West,131.07,3,C1905,PayPal
2024-05-14,LED Desk Lamp,Office Supplies,East,183.96,4,C1308,PayPal
2024-05-14,Keyboard,Accessories,East,79.99,1,C1553,Cash
2024-05-14,LED Desk Lamp,Office Supplies,East,91.98,2,C1804,Credit Card
2024-05-14,Keyboard,Accessories,South,159.98,2,C2399,Cash
2024-05-14,Tablet,Electronics,West,1999.96,4,C2194,Cash
2024-05-14,LED Desk Lamp,Office Supplies,North,41.39,1,C1270,Debit Card
2024-05-15,Desk Organizer,Office Supplies,West,28.49,1,C2327,PayPal
2024-05-15,LED Desk Lamp,Office Supplies,South,82.78,2,C2359,PayPal
2024-05-15,Notebook,Office Supplies,East,39.96,4,C1528,Cash
2024-05-15,Desk Organizer,Office Supplies,East,89.97,3,C1170,Credit Card
2024-05-15,Headphones,Electronics,North,159.99,1,C1125,Credit Card
2024-05-15,USB Cable,Accessories,North,37.02,3,C2358,Cash
2024-05-15,Monitor,Electronics,North,314.99,1,C2476,Credit Card
2024-05-15,Headphones,Electronics,West,455.97,3,C2266,Cash
2024-05-15,Headphones,Electronics,East,303.98,2,C2100,Cash
2024-05-15,Headphones,Electronics,West,143.99,1,C1956,Credit Card
2024-05-15,Smartphone,Electronics,East,6399.92,8,C1463,Debit Card
2024-05-15,Desk Organizer,Office Supplies,North,56.98,2,C2074,Cash
2024-05-15,Webcam,Electronics,East,89.99,1,C1757,Cash
2024-05-15,Notebook,Office Supplies,South,29.97,3,C1098,PayPal
2024-05-15,Keyboard,Accessories,West,239.97,3,C1579,PayPal
2024-05-15,Notebook,Office Supplies,North,28.47,3,C2344,PayPal
2024-05-15,Desk Organizer,Office Supplies,East,29.99,1,C2031,Debit Card
2024-05-15,Power Bank,Accessories,South,79.98,2,C1975,PayPal
2024-05-15,Notebook,Office Supplies,East,9.99,1,C1842,PayPal
2024-05-15,Tablet,Electronics,South,499.99,1,C1490,Cash
2024-05-15,Mouse,Accessories,South,49.98,2,C1521,Cash
2024-05-15,Ergonomic Chair,Office Supplies,East,249.99,1,C1566,Debit Card
2024-05-15,Tablet,Electronics,North,474.99,1,C1309,Cash
2024-05-15,Power Bank,Accessories,East,37.99,1,C2005,PayPal
2024-05-15,Laptop,Electronics,West,1299.99,1,C1165,Debit Card
2024-05-15,Headphones,Electronics,North,159.99,1,C1162,Credit Card
2024-05-15,Webcam,Electronics,South,89.99,1,C1831,Debit Card
2024-05-15,Smartphone,Electronics,South,1439.98,2,C1639,Debit Card
2024-05-15,Notebook,Office Supplies,South,19.98,2,C2409,Debit Card
2024-05-15,Headphones,Electronics,East,319.98,2,C2315,Cash
2024-05-16,Ergonomic Chair,Office Supplies,West,237.49,1,C2245,Debit Card
2024-05-16,Smartphone,Electronics,East,3199.96,4,C1008,Cash
2024-05-16,Laptop,Electronics,North,1299.99,1,C2219,Debit Card
2024-05-16,LED Desk Lamp,Office Supplies,South,183.96,4,C1080,Credit Card
2024-05-16,Headphones,Electronics,West,455.97,3,C2072,Cash
2024-05-16,Webcam,Electronics,North,89.99,1,C2478,Cash
2024-05-16,Mousepad,Accessories,West,37.98,2,C1214,PayPal
2024-05-16,Ergonomic Chair,Office Supplies,West,999.96,4,C1294,Credit Card
2024-05-16,Power Bank,Accessories,East,75.98,2,C1311,Cash
2024-05-16,Mousepad,Accessories,East,17.99,1,C2177,Debit Card
2024-05-16,Desk Organizer,Office Supplies,North,59.98,2,C2304,Credit Card
2024-05-16,Desk Organizer,Office Supplies,East,239.92,8,C1961,PayPal
2024-05-16,LED Desk Lamp,Office Supplies,East,45.99,1,C1708,Cash
2024-05-16,Smartphone,Electronics,West,1599.98,2,C1774,Cash
2024-05-16,Desk Organizer,Office Supplies,East,89.97,3,C1025,Credit Card
2024-05-16,Ergonomic Chair,Office Supplies,East,249.99,1,C1871,PayPal
2024-05-16,Ergonomic Chair,Office Supplies,North,749.97,3,C1680,Debit Card
2024-05-16,Ergonomic Chair,Office Supplies,West,249.99,1,C2092,PayPal
2024-05-16,Power Bank,Accessories,North,79.98,2,C1608,Credit Card
2024-05-16,Headphones,Electronics,North,799.95,5,C1108,Debit Card
2024-05-16,Laptop,Electronics,East,1299.99,1,C1284,Cash
2024-05-16,Smartphone,Electronics,West,799.99,1,C2441,Debit Card
2024-05-16,Webcam,Electronics,East,256.47,3,C1049,Cash
2024-05-16,Mousepad,Accessories,South,79.96,4,C1506,Cash
2024-05-16,Ergonomic Chair,Office Supplies,East,474.98,2,C1797,Credit Card
2024-05-17,Power Bank,Accessories,East,119.97,3,C1797,Debit Card
2024-05-17,Power Bank,Accessories,North,39.99,1,C2212,PayPal
2024-05-17,Notebook,Office Supplies,West,19.98,2,C2211,Cash
2024-05-17,Webcam,Electronics,West,449.95,5,C1760,PayPal
2024-05-17,LED Desk Lamp,Office Supplies,West,45.99,1,C2324,Debit Card
2024-05-17,Monitor,Electronics,South,1329.96,4,C2086,Debit Card
2024-05-17,Smartphone,Electronics,West,719.99,1,C1884,Debit Card
2024-05-17,Notebook,Office Supplies,South,89.91,10,C2366,PayPal
2024-05-17,LED Desk Lamp,Office Supplies,North,45.99,1,C1798,Credit Card
2024-05-17,Notebook,Office Supplies,North,9.49,1,C1802,Cash
2024-05-17,USB Cable,Accessories,South,12.99,1,C2234,Debit Card
2024-05-17,Desk Organizer,Office Supplies,West,53.98,2,C1345,Cash
2024-05-17,Notebook,Office Supplies,North,37.96,4,C2486,Cash
2024-05-17,Mouse,Accessories,North,22.49,1,C1147,Cash
2024-05-17,USB Cable,Accessories,West,12.34,1,C2200,PayPal
2024-05-17,Desk Organizer,Office Supplies,West,59.98,2,C2336,PayPal
2024-05-17,Power Bank,Accessories,South,287.93,8,C2240,Credit Card
2024-05-17,USB Cable,Accessories,North,25.98,2,C1797,Credit Card
2024-05-17,LED Desk Lamp,Office Supplies,North,45.99,1,C1181,Debit Card
2024-05-17,Laptop,Electronics,East,1299.99,1,C2368,Credit Card
2024-05-17,Ergonomic Chair,Office Supplies,South,1249.95,5,C2456,PayPal
2024-05-17,Webcam,Electronics,East,80.99,1,C2194,Debit Card
2024-05-17,USB Cable,Accessories,North,12.99,1,C2264,Credit Card
2024-05-17,Ergonomic Chair,Office Supplies,East,749.97,3,C2379,PayPal
2024-05-17,Notebook,Office Supplies,West,19.98,2,C1975,Cash
2024-05-17,Mouse,Accessories,North,22.49,1,C1965,Cash
2024-05-17,Mouse,Accessories,South,22.49,1,C1485,PayPal
2024-05-17,Power Bank,Accessories,South,199.95,5,C2451,Debit Card
2024-05-18,LED Desk Lamp,Office Supplies,East,45.99,1,C1674,Debit Card
2024-05-18,Monitor,Electronics,East,699.98,2,C1924,Cash
2024-05-18,Monitor,Electronics,South,944.97,3,C1398,Credit Card
2024-05-18,Monitor,Electronics,North,314.99,1,C1588,PayPal
2024-05-18,USB Cable,Accessories,East,12.99,1,C1089,Cash
2024-05-18,Ergonomic Chair,Office Supplies,North,224.99,1,C1130,Cash
2024-05-18,Monitor,Electronics,South,699.98,2,C1803,Debit Card
2024-05-18,Mousepad,Accessories,East,39.98,2,C1420,Credit Card
2024-05-18,Tablet,Electronics,East,449.99,1,C1368,PayPal
2024-05-18,Keyboard,Accessories,South,215.97,3,C1363,Cash
2024-05-18,LED Desk Lamp,Office Supplies,East,45.99,1,C2407,Cash
2024-05-18,Ergonomic Chair,Office Supplies,North,749.97,3,C1357,Cash
2024-05-18,Notebook,Office Supplies,West,19.98,2,C2160,Cash
2024-05-18,Keyboard,Accessories,North,79.99,1,C1830,Credit Card
2024-05-18,Laptop,Electronics,North,1234.99,1,C1094,Credit Card
2024-05-18,Webcam,Electronics,South,89.99,1,C1123,Debit Card
2024-05-18,Desk Organizer,Office Supplies,West,28.49,1,C2062,Cash
2024-05-18,Ergonomic Chair,Office Supplies,South,249.99,1,C2270,Cash
2024-05-18,Notebook,Office Supplies,South,75.92,8,C2351,PayPal
2024-05-18,Desk Organizer,Office Supplies,North,29.99,1,C2332,Cash
2024-05-18,Smartphone,Electronics,East,799.99,1,C2025,Cash
2024-05-18,Tablet,Electronics,East,499.99,1,C1504,PayPal
2024-05-18,Tablet,Electronics,South,499.99,1,C2359,Cash
2024-05-18,Smartphone,Electronics,West,759.99,1,C1442,Credit Card
2024-05-19,Notebook,Office Supplies,East,9.49,1,C2474,Credit Card
2024-05-19,LED Desk Lamp,Office Supplies,South,229.95,5,C1162,Credit Card
2024-05-19,Notebook,Office Supplies,East,9.99,1,C2363,Cash
2024-05-19,Tablet,Electronics,North,999.98,2,C2214,PayPal
2024-05-19,LED Desk Lamp,Office Supplies,North,41.39,1,C1284,PayPal
2024-05-19,Smartphone,Electronics,East,3999.95,5,C2475,PayPal
2024-05-19,Monitor,Electronics,East,1749.95,5,C1626,Credit Card
2024-05-19,Smartphone,Electronics,West,1519.98,2,C2225,Cash
2024-05-19,Power Bank,Accessories,West,79.98,2,C1560,PayPal
2024-05-19,Tablet,Electronics,South,449.99,1,C1931,PayPal
2024-05-19,Power Bank,Accessories,East,79.98,2,C1410,PayPal
2024-05-19,Laptop,Electronics,East,1299.99,1,C2328,Debit Card
2024-05-19,Mouse,Accessories,South,22.49,1,C2226,Credit Card
2024-05-19,Power Bank,Accessories,East,37.99,1,C1013,Cash
2024-05-19,Ergonomic Chair,Office Supplies,South,749.97,3,C2323,Cash
2024-05-19,LED Desk Lamp,Office Supplies,North,41.39,1,C1646,Credit Card
2024-05-19,Smartphone,Electronics,North,2159.97,3,C1745,PayPal
2024-05-19,LED Desk Lamp,Office Supplies,West,82.78,2,C2424,Cash
2024-05-19,Monitor,Electronics,East,349.99,1,C1456,Cash
2024-05-19,Monitor,Electronics,South,349.99,1,C1445,PayPal
2024-05-19,Tablet,Electronics,South,949.98,2,C1208,PayPal
2024-05-19,Keyboard,Accessories,West,143.98,2,C1125,Debit Card
2024-05-19,Power Bank,Accessories,East,39.99,1,C1438,PayPal
2024-05-19,LED Desk Lamp,Office Supplies,South,43.69,1,C1102,Credit Card
2024-05-19,Ergonomic Chair,Office Supplies,South,499.98,2,C2008,Debit Card
2024-05-19,Mouse,Accessories,South,23.74,1,C2004,Cash
2024-05-19,Headphones,Electronics,East,143.99,1,C1464,Debit Card
2024-05-19,Ergonomic Chair,Office Supplies,North,499.98,2,C1381,Cash
2024-05-19,Headphones,Electronics,South,455.97,3,C1356,Cash
2024-05-20,Notebook,Office Supplies,North,29.97,3,C2245,Cash
2024-05-20,Notebook,Office Supplies,South,9.99,1,C2300,Debit Card
2024-05-20,Laptop,Electronics,East,2469.98,2,C2307,Cash
2024-05-20,Notebook,Office Supplies,North,19.98,2,C1745,PayPal
2024-05-20,Tablet,Electronics,East,499.99,1,C2159,Cash
2024-05-20,USB Cable,Accessories,North,38.97,3,C2262,Credit Card
2024-05-20,LED Desk Lamp,Office Supplies,West,206.96,5,C2139,PayPal
2024-05-20,Desk Organizer,Office Supplies,North,113.96,4,C2285,PayPal
2024-05-20,USB Cable,Accessories,West,12.99,1,C2012,Credit Card
2024-05-20,Tablet,Electronics,West,1899.96,4,C1866,PayPal
2024-05-20,Mouse,Accessories,North,24.99,1,C1670,Cash
2024-05-20,Headphones,Electronics,East,159.99,1,C1542,PayPal
2024-05-20,Webcam,Electronics,East,242.97,3,C2288,Credit Card
2024-05-20,Monitor,Electronics,East,664.98,2,C2450,Credit Card
2024-05-20,Ergonomic Chair,Office Supplies,North,474.98,2,C2011,Cash
2024-05-20,Monitor,Electronics,North,314.99,1,C1181,Debit Card
2024-05-20,Mouse,Accessories,East,24.99,1,C1325,Credit Card
2024-05-20,Tablet,Electronics,West,449.99,1,C1963,Cash
2024-05-20,Mouse,Accessories,North,49.98,2,C2014,Cash
2024-05-20,Tablet,Electronics,East,499.99,1,C1288,Credit Card
2024-05-20,Smartphone,Electronics,North,799.99,1,C1789,PayPal
2024-05-20,Ergonomic Chair,Office Supplies,East,249.99,1,C1215,Credit Card
2024-05-20,LED Desk Lamp,Office Supplies,East,91.98,2,C1095,PayPal
2024-05-20,USB Cable,Accessories,East,12.34,1,C1283,Cash
2024-05-20,Mousepad,Accessories,North,71.96,4,C2265,PayPal
2024-05-21,LED Desk Lamp,Office Supplies,West,45.99,1,C2177,Credit Card
2024-05-21,LED Desk Lamp,Office Supplies,North,137.97,3,C2204,Cash
2024-05-21,Notebook,Office Supplies,South,39.96,4,C1977,Debit Card
2024-05-21,USB Cable,Accessories,North,12.99,1,C2130,Cash
2024-05-21,Headphones,Electronics,East,143.99,1,C1895,PayPal
2024-05-21,LED Desk Lamp,Office Supplies,West,43.69,1,C1261,PayPal
2024-05-21,Keyboard,Accessories,North,71.99,1,C1273,PayPal
2024-05-21,Ergonomic Chair,Office Supplies,East,2499.9,10,C2332,Credit Card
2024-05-21,Mousepad,Accessories,North,39.98,2,C1397,Cash
2024-05-21,Laptop,Electronics,East,3899.97,3,C1331,Cash
2024-05-21,USB Cable,Accessories,West,12.34,1,C2061,Credit Card
2024-05-21,Monitor,Electronics,South,349.99,1,C1211,Debit Card
2024-05-21,Mouse,Accessories,West,49.98,2,C1087,Credit Card
2024-05-21,LED Desk Lamp,Office Supplies,East,45.99,1,C1840,Debit Card
2024-05-21,Mousepad,Accessories,South,39.98,2,C1642,PayPal
2024-05-21,Notebook,Office Supplies,West,39.96,4,C1559,Credit Card
2024-05-21,Keyboard,Accessories,South,239.97,3,C1358,Cash
2024-05-21,Headphones,Electronics,West,799.95,5,C1932,PayPal
2024-05-21,Tablet,Electronics,West,1999.96,4,C2118,Cash
2024-05-21,Notebook,Office Supplies,West,9.99,1,C1688,Debit Card
2024-05-21,Headphones,Electronics,South,143.99,1,C2115,Credit Card
2024-05-21,Mouse,Accessories,South,24.99,1,C1122,Credit Card
2024-05-21,Notebook,Office Supplies,South,29.97,3,C1475,PayPal
2024-05-21,Laptop,Electronics,East,4679.96,4,C2226,PayPal
2024-05-21,USB Cable,Accessories,North,11.69,1,C1774,Credit Card
2024-05-21,Ergonomic Chair,Office Supplies,West,899.96,4,C1967,PayPal
2024-05-21,Keyboard,Accessories,West,143.98,2,C2380,Debit Card
2024-05-21,Power Bank,Accessories,East,119.97,3,C1568,Credit Card
2024-05-22,Notebook,Office Supplies,North,19.98,2,C1521,Cash
2024-05-22,Mouse,Accessories,South,23.74,1,C1380,PayPal
2024-05-22,USB Cable,Accessories,North,12.99,1,C1107,Debit Card
2024-05-22,Smartphone,Electronics,North,1599.98,2,C2158,Debit Card
2024-05-22,Keyboard,Accessories,North,239.97,3,C1247,Cash
2024-05-22,Laptop,Electronics,North,2599.98,2,C2387,Credit Card
2024-05-22,Mousepad,Accessories,South,75.96,4,C1100,Debit Card
2024-05-22,Mouse,Accessories,North,24.99,1,C1801,Debit Card
2024-05-22,Keyboard,Accessories,North,319.96,4,C1094,Debit Card
2024-05-22,Smartphone,Electronics,South,719.99,1,C2294,Debit Card
2024-05-22,Headphones,Electronics,East,319.98,2,C1086,Cash
2024-05-22,Webcam,Electronics,North,170.98,2,C1319,Debit Card
2024-05-22,Desk Organizer,Office Supplies,West,89.97,3,C2257,Credit Card
2024-05-22,Webcam,Electronics,East,179.98,2,C2392,Debit Card
2024-05-22,Headphones,Electronics,East,303.98,2,C1216,Debit Card
2024-05-22,Monitor,Electronics,South,629.98,2,C1824,Credit Card
2024-05-22,Power Bank,Accessories,North,39.99,1,C2178,Debit Card
2024-05-22,Laptop,Electronics,South,3704.97,3,C1274,PayPal
2024-05-22,Notebook,Office Supplies,South,39.96,4,C1489,Credit Card
2024-05-22,Smartphone,Electronics,East,1599.98,2,C1150,Credit Card
2024-05-22,LED Desk Lamp,Office Supplies,West,45.99,1,C1925,PayPal
2024-05-22,LED Desk Lamp,Office Supplies,East,41.39,1,C1304,PayPal
2024-05-22,Keyboard,Accessories,South,143.98,2,C1824,Credit Card
2024-05-22,USB Cable,Accessories,East,11.69,1,C1394,Credit Card
2024-05-22,Tablet,Electronics,South,999.98,2,C1669,Debit Card
2024-05-22,Notebook,Office Supplies,West,26.97,3,C1619,Credit Card
2024-05-22,Ergonomic Chair,Office Supplies,South,474.98,2,C1809,Cash
2024-05-22,Ergonomic Chair,Office Supplies,North,449.98,2,C2427,Cash
2024-05-22,Keyboard,Accessories,North,79.99,1,C1431,Debit Card
2024-05-23,Smartphone,Electronics,East,799.99,1,C1484,Debit Card
2024-05-23,Mousepad,Accessories,South,19.99,1,C1228,Debit Card
2024-05-23,Keyboard,Accessories,South,79.99,1,C2045,Debit Card
2024-05-23,USB Cable,Accessories,North,25.98,2,C2217,Credit Card
2024-05-23,Mouse,Accessories,North,49.98,2,C2264,Cash
2024-05-23,Tablet,Electronics,South,1499.97,3,C1417,Debit Card
2024-05-23,Mousepad,Accessories,West,17.99,1,C2064,Credit Card
2024-05-23,Tablet,Electronics,East,999.98,2,C2470,Credit Card
2024-05-23,Keyboard,Accessories,North,159.98,2,C2441,Cash
2024-05-23,Monitor,Electronics,North,314.99,1,C1432,Credit Card
2024-05-23,LED Desk Lamp,Office Supplies,West,45.99,1,C1223,Debit Card
2024-05-23,Ergonomic Chair,Office Supplies,West,499.98,2,C2120,PayPal
2024-05-23,Webcam,Electronics,North,89.99,1,C2203,Cash
2024-05-23,Mousepad,Accessories,North,37.98,2,C1322,Debit Card
2024-05-23,Monitor,Electronics,East,699.98,2,C1824,PayPal
2024-05-23,Webcam,Electronics,North,80.99,1,C2386,Debit Card
2024-05-23,Keyboard,Accessories,West,79.99,1,C1511,Credit Card
2024-05-23,Notebook,Office Supplies,East,19.98,2,C1993,Debit Card
2024-05-23,Mouse,Accessories,North,24.99,1,C1126,Cash
2024-05-23,Desk Organizer,Office Supplies,South,29.99,1,C2175,PayPal
2024-05-23,Power Bank,Accessories,North,39.99,1,C1512,PayPal
2024-05-23,Ergonomic Chair,Office Supplies,South,1124.96,5,C2153,Debit Card
2024-05-23,Ergonomic Chair,Office Supplies,North,674.97,3,C2210,Debit Card
2024-05-23,Tablet,Electronics,West,2499.95,5,C1546,PayPal
2024-05-23,Tablet,Electronics,West,999.98,2,C2423,PayPal
2024-05-23,Webcam,Electronics,North,179.98,2,C1218,Cash
2024-05-23,Tablet,Electronics,North,499.99,1,C1186,Debit Card
2024-05-24,Power Bank,Accessories,South,39.99,1,C1124,Credit Card
2024-05-24,USB Cable,Accessories,South,38.97,3,C1729,Debit Card
2024-05-24,Power Bank,Accessories,West,119.97,3,C1981,Credit Card
2024-05-24,USB Cable,Accessories,East,12.99,1,C1509,Cash
2024-05-24,Desk Organizer,Office Supplies,West,29.99,1,C2436,Credit Card
2024-05-24,LED Desk Lamp,Office Supplies,North,43.69,1,C1043,Debit Card
2024-05-24,Mousepad,Accessories,East,39.98,2,C1338,Debit Card
2024-05-24,Ergonomic Chair,Office Supplies,West,749.97,3,C2104,Cash
2024-05-24,Mouse,Accessories,East,22.49,1,C1089,PayPal
2024-05-24,Power Bank,Accessories,West,107.97,3,C2192,Debit Card
2024-05-24,Notebook,Office Supplies,South,28.47,3,C1232,Cash
2024-05-24,Notebook,Office Supplies,West,26.97,3,C2360,Credit Card
2024-05-24,Laptop,Electronics,South,1299.99,1,C1130,Cash
2024-05-24,Notebook,Office Supplies,South,9.49,1,C2496,Debit Card
2024-05-24,Ergonomic Chair,Office Supplies,North,499.98,2,C1189,Credit Card
2024-05-24,Laptop,Electronics,West,1234.99,1,C1539,PayPal
2024-05-24,Notebook,Office Supplies,North,9.99,1,C2010,PayPal
2024-05-24,Keyboard,Accessories,West,159.98,2,C2453,PayPal
2024-05-24,Mouse,Accessories,South,47.48,2,C1070,Debit Card
2024-05-24,Desk Organizer,Office Supplies,East,53.98,2,C2043,Debit Card
2024-05-24,Mousepad,Accessories,South,19.99,1,C2487,Debit Card
2024-05-24,Webcam,Electronics,East,170.98,2,C1599,PayPal
2024-05-24,LED Desk Lamp,Office Supplies,West,174.76,4,C2399,Cash
2024-05-24,Tablet,Electronics,West,474.99,1,C2023,Credit Card
2024-05-24,Desk Organizer,Office Supplies,South,53.98,2,C1501,Cash
2024-05-24,Mousepad,Accessories,North,39.98,2,C2136,PayPal
2024-05-24,Notebook,Office Supplies,North,9.99,1,C1151,PayPal
2024-05-24,LED Desk Lamp,Office Supplies,West,82.78,2,C2126,Credit Card
2024-05-24,Ergonomic Chair,Office Supplies,North,2249.91,10,C1305,PayPal
2024-05-24,Power Bank,Accessories,East,71.98,2,C2187,Debit Card
2024-05-24,LED Desk Lamp,Office Supplies,North,43.69,1,C2024,Credit Card
2024-05-25,Keyboard,Accessories,South,159.98,2,C1374,PayPal
2024-05-25,Ergonomic Chair,Office Supplies,North,499.98,2,C1143,Credit Card
2024-05-25,Ergonomic Chair,Office Supplies,East,749.97,3,C1223,Credit Card
2024-05-25,Smartphone,Electronics,West,3199.96,4,C2235,Credit Card
2024-05-25,Mousepad,Accessories,East,39.98,2,C1463,Cash
2024-05-25,Mouse,Accessories,East,24.99,1,C1523,Debit Card
2024-05-25,Keyboard,Accessories,West,239.97,3,C2085,Credit Card
2024-05-25,Ergonomic Chair,Office Supplies,North,712.47,3,C2378,Debit Card
2024-05-25,Monitor,Electronics,West,349.99,1,C1715,Credit Card
2024-05-25,USB Cable,Accessories,West,12.99,1,C1450,PayPal
2024-05-25,Headphones,Electronics,North,159.99,1,C1439,PayPal
2024-05-25,Monitor,Electronics,West,349.99,1,C1209,Cash
2024-05-25,Headphones,Electronics,North,639.96,4,C1081,Debit Card
2024-05-25,USB Cable,Accessories,South,12.99,1,C1416,PayPal
2024-05-25,Desk Organizer,Office Supplies,East,89.97,3,C2164,Credit Card
2024-05-25,Ergonomic Chair,Office Supplies,West,499.98,2,C2436,Credit Card
2024-05-25,USB Cable,Accessories,West,38.97,3,C1771,Debit Card
2024-05-25,USB Cable,Accessories,East,46.76,4,C2459,Credit Card
2024-05-25,LED Desk Lamp,Office Supplies,South,45.99,1,C2109,Credit Card
2024-05-25,Headphones,Electronics,East,143.99,1,C1333,Credit Card
2024-05-25,Headphones,Electronics,West,159.99,1,C2252,Cash
2024-05-25,Desk Organizer,Office Supplies,South,28.49,1,C1188,Cash
2024-05-25,Tablet,Electronics,South,499.99,1,C1215,PayPal
2024-05-25,Laptop,Electronics,South,1299.99,1,C1447,Debit Card
2024-05-25,Smartphone,Electronics,South,799.99,1,C1274,Debit Card
2024-05-25,Laptop,Electronics,South,1234.99,1,C2442,Debit Card
2024-05-25,USB Cable,Accessories,North,12.99,1,C2144,Debit Card
2024-05-25,Notebook,Office Supplies,South,9.99,1,C2162,Cash
2024-05-25,Mousepad,Accessories,South,19.99,1,C2360,PayPal
2024-05-25,Power Bank,Accessories,East,39.99,1,C1502,Cash
2024-05-25,USB Cable,Accessories,West,38.97,3,C1161,Cash
2024-05-25,Ergonomic Chair,Office Supplies,West,237.49,1,C2467,Credit Card
2024-05-25,Desk Organizer,Office Supplies,West,29.99,1,C2489,Debit Card
2024-05-25,Monitor,Electronics,East,1049.97,3,C2119,Debit Card
2024-05-25,USB Cable,Accessories,South,23.38,2,C1551,PayPal
2024-05-25,USB Cable,Accessories,West,98.72,8,C1344,Debit Card
2024-05-25,Desk Organizer,Office Supplies,East,134.95,5,C1109,Debit Card
2024-05-25,USB Cable,Accessories,East,12.99,1,C1994,Debit Card
2024-05-25,Mouse,Accessories,East,49.98,2,C2141,Cash
2024-05-26,Mousepad,Accessories,West,39.98,2,C1296,Credit Card
2024-05-26,Desk Organizer,Office Supplies,West,28.49,1,C2347,Debit Card
2024-05-26,LED Desk Lamp,Office Supplies,West,91.98,2,C2105,Credit Card
2024-05-26,Notebook,Office Supplies,East,8.99,1,C1910,Cash
2024-05-26,Mouse,Accessories,North,24.99,1,C1496,Credit Card
2024-05-26,Tablet,Electronics,East,449.99,1,C1060,PayPal
2024-05-26,Smartphone,Electronics,East,759.99,1,C2347,PayPal
2024-05-26,USB Cable,Accessories,West,11.69,1,C1662,Debit Card
2024-05-26,Desk Organizer,Office Supplies,West,149.95,5,C2310,PayPal
2024-05-26,Desk Organizer,Office Supplies,North,29.99,1,C1485,PayPal
2024-05-26,Keyboard,Accessories,South,71.99,1,C2091,Debit Card
2024-05-26,Keyboard,Accessories,West,399.95,5,C2450,Cash
2024-05-26,Ergonomic Chair,Office Supplies,West,237.49,1,C1172,Cash
2024-05-26,Ergonomic Chair,Office Supplies,South,999.96,4,C2449,PayPal
2024-05-26,Ergonomic Chair,Office Supplies,East,249.99,1,C1273,Cash
2024-05-26,Desk Organizer,Office Supplies,North,26.99,1,C1028,Credit Card
2024-05-26,Mouse,Accessories,East,24.99,1,C2116,PayPal
2024-05-26,Mouse,Accessories,South,49.98,2,C1517,PayPal
2024-05-26,Monitor,Electronics,West,2799.92,8,C1462,Credit Card
2024-05-26,Webcam,Electronics,East,89.99,1,C1029,Cash
2024-05-26,Keyboard,Accessories,West,71.99,1,C2414,PayPal
2024-05-26,Monitor,Electronics,South,349.99,1,C2367,Cash
2024-05-26,Power Bank,Accessories,South,39.99,1,C2280,Debit Card
2024-05-26,LED Desk Lamp,Office Supplies,South,41.39,1,C1642,PayPal
2024-05-27,Mouse,Accessories,East,74.97,3,C1762,Credit Card
2024-05-27,Webcam,Electronics,North,85.49,1,C1580,Credit Card
2024-05-27,Ergonomic Chair,Office Supplies,East,249.99,1,C1436,PayPal
2024-05-27,Mouse,Accessories,South,49.98,2,C1317,PayPal
2024-05-27,Laptop,Electronics,South,1234.99,1,C2439,Credit Card
2024-05-27,Smartphone,Electronics,South,1599.98,2,C1711,Credit Card
2024-05-27,Laptop,Electronics,East,1299.99,1,C1820,Cash
2024-05-27,Desk Organizer,Office Supplies,East,28.49,1,C2228,Cash
2024-05-27,Tablet,Electronics,West,1999.96,4,C1707,PayPal
2024-05-27,Webcam,Electronics,North,89.99,1,C1047,Debit Card
2024-05-27,Tablet,Electronics,South,449.99,1,C1225,Credit Card
2024-05-27,Headphones,Electronics,West,303.98,2,C1258,Debit Card
2024-05-27,Desk Organizer,Office Supplies,South,59.98,2,C2423,Cash
2024-05-27,Headphones,Electronics,West,151.99,1,C1060,PayPal
2024-05-27,Mousepad,Accessories,North,19.99,1,C2027,Credit Card
2024-05-27,Ergonomic Chair,Office Supplies,North,224.99,1,C1618,Credit Card
2024-05-27,USB Cable,Accessories,North,46.76,4,C2336,PayPal
2024-05-27,Smartphone,Electronics,East,1599.98,2,C1965,Credit Card
2024-05-27,Mousepad,Accessories,West,59.97,3,C2288,PayPal
2024-05-27,Monitor,Electronics,South,332.49,1,C1107,PayPal
2024-05-27,Keyboard,Accessories,South,75.99,1,C1051,Debit Card
2024-05-27,Mouse,Accessories,East,22.49,1,C1289,Credit Card
2024-05-27,Tablet,Electronics,West,1499.97,3,C2473,Credit Card
2024-05-27,Ergonomic Chair,Office Supplies,West,499.98,2,C1858,Credit Card
2024-05-27,Monitor,Electronics,East,1049.97,3,C2466,Credit Card
2024-05-27,Headphones,Electronics,North,159.99,1,C1552,Credit Card
2024-05-27,Notebook,Office Supplies,East,49.95,5,C2054,Debit Card
2024-05-28,Laptop,Electronics,West,1299.99,1,C1268,PayPal
2024-05-28,Tablet,Electronics,East,2249.95,5,C2490,PayPal
2024-05-28,Ergonomic Chair,Office Supplies,West,999.96,4,C1883,PayPal
2024-05-28,Laptop,Electronics,West,4939.96,4,C1556,PayPal
2024-05-28,Headphones,Electronics,North,319.98,2,C2133,PayPal
2024-05-28,Notebook,Office Supplies,North,9.99,1,C1162,Debit Card
2024-05-28,Laptop,Electronics,East,6499.95,5,C1986,PayPal
2024-05-28,Power Bank,Accessories,West,143.96,4,C1934,Debit Card
2024-05-28,Ergonomic Chair,Office Supplies,North,449.98,2,C2459,Cash
2024-05-28,Smartphone,Electronics,West,1599.98,2,C1093,Cash
2024-05-28,Webcam,Electronics,East,89.99,1,C1510,Credit Card
2024-05-28,Ergonomic Chair,Office Supplies,North,249.99,1,C1782,Cash
2024-05-28,Headphones,Electronics,West,799.95,5,C1500,Credit Card
2024-05-28,Webcam,Electronics,South,179.98,2,C1486,Debit Card
2024-05-28,Headphones,Electronics,North,319.98,2,C1492,Cash
2024-05-28,Laptop,Electronics,South,1299.99,1,C1191,PayPal
2024-05-28,Monitor,Electronics,South,349.99,1,C2194,Cash
2024-05-28,Mousepad,Accessories,South,99.95,5,C1523,PayPal
2024-05-28,Webcam,Electronics,North,89.99,1,C2344,Debit Card
2024-05-28,Ergonomic Chair,Office Supplies,North,249.99,1,C1122,Debit Card
2024-05-28,Keyboard,Accessories,North,319.96,4,C2391,Debit Card
2024-05-28,Laptop,Electronics,East,2599.98,2,C2026,Debit Card
2024-05-28,Mouse,Accessories,South,71.22,3,C1660,PayPal
2024-05-28,LED Desk Lamp,Office Supplies,West,45.99,1,C2448,Cash
2024-05-28,Smartphone,Electronics,East,3199.96,4,C1206,PayPal
2024-05-28,Notebook,Office Supplies,East,9.99,1,C1998,Debit Card
2024-05-28,Laptop,Electronics,South,3899.97,3,C2295,Debit Card
2024-05-28,Webcam,Electronics,North,85.49,1,C1365,Debit Card
2024-05-29,LED Desk Lamp,Office Supplies,North,91.98,2,C1031,PayPal
2024-05-29,Notebook,Office Supplies,East,9.99,1,C1723,Debit Card
2024-05-29,Keyboard,Accessories,North,151.98,2,C2230,Cash
2024-05-29,Tablet,Electronics,South,499.99,1,C1094,PayPal
2024-05-29,Webcam,Electronics,South,170.98,2,C1205,Cash
2024-05-29,Mouse,Accessories,East,24.99,1,C1384,Credit Card
2024-05-29,Power Bank,Accessories,West,39.99,1,C2244,PayPal
2024-05-29,Mouse,Accessories,East,24.99,1,C1112,PayPal
2024-05-29,LED Desk Lamp,Office Supplies,North,137.97,3,C1988,Cash
2024-05-29,Webcam,Electronics,South,449.95,5,C1734,Cash
2024-05-29,Desk Organizer,Office Supplies,South,28.49,1,C2040,Credit Card
2024-05-29,Headphones,Electronics,West,159.99,1,C1264,Credit Card
2024-05-29,Smartphone,Electronics,South,3999.95,5,C1273,Debit Card
2024-05-29,Ergonomic Chair,Office Supplies,North,249.99,1,C2006,PayPal
2024-05-29,Ergonomic Chair,Office Supplies,West,237.49,1,C1196,Cash
2024-05-29,Power Bank,Accessories,West,39.99,1,C2198,PayPal
2024-05-29,LED Desk Lamp,Office Supplies,South,45.99,1,C1805,Debit Card
2024-05-29,Keyboard,Accessories,North,79.99,1,C2000,PayPal
2024-05-29,Tablet,Electronics,South,499.99,1,C2373,Debit Card
2024-05-29,LED Desk Lamp,Office Supplies,West,41.39,1,C2254,Credit Card
2024-05-29,Headphones,Electronics,East,479.97,3,C2116,Debit Card
2024-05-30,Laptop,Electronics,South,2599.98,2,C1502,Cash
2024-05-30,Ergonomic Chair,Office Supplies,East,449.98,2,C1745,PayPal
2024-05-30,Mousepad,Accessories,South,18.99,1,C1309,Credit Card
2024-05-30,Power Bank,Accessories,North,39.99,1,C2023,Debit Card
2024-05-30,Headphones,Electronics,South,303.98,2,C1015,Credit Card
2024-05-30,Laptop,Electronics,West,1299.99,1,C2101,Credit Card
2024-05-30,Notebook,Office Supplies,East,35.96,4,C1243,Credit Card
2024-05-30,Power Bank,Accessories,North,79.98,2,C1478,Credit Card
2024-05-30,Desk Organizer,Office Supplies,South,29.99,1,C1902,Cash
2024-05-30,Headphones,Electronics,West,799.95,5,C2422,Cash
2024-05-30,Headphones,Electronics,East,607.96,4,C1470,Cash
2024-05-30,Desk Organizer,Office Supplies,North,29.99,1,C1426,Credit Card
2024-05-30,Notebook,Office Supplies,East,9.99,1,C1298,Debit Card
2024-05-30,Mouse,Accessories,East,49.98,2,C1027,Credit Card
2024-05-30,Monitor,Electronics,North,3499.9,10,C1286,Debit Card
2024-05-30,Laptop,Electronics,East,3899.97,3,C1354,Cash
2024-05-30,Webcam,Electronics,South,85.49,1,C1768,PayPal
2024-05-30,Tablet,Electronics,North,2499.95,5,C2249,Credit Card
2024-05-30,Ergonomic Chair,Office Supplies,North,249.99,1,C1065,Cash
2024-05-30,Laptop,Electronics,West,10399.92,8,C1161,Cash
2024-05-30,Laptop,Electronics,West,1299.99,1,C2394,Cash
2024-05-30,Headphones,Electronics,South,159.99,1,C1641,Debit Card
2024-05-30,Desk Organizer,Office Supplies,North,29.99,1,C1534,PayPal
2024-05-30,Headphones,Electronics,North,479.97,3,C2278,Credit Card
2024-05-30,Desk Organizer,Office Supplies,East,29.99,1,C1398,Credit Card
2024-05-30,Power Bank,Accessories,North,79.98,2,C1742,Credit Card
2024-05-30,Ergonomic Chair,Office Supplies,West,237.49,1,C1661,Cash
2024-05-30,Headphones,Electronics,East,159.99,1,C1087,Debit Card
2024-05-31,Desk Organizer,Office Supplies,East,29.99,1,C1920,Debit Card
2024-05-31,Keyboard,Accessories,West,71.99,1,C1527,Credit Card
2024-05-31,Mouse,Accessories,South,24.99,1,C1077,Cash
2024-05-31,Mouse,Accessories,West,24.99,1,C2303,Credit Card
2024-05-31,Smartphone,Electronics,West,3199.96,4,C1432,Credit Card
2024-05-31,LED Desk Lamp,Office Supplies,South,91.98,2,C2347,Credit Card
2024-05-31,Desk Organizer,Office Supplies,North,59.98,2,C1864,PayPal
2024-05-31,Mousepad,Accessories,East,39.98,2,C2424,Cash
2024-05-31,Tablet,Electronics,South,949.98,2,C1960,PayPal
2024-05-31,Desk Organizer,Office Supplies,West,29.99,1,C1714,Cash
2024-05-31,Desk Organizer,Office Supplies,East,134.95,5,C1327,Cash
2024-05-31,Power Bank,Accessories,West,37.99,1,C1097,Debit Card
2024-05-31,LED Desk Lamp,Office Supplies,West,45.99,1,C2388,Debit Card
2024-05-31,Smartphone,Electronics,West,799.99,1,C1049,Debit Card
2024-05-31,USB Cable,Accessories,East,11.69,1,C1646,Credit Card
2024-05-31,Desk Organizer,Office Supplies,East,29.99,1,C1441,Cash
2024-05-31,LED Desk Lamp,Office Supplies,South,43.69,1,C1215,Debit Card
2024-05-31,Webcam,Electronics,South,256.47,3,C1704,Debit Card
2024-05-31,Mouse,Accessories,South,74.97,3,C2393,Debit Card
2024-05-31,Ergonomic Chair,Office Supplies,East,1124.96,5,C1417,Credit Card
2024-05-31,Power Bank,Accessories,East,119.97,3,C1948,Cash
2024-05-31,Power Bank,Accessories,South,71.98,2,C1824,Debit Card
2024-05-31,Mouse,Accessories,North,24.99,1,C1637,Debit Card
2024-06-01,Webcam,Electronics,North,89.99,1,C1646,Cash
2024-06-01,USB Cable,Accessories,East,12.99,1,C1013,Credit Card
2024-06-01,Desk Organizer,Office Supplies,East,89.97,3,C1564,Cash
2024-06-01,Ergonomic Chair,Office Supplies,North,249.99,1,C2318,PayPal
2024-06-01,Tablet,Electronics,South,499.99,1,C1916,Cash
2024-06-01,Mousepad,Accessories,West,17.99,1,C1355,Debit Card
2024-06-01,Mousepad,Accessories,West,37.98,2,C1507,Cash
2024-06-01,Mousepad,Accessories,South,35.98,2,C2418,Credit Card
2024-06-01,USB Cable,Accessories,North,51.96,4,C1470,Credit Card
2024-06-01,Laptop,Electronics,West,1234.99,1,C2256,Debit Card
2024-06-01,Mouse,Accessories,South,89.96,4,C2378,Cash
2024-06-01,Keyboard,Accessories,East,143.98,2,C2163,Cash
2024-06-01,LED Desk Lamp,Office Supplies,West,91.98,2,C1377,Credit Card
2024-06-01,Smartphone,Electronics,South,799.99,1,C1306,Debit Card
2024-06-01,Monitor,Electronics,North,349.99,1,C1711,Cash
2024-06-01,LED Desk Lamp,Office Supplies,West,43.69,1,C2246,Cash
2024-06-01,Ergonomic Chair,Office Supplies,East,1999.92,8,C2307,Debit Card
2024-06-01,Keyboard,Accessories,East,399.95,5,C1589,Credit Card
2024-06-01,Mousepad,Accessories,North,39.98,2,C2094,Credit Card
2024-06-02,Laptop,Electronics,South,2599.98,2,C2016,Debit Card
2024-06-02,Ergonomic Chair,Office Supplies,South,249.99,1,C1926,Credit Card
2024-06-02,Notebook,Office Supplies,North,9.99,1,C1773,Cash
2024-06-02,Ergonomic Chair,Office Supplies,East,999.96,4,C1460,Debit Card
2024-06-02,Mouse,Accessories,South,24.99,1,C1187,PayPal
2024-06-02,Keyboard,Accessories,West,159.98,2,C2022,Debit Card
2024-06-02,Webcam,Electronics,West,89.99,1,C1778,Cash
2024-06-02,Notebook,Office Supplies,West,9.49,1,C2415,Credit Card
2024-06-02,USB Cable,Accessories,West,64.95,5,C2343,Credit Card
2024-06-02,LED Desk Lamp,Office Supplies,North,124.17,3,C1324,Cash
2024-06-02,Notebook,Office Supplies,East,9.99,1,C1419,Credit Card
2024-06-02,Monitor,Electronics,North,664.98,2,C1733,PayPal
2024-06-02,Mousepad,Accessories,South,18.99,1,C1816,Debit Card
2024-06-02,Monitor,Electronics,East,664.98,2,C1353,Credit Card
2024-06-02,Notebook,Office Supplies,North,9.99,1,C1401,Cash
2024-06-02,Notebook,Office Supplies,East,9.49,1,C2174,Debit Card
2024-06-02,Mousepad,Accessories,West,18.99,1,C1114,Cash
2024-06-02,Power Bank,Accessories,West,79.98,2,C1362,Credit Card
2024-06-02,Ergonomic Chair,Office Supplies,South,499.98,2,C1769,PayPal
2024-06-02,Tablet,Electronics,East,1999.96,4,C1497,Debit Card
2024-06-02,Notebook,Office Supplies,South,8.99,1,C2049,Debit Card
2024-06-02,Headphones,Electronics,West,159.99,1,C1602,Debit Card
2024-06-02,Keyboard,Accessories,North,227.97,3,C1888,Debit Card
2024-06-02,USB Cable,Accessories,West,11.69,1,C1844,Debit Card
2024-06-02,Desk Organizer,Office Supplies,South,29.99,1,C1111,Credit Card
2024-06-02,Ergonomic Chair,Office Supplies,East,1249.95,5,C1001,Cash
2024-06-02,Smartphone,Electronics,North,1599.98,2,C1994,Cash
2024-06-02,Monitor,Electronics,South,629.98,2,C1643,Credit Card
2024-06-02,USB Cable,Accessories,East,25.98,2,C1668,Cash
2024-06-02,Tablet,Electronics,West,1424.97,3,C2057,Credit Card
2024-06-02,Notebook,Office Supplies,South,9.99,1,C1483,Debit Card
2024-06-02,Mouse,Accessories,East,23.74,1,C2477,Cash
2024-06-02,Headphones,Electronics,North,151.99,1,C2110,Credit Card
2024-06-02,Headphones,Electronics,East,159.99,1,C2284,Debit Card
2024-06-02,Headphones,Electronics,North,479.97,3,C1573,Cash
2024-06-02,Desk Organizer,Office Supplies,East,26.99,1,C1091,PayPal
2024-06-02,Notebook,Office Supplies,South,9.99,1,C1891,Debit Card
2024-06-02,Laptop,Electronics,South,2469.98,2,C1619,Debit Card
2024-06-02,LED Desk Lamp,Office Supplies,North,45.99,1,C1913,Debit Card
2024-06-02,Power Bank,Accessories,East,79.98,2,C1469,PayPal
2024-06-02,LED Desk Lamp,Office Supplies,South,87.38,2,C1790,PayPal
2024-06-03,Keyboard,Accessories,West,71.99,1,C2474,PayPal
2024-06-03,Notebook,Office Supplies,North,39.96,4,C2265,PayPal
2024-06-03,Power Bank,Accessories,South,39.99,1,C1566,Cash
2024-06-03,Mousepad,Accessories,South,19.99,1,C1972,Debit Card
2024-06-03,LED Desk Lamp,Office Supplies,West,87.38,2,C2272,PayPal
2024-06-03,Headphones,Electronics,West,1599.9,10,C1045,PayPal
2024-06-03,USB Cable,Accessories,South,23.38,2,C1928,Cash
2024-06-03,Keyboard,Accessories,West,159.98,2,C1144,PayPal
2024-06-03,Keyboard,Accessories,West,71.99,1,C1341,PayPal
2024-06-03,Desk Organizer,Office Supplies,West,56.98,2,C1696,Credit Card
2024-06-03,Keyboard,Accessories,North,79.99,1,C2396,Cash
2024-06-03,Monitor,Electronics,East,1049.97,3,C2011,PayPal
2024-06-03,Ergonomic Chair,Office Supplies,West,674.97,3,C1904,Credit Card
2024-06-03,Ergonomic Chair,Office Supplies,South,249.99,1,C1759,Debit Card
2024-06-03,Power Bank,Accessories,South,35.99,1,C2089,Debit Card
2024-06-03,Headphones,Electronics,South,455.97,3,C1240,Debit Card
2024-06-03,Ergonomic Chair,Office Supplies,East,499.98,2,C1718,Credit Card
2024-06-03,Mousepad,Accessories,South,19.99,1,C1914,Credit Card
2024-06-03,Ergonomic Chair,Office Supplies,South,2374.91,10,C1654,PayPal
2024-06-03,Notebook,Office Supplies,North,29.97,3,C1421,PayPal
2024-06-04,USB Cable,Accessories,West,11.69,1,C1503,Cash
2024-06-04,Headphones,Electronics,South,479.97,3,C1827,Debit Card
2024-06-04,Smartphone,Electronics,North,719.99,1,C1749,PayPal
2024-06-04,Mouse,Accessories,South,49.98,2,C1742,Cash
2024-06-04,Keyboard,Accessories,West,239.97,3,C2341,Debit Card
2024-06-04,Mousepad,Accessories,West,94.95,5,C1557,Cash
2024-06-04,Headphones,Electronics,East,151.99,1,C1896,Credit Card
2024-06-04,Notebook,Office Supplies,West,9.99,1,C1205,Debit Card
2024-06-04,Mousepad,Accessories,East,39.98,2,C1753,Cash
2024-06-04,USB Cable,Accessories,North,25.98,2,C2029,Debit Card
2024-06-04,Keyboard,Accessories,North,79.99,1,C2422,PayPal
2024-06-04,Tablet,Electronics,West,499.99,1,C1057,Cash
2024-06-04,Smartphone,Electronics,West,2159.97,3,C1607,PayPal
2024-06-04,Ergonomic Chair,Office Supplies,West,674.97,3,C1257,PayPal
2024-06-04,Smartphone,Electronics,North,1599.98,2,C1561,Credit Card
2024-06-04,USB Cable,Accessories,West,12.99,1,C1406,Credit Card
2024-06-04,Tablet,Electronics,North,2374.95,5,C1049,Credit Card
2024-06-04,Laptop,Electronics,South,1299.99,1,C1702,Cash
2024-06-04,USB Cable,Accessories,East,23.38,2,C1711,Credit Card
2024-06-04,Mousepad,Accessories,West,99.95,5,C1867,Credit Card
2024-06-04,Notebook,Office Supplies,West,29.97,3,C1612,PayPal
2024-06-04,Laptop,Electronics,East,1299.99,1,C1953,Credit Card
2024-06-04,Notebook,Office Supplies,South,19.98,2,C2037,Credit Card
2024-06-04,Power Bank,Accessories,East,399.9,10,C1404,Credit Card
2024-06-04,Laptop,Electronics,North,2469.98,2,C1060,Credit Card
2024-06-04,Notebook,Office Supplies,South,19.98,2,C1243,Credit Card
2024-06-04,Power Bank,Accessories,North,39.99,1,C2495,Debit Card
2024-06-04,Ergonomic Chair,Office Supplies,East,749.97,3,C2048,Cash
2024-06-04,Monitor,Electronics,East,1662.45,5,C1709,Debit Card
2024-06-04,Notebook,Office Supplies,North,9.99,1,C1650,Debit Card
2024-06-04,Power Bank,Accessories,North,39.99,1,C1749,Cash
2024-06-05,LED Desk Lamp,Office Supplies,West,183.96,4,C2264,Credit Card
2024-06-05,Headphones,Electronics,North,319.98,2,C2323,Debit Card
2024-06-05,Mousepad,Accessories,West,19.99,1,C2173,Cash
2024-06-05,Power Bank,Accessories,West,39.99,1,C1118,Credit Card
2024-06-05,USB Cable,Accessories,East,12.99,1,C2154,Cash
2024-06-05,LED Desk Lamp,Office Supplies,East,91.98,2,C2201,PayPal
2024-06-05,Notebook,Office Supplies,East,9.99,1,C1185,Credit Card
2024-06-05,Notebook,Office Supplies,West,28.47,3,C1117,Cash
2024-06-05,Tablet,Electronics,South,499.99,1,C2059,Debit Card
2024-06-05,Desk Organizer,Office Supplies,North,28.49,1,C1074,PayPal
2024-06-05,Mousepad,Accessories,East,39.98,2,C2199,PayPal
2024-06-05,Webcam,Electronics,South,89.99,1,C1870,PayPal
2024-06-05,Tablet,Electronics,West,999.98,2,C2242,Debit Card
2024-06-05,Mouse,Accessories,South,71.22,3,C2355,PayPal
2024-06-05,LED Desk Lamp,Office Supplies,West,91.98,2,C2255,Cash
2024-06-05,Keyboard,Accessories,North,159.98,2,C2049,Debit Card
2024-06-05,Power Bank,Accessories,South,319.92,8,C2263,Debit Card
2024-06-05,Desk Organizer,Office Supplies,North,119.96,4,C1145,PayPal
2024-06-05,Mousepad,Accessories,East,79.96,4,C1524,Credit Card
2024-06-05,Keyboard,Accessories,East,79.99,1,C1528,Cash
2024-06-05,LED Desk Lamp,Office Supplies,West,45.99,1,C2199,Credit Card
2024-06-05,Desk Organizer,Office Supplies,West,26.99,1,C2134,Debit Card
2024-06-05,LED Desk Lamp,Office Supplies,North,45.99,1,C1314,PayPal
2024-06-05,Notebook,Office Supplies,East,9.99,1,C2259,PayPal
2024-06-06,USB Cable,Accessories,East,25.98,2,C1857,Debit Card
2024-06-06,Ergonomic Chair,Office Supplies,South,249.99,1,C1324,Credit Card
2024-06-06,Ergonomic Chair,Office Supplies,North,224.99,1,C2018,PayPal
2024-06-06,Headphones,Electronics,West,575.96,4,C1032,Debit Card
2024-06-06,Webcam,Electronics,East,89.99,1,C1672,PayPal
2024-06-06,Tablet,Electronics,North,499.99,1,C2498,Credit Card
2024-06-06,Mouse,Accessories,South,89.96,4,C1183,PayPal
2024-06-06,Webcam,Electronics,South,89.99,1,C1479,Credit Card
2024-06-06,Notebook,Office Supplies,West,18.98,2,C2281,PayPal
2024-06-06,Headphones,Electronics,West,639.96,4,C1197,Credit Card
2024-06-06,USB Cable,Accessories,South,12.99,1,C1598,PayPal
2024-06-06,USB Cable,Accessories,East,11.69,1,C1384,Cash
2024-06-06,Smartphone,Electronics,East,759.99,1,C2482,Cash
2024-06-06,Mouse,Accessories,West,22.49,1,C2376,Credit Card
2024-06-06,LED Desk Lamp,Office Supplies,East,91.98,2,C2170,Debit Card
2024-06-06,USB Cable,Accessories,West,12.99,1,C1656,PayPal
2024-06-06,Desk Organizer,Office Supplies,West,29.99,1,C1195,Credit Card
2024-06-06,Power Bank,Accessories,South,75.98,2,C2098,PayPal
2024-06-06,Webcam,Electronics,East,89.99,1,C2040,Debit Card
2024-06-06,Power Bank,Accessories,North,35.99,1,C1026,Debit Card
2024-06-06,Mouse,Accessories,East,118.7,5,C1070,Credit Card
2024-06-06,Notebook,Office Supplies,North,9.99,1,C1143,Credit Card
2024-06-06,Tablet,Electronics,North,999.98,2,C2142,PayPal
2024-06-07,Mouse,Accessories,West,49.98,2,C2213,Debit Card
2024-06-07,Mouse,Accessories,North,24.99,1,C2306,Cash
2024-06-07,Monitor,Electronics,West,349.99,1,C2179,Debit Card
2024-06-07,Mousepad,Accessories,West,39.98,2,C1608,PayPal
2024-06-07,Notebook,Office Supplies,North,8.99,1,C1243,Debit Card
2024-06-07,Power Bank,Accessories,North,35.99,1,C1939,Credit Card
2024-06-07,Tablet,Electronics,West,1999.96,4,C2055,Debit Card
2024-06-07,Mousepad,Accessories,East,19.99,1,C1341,Cash
2024-06-07,Smartphone,Electronics,South,1519.98,2,C1356,Debit Card
2024-06-07,Mousepad,Accessories,East,17.99,1,C1614,Credit Card
2024-06-07,Webcam,Electronics,West,89.99,1,C1002,PayPal
2024-06-07,USB Cable,Accessories,South,11.69,1,C1972,Debit Card
2024-06-07,LED Desk Lamp,Office Supplies,East,45.99,1,C1662,Cash
2024-06-07,Headphones,Electronics,East,1439.91,10,C2198,Debit Card
2024-06-07,Headphones,Electronics,East,143.99,1,C2333,Cash
2024-06-07,Laptop,Electronics,South,4679.96,4,C2353,PayPal
2024-06-07,Monitor,Electronics,South,997.47,3,C2024,Cash
2024-06-07,Keyboard,Accessories,North,79.99,1,C1364,Cash
2024-06-07,USB Cable,Accessories,North,12.99,1,C2358,Cash
2024-06-07,Power Bank,Accessories,South,79.98,2,C2204,PayPal
2024-06-08,Keyboard,Accessories,South,79.99,1,C1981,Credit Card
2024-06-08,Notebook,Office Supplies,West,8.99,1,C1946,Credit Card
2024-06-08,Ergonomic Chair,Office Supplies,West,237.49,1,C1342,Cash
2024-06-08,Smartphone,Electronics,North,719.99,1,C1212,Debit Card
2024-06-08,Ergonomic Chair,Office Supplies,South,749.97,3,C2072,Debit Card
2024-06-08,Notebook,Office Supplies,West,9.49,1,C2147,Debit Card
2024-06-08,Keyboard,Accessories,South,143.98,2,C1410,PayPal
2024-06-08,Mouse,Accessories,North,94.96,4,C1428,Debit Card
2024-06-08,USB Cable,Accessories,North,24.68,2,C1898,Credit Card
2024-06-08,Notebook,Office Supplies,North,9.99,1,C1398,PayPal
2024-06-08,Ergonomic Chair,Office Supplies,West,999.96,4,C1821,Debit Card
2024-06-08,Keyboard,Accessories,East,159.98,2,C1057,Credit Card
2024-06-08,Webcam,Electronics,West,89.99,1,C2092,Cash
2024-06-08,USB Cable,Accessories,East,12.34,1,C1892,Credit Card
2024-06-08,LED Desk Lamp,Office Supplies,West,45.99,1,C1353,Credit Card
2024-06-08,Laptop,Electronics,South,1299.99,1,C1066,PayPal
2024-06-08,Tablet,Electronics,East,1424.97,3,C1536,PayPal
2024-06-08,Notebook,Office Supplies,West,17.98,2,C1360,Credit Card
2024-06-08,Smartphone,Electronics,South,759.99,1,C2241,PayPal
2024-06-08,Desk Organizer,Office Supplies,South,29.99,1,C1703,Debit Card
2024-06-08,Desk Organizer,Office Supplies,East,28.49,1,C1679,Debit Card
2024-06-08,Laptop,Electronics,North,1299.99,1,C1222,Cash
2024-06-08,Laptop,Electronics,South,2599.98,2,C1997,Credit Card
2024-06-08,Webcam,Electronics,North,170.98,2,C1321,Debit Card
2024-06-08,USB Cable,Accessories,West,25.98,2,C1251,Credit Card
2024-06-08,Notebook,Office Supplies,South,17.98,2,C1713,Cash
2024-06-08,Mouse,Accessories,East,47.48,2,C1901,Cash
2024-06-08,Desk Organizer,Office Supplies,West,59.98,2,C1942,Cash
2024-06-08,Mousepad,Accessories,East,19.99,1,C2164,Credit Card
2024-06-08,Tablet,Electronics,North,449.99,1,C2272,Credit Card
2024-06-08,Webcam,Electronics,North,256.47,3,C1821,Debit Card
2024-06-08,Tablet,Electronics,South,1499.97,3,C1655,Debit Card
2024-06-08,Notebook,Office Supplies,East,9.99,1,C1171,Cash
2024-06-08,Keyboard,Accessories,East,79.99,1,C2403,Debit Card
2024-06-08,Power Bank,Accessories,North,39.99,1,C1368,PayPal
2024-06-08,Mouse,Accessories,South,118.7,5,C2395,PayPal
2024-06-08,Mousepad,Accessories,East,17.99,1,C1118,Cash
2024-06-09,Webcam,Electronics,North,256.47,3,C1567,Debit Card
2024-06-09,Ergonomic Chair,Office Supplies,South,224.99,1,C2000,Cash
2024-06-09,LED Desk Lamp,Office Supplies,East,91.98,2,C1679,PayPal
2024-06-09,Mousepad,Accessories,West,56.97,3,C1867,PayPal
2024-06-09,LED Desk Lamp,Office Supplies,East,43.69,1,C1411,Cash
2024-06-09,Notebook,Office Supplies,West,37.96,4,C1225,Debit Card
2024-06-09,Headphones,Electronics,West,159.99,1,C1520,PayPal
2024-06-09,Smartphone,Electronics,East,759.99,1,C1651,Cash
2024-06-09,Ergonomic Chair,Office Supplies,East,1899.92,8,C1759,Credit Card
2024-06-09,Smartphone,Electronics,South,1519.98,2,C1068,Debit Card
2024-06-09,Laptop,Electronics,East,2599.98,2,C1438,Cash
2024-06-09,Power Bank,Accessories,West,39.99,1,C2017,PayPal
2024-06-09,Laptop,Electronics,West,2599.98,2,C1323,Credit Card
2024-06-09,Headphones,Electronics,East,319.98,2,C2250,Cash
2024-06-09,Ergonomic Chair,Office Supplies,South,749.97,3,C2152,Debit Card
2024-06-09,Mousepad,Accessories,North,39.98,2,C2166,Debit Card
2024-06-09,Power Bank,Accessories,North,79.98,2,C1054,Credit Card
2024-06-09,Keyboard,Accessories,East,71.99,1,C2147,Credit Card
2024-06-09,Monitor,Electronics,East,1749.95,5,C1462,PayPal
2024-06-09,Desk Organizer,Office Supplies,West,59.98,2,C1278,Cash
2024-06-09,Keyboard,Accessories,South,79.99,1,C1393,Debit Card
2024-06-09,Tablet,Electronics,East,499.99,1,C1811,Cash
2024-06-09,Desk Organizer,Office Supplies,South,29.99,1,C1961,Cash
2024-06-09,Smartphone,Electronics,West,719.99,1,C1449,PayPal
2024-06-09,Laptop,Electronics,East,2469.98,2,C2382,PayPal
2024-06-09,Keyboard,Accessories,East,79.99,1,C1775,PayPal
2024-06-09,Laptop,Electronics,South,2599.98,2,C2138,Debit Card
2024-06-09,Notebook,Office Supplies,South,9.99,1,C1113,Debit Card
2024-06-09,Tablet,Electronics,North,499.99,1,C1753,Credit Card
2024-06-10,Notebook,Office Supplies,North,9.99,1,C1987,PayPal
2024-06-10,Mousepad,Accessories,South,79.96,4,C1839,PayPal
2024-06-10,Ergonomic Chair,Office Supplies,East,499.98,2,C1197,Debit Card
2024-06-10,Notebook,Office Supplies,West,9.99,1,C2322,PayPal
2024-06-10,Monitor,Electronics,South,332.49,1,C1176,Debit Card
2024-06-10,LED Desk Lamp,Office Supplies,South,87.38,2,C2133,Debit Card
2024-06-10,Smartphone,Electronics,East,799.99,1,C2239,Credit Card
2024-06-10,Tablet,Electronics,South,2499.95,5,C1319,PayPal
2024-06-10,Webcam,Electronics,East,647.93,8,C2084,PayPal
2024-06-10,Smartphone,Electronics,East,719.99,1,C1486,Cash
2024-06-10,Mouse,Accessories,West,49.98,2,C2340,PayPal
2024-06-10,Ergonomic Chair,Office Supplies,West,249.99,1,C1513,Debit Card
2024-06-10,LED Desk Lamp,Office Supplies,East,87.38,2,C1552,PayPal
2024-06-10,LED Desk Lamp,Office Supplies,North,43.69,1,C2337,PayPal
2024-06-10,Webcam,Electronics,South,89.99,1,C1302,Debit Card
2024-06-10,Headphones,Electronics,North,287.98,2,C1743,PayPal
2024-06-10,USB Cable,Accessories,East,12.34,1,C2227,PayPal
2024-06-10,Notebook,Office Supplies,North,9.99,1,C1447,Cash
2024-06-10,Monitor,Electronics,West,349.99,1,C1244,Debit Card
2024-06-10,LED Desk Lamp,Office Supplies,East,459.9,10,C2071,Cash
2024-06-10,Notebook,Office Supplies,South,19.98,2,C2181,Debit Card
2024-06-10,Mouse,Accessories,South,47.48,2,C2467,Credit Card
2024-06-10,USB Cable,Accessories,North,12.99,1,C2154,Cash
2024-06-10,Tablet,Electronics,West,474.99,1,C2181,Cash
2024-06-10,Mousepad,Accessories,North,19.99,1,C1938,Credit Card
2024-06-10,Power Bank,Accessories,West,79.98,2,C1162,Cash
2024-06-11,Laptop,Electronics,East,1169.99,1,C2236,PayPal
2024-06-11,Headphones,Electronics,South,319.98,2,C2460,Credit Card
2024-06-11,Notebook,Office Supplies,West,19.98,2,C1049,PayPal
2024-06-11,Power Bank,Accessories,South,119.97,3,C1682,Cash
2024-06-11,Laptop,Electronics,South,1299.99,1,C2067,PayPal
2024-06-11,Headphones,Electronics,West,151.99,1,C1857,Credit Card
2024-06-11,Headphones,Electronics,North,479.97,3,C1437,Cash
2024-06-11,Desk Organizer,Office Supplies,South,26.99,1,C1895,PayPal
2024-06-11,Smartphone,Electronics,West,799.99,1,C1025,Cash
2024-06-11,Headphones,Electronics,South,159.99,1,C2416,Cash
2024-06-11,Notebook,Office Supplies,South,9.99,1,C1977,Cash
2024-06-11,Smartphone,Electronics,West,719.99,1,C1923,PayPal
2024-06-11,Webcam,Electronics,South,170.98,2,C1699,Cash
2024-06-11,Monitor,Electronics,West,314.99,1,C2193,PayPal
2024-06-11,Laptop,Electronics,East,2599.98,2,C1078,Debit Card
2024-06-11,Notebook,Office Supplies,East,9.99,1,C1578,Debit Card
2024-06-11,Tablet,Electronics,West,999.98,2,C1201,Cash
2024-06-11,USB Cable,Accessories,South,12.34,1,C1279,Credit Card
2024-06-11,Headphones,Electronics,East,639.96,4,C2223,Cash
2024-06-11,Power Bank,Accessories,East,79.98,2,C2421,PayPal
2024-06-11,Keyboard,Accessories,South,79.99,1,C2022,Credit Card
2024-06-11,Notebook,Office Supplies,West,35.96,4,C2339,PayPal
2024-06-11,LED Desk Lamp,Office Supplies,South,91.98,2,C1876,Debit Card
2024-06-11,Tablet,Electronics,North,474.99,1,C2490,Credit Card
2024-06-11,Headphones,Electronics,South,151.99,1,C1326,Cash
2024-06-11,USB Cable,Accessories,North,11.69,1,C2237,Debit Card
2024-06-12,Keyboard,Accessories,East,71.99,1,C1281,Credit Card
2024-06-12,Notebook,Office Supplies,East,8.99,1,C1396,Cash
2024-06-12,Keyboard,Accessories,South,319.96,4,C1716,Credit Card
2024-06-12,Power Bank,Accessories,East,39.99,1,C1312,PayPal
2024-06-12,Headphones,Electronics,North,151.99,1,C1289,Credit Card
2024-06-12,Mouse,Accessories,South,74.97,3,C2102,Cash
2024-06-12,Ergonomic Chair,Office Supplies,East,1124.96,5,C2027,Debit Card
2024-06-12,Tablet,Electronics,North,999.98,2,C2054,Cash
2024-06-12,USB Cable,Accessories,West,25.98,2,C1948,Debit Card
2024-06-12,Smartphone,Electronics,North,2399.97,3,C1915,Credit Card
2024-06-12,Notebook,Office Supplies,East,9.99,1,C1978,Cash
2024-06-12,USB Cable,Accessories,East,12.99,1,C2434,PayPal
2024-06-12,Tablet,Electronics,South,499.99,1,C1414,Credit Card
2024-06-12,Power Bank,Accessories,West,39.99,1,C1667,Debit Card
2024-06-12,Smartphone,Electronics,North,1519.98,2,C2455,Cash
2024-06-12,Webcam,Electronics,East,89.99,1,C1773,Credit Card
2024-06-12,Keyboard,Accessories,South,575.93,8,C1605,PayPal
2024-06-12,Ergonomic Chair,Office Supplies,West,1124.96,5,C1043,PayPal
2024-06-12,Ergonomic Chair,Office Supplies,South,899.96,4,C2105,Debit Card
2024-06-12,Notebook,Office Supplies,North,9.99,1,C2337,PayPal
2024-06-12,Power Bank,Accessories,South,39.99,1,C1069,PayPal
2024-06-12,Mousepad,Accessories,West,71.96,4,C2322,Cash
2024-06-12,Ergonomic Chair,Office Supplies,East,449.98,2,C2329,Credit Card
2024-06-12,LED Desk Lamp,Office Supplies,East,43.69,1,C2235,Credit Card
2024-06-12,LED Desk Lamp,Office Supplies,North,45.99,1,C1705,Cash
2024-06-12,Webcam,Electronics,North,269.97,3,C2181,Cash
2024-06-12,Desk Organizer,Office Supplies,North,119.96,4,C1374,Cash
2024-06-12,Keyboard,Accessories,South,239.97,3,C1994,Credit Card
2024-06-12,Headphones,Electronics,North,479.97,3,C1914,Debit Card
2024-06-12,Notebook,Office Supplies,West,9.99,1,C1723,Debit Card
2024-06-12,Mouse,Accessories,South,74.97,3,C2154,Credit Card
2024-06-12,Monitor,Electronics,South,699.98,2,C1984,Debit Card
2024-06-12,Ergonomic Chair,Office Supplies,South,249.99,1,C1158,Credit Card
2024-06-12,LED Desk Lamp,Office Supplies,East,45.99,1,C1619,Debit Card
2024-06-12,Mouse,Accessories,East,189.92,8,C2238,PayPal
2024-06-12,Headphones,Electronics,West,319.98,2,C1138,Credit Card
2024-06-13,Notebook,Office Supplies,North,39.96,4,C1672,Cash
2024-06-13,Notebook,Office Supplies,North,17.98,2,C1240,Debit Card
2024-06-13,Desk Organizer,Office Supplies,North,29.99,1,C2297,Debit Card
2024-06-13,Desk Organizer,Office Supplies,South,29.99,1,C2451,Cash
2024-06-13,Headphones,Electronics,North,151.99,1,C2315,Cash
2024-06-13,Ergonomic Chair,Office Supplies,West,249.99,1,C1407,Credit Card
2024-06-13,Smartphone,Electronics,West,759.99,1,C1553,PayPal
2024-06-13,Laptop,Electronics,West,9879.92,8,C2119,Cash
2024-06-13,USB Cable,Accessories,East,25.98,2,C1804,Debit Card
2024-06-13,Laptop,Electronics,East,2599.98,2,C1914,Cash
2024-06-13,Desk Organizer,Office Supplies,South,89.97,3,C1930,Debit Card
2024-06-13,Laptop,Electronics,South,1299.99,1,C2411,Cash
2024-06-13,Notebook,Office Supplies,East,9.49,1,C1616,Credit Card
2024-06-13,Keyboard,Accessories,West,79.99,1,C1234,Credit Card
2024-06-13,Tablet,Electronics,West,1349.97,3,C1812,Cash
2024-06-13,Tablet,Electronics,East,499.99,1,C1579,Cash
2024-06-13,Webcam,Electronics,East,85.49,1,C2128,Cash
2024-06-13,Mouse,Accessories,South,49.98,2,C1197,PayPal
2024-06-13,LED Desk Lamp,Office Supplies,West,43.69,1,C1055,Credit Card
2024-06-13,Tablet,Electronics,North,499.99,1,C1356,Cash
2024-06-13,Smartphone,Electronics,North,1599.98,2,C2442,Debit Card
2024-06-13,USB Cable,Accessories,South,12.99,1,C2313,PayPal
2024-06-13,Monitor,Electronics,South,332.49,1,C2372,Debit Card
2024-06-13,Monitor,Electronics,South,349.99,1,C1932,Credit Card
2024-06-13,Webcam,Electronics,West,161.98,2,C1072,Credit Card
2024-06-13,USB Cable,Accessories,North,25.98,2,C1102,Cash
2024-06-13,Notebook,Office Supplies,West,9.99,1,C1239,PayPal
2024-06-13,LED Desk Lamp,Office Supplies,West,45.99,1,C1650,Debit Card
2024-06-13,Ergonomic Chair,Office Supplies,West,749.97,3,C1044,PayPal
2024-06-13,Tablet,Electronics,East,999.98,2,C1728,Cash
2024-06-13,Power Bank,Accessories,North,159.96,4,C2433,Credit Card
2024-06-13,Smartphone,Electronics,North,799.99,1,C1041,Debit Card
2024-06-13,Mousepad,Accessories,North,59.97,3,C1908,PayPal
2024-06-14,Mousepad,Accessories,East,35.98,2,C1793,Credit Card
2024-06-14,Headphones,Electronics,West,479.97,3,C1271,Debit Card
2024-06-14,Notebook,Office Supplies,South,9.49,1,C1595,Cash
2024-06-14,Smartphone,Electronics,West,1599.98,2,C2175,Credit Card
2024-06-14,Power Bank,Accessories,North,79.98,2,C2138,PayPal
2024-06-14,Smartphone,Electronics,North,3599.95,5,C1482,Credit Card
2024-06-14,Notebook,Office Supplies,East,29.97,3,C1368,Credit Card
2024-06-14,Notebook,Office Supplies,North,9.99,1,C2055,PayPal
2024-06-14,Mousepad,Accessories,West,19.99,1,C1373,Credit Card
2024-06-14,Laptop,Electronics,South,1299.99,1,C1610,Debit Card
2024-06-14,Smartphone,Electronics,East,759.99,1,C2486,Debit Card
2024-06-14,Ergonomic Chair,Office Supplies,East,249.99,1,C1195,Credit Card
2024-06-14,USB Cable,Accessories,South,51.96,4,C2001,Debit Card
2024-06-14,Desk Organizer,Office Supplies,North,29.99,1,C1868,Debit Card
2024-06-14,Ergonomic Chair,Office Supplies,South,237.49,1,C2378,Cash
2024-06-14,Notebook,Office Supplies,West,9.49,1,C1689,Cash
2024-06-14,Power Bank,Accessories,West,79.98,2,C2386,Cash
2024-06-14,Laptop,Electronics,North,1169.99,1,C2288,PayPal
2024-06-14,Smartphone,Electronics,West,799.99,1,C1981,Credit Card
2024-06-14,Ergonomic Chair,Office Supplies,North,249.99,1,C1303,Cash
2024-06-14,Tablet,Electronics,West,499.99,1,C1385,Cash
2024-06-14,LED Desk Lamp,Office Supplies,North,45.99,1,C2130,Cash
2024-06-14,Monitor,Electronics,North,349.99,1,C1897,Credit Card
2024-06-14,USB Cable,Accessories,South,25.98,2,C1704,Credit Card
2024-06-14,Notebook,Office Supplies,East,19.98,2,C1597,Debit Card
2024-06-14,Laptop,Electronics,West,1169.99,1,C2409,Cash
2024-06-14,Tablet,Electronics,South,1349.97,3,C1203,Cash
2024-06-14,Laptop,Electronics,South,2599.98,2,C2435,Debit Card
2024-06-14,Headphones,Electronics,North,151.99,1,C2368,Debit Card
2024-06-14,Ergonomic Chair,Office Supplies,North,249.99,1,C2000,Debit Card
2024-06-14,Smartphone,Electronics,South,759.99,1,C2492,Cash
2024-06-15,Smartphone,Electronics,South,759.99,1,C1094,PayPal
2024-06-15,Notebook,Office Supplies,East,9.99,1,C2069,PayPal
2024-06-15,Keyboard,Accessories,North,75.99,1,C1766,Credit Card
2024-06-15,Monitor,Electronics,South,1399.96,4,C1533,Credit Card
2024-06-15,Mousepad,Accessories,North,39.98,2,C1558,Credit Card
2024-06-15,Mouse,Accessories,East,24.99,1,C1248,Credit Card
2024-06-15,Webcam,Electronics,South,359.96,4,C2053,Credit Card
2024-06-15,Mousepad,Accessories,East,89.95,5,C2204,Debit Card
2024-06-15,Tablet,Electronics,North,1999.96,4,C1396,Credit Card
2024-06-15,Keyboard,Accessories,West,239.97,3,C1196,Debit Card
2024-06-15,Monitor,Electronics,North,349.99,1,C2196,PayPal
2024-06-15,Mouse,Accessories,West,47.48,2,C1471,Cash
2024-06-15,Notebook,Office Supplies,West,8.99,1,C1320,PayPal
2024-06-15,Mousepad,Accessories,North,18.99,1,C1967,Cash
2024-06-15,Ergonomic Chair,Office Supplies,North,249.99,1,C1502,Cash
2024-06-15,Webcam,Electronics,East,85.49,1,C1501,Cash
2024-06-15,USB Cable,Accessories,West,64.95,5,C1197,Credit Card
2024-06-15,Notebook,Office Supplies,North,37.96,4,C1677,Cash
2024-06-15,Monitor,Electronics,West,699.98,2,C1368,Credit Card
2024-06-15,Power Bank,Accessories,East,199.95,5,C2013,Cash
2024-06-15,Tablet,Electronics,East,949.98,2,C2360,PayPal
2024-06-15,Tablet,Electronics,South,499.99,1,C1012,Credit Card
2024-06-15,Power Bank,Accessories,West,37.99,1,C1790,Cash
2024-06-16,LED Desk Lamp,Office Supplies,East,43.69,1,C1384,Credit Card
2024-06-16,Monitor,Electronics,East,314.99,1,C2402,Credit Card
2024-06-16,Mouse,Accessories,West,124.95,5,C2132,Credit Card
2024-06-16,Mousepad,Accessories,North,17.99,1,C1101,Credit Card
2024-06-16,Monitor,Electronics,West,349.99,1,C2155,Credit Card
2024-06-16,Ergonomic Chair,Office Supplies,West,249.99,1,C1717,Credit Card
2024-06-16,Tablet,Electronics,South,499.99,1,C2273,Cash
2024-06-16,LED Desk Lamp,Office Supplies,South,41.39,1,C1044,Credit Card
2024-06-16,Notebook,Office Supplies,West,18.98,2,C1315,Debit Card
2024-06-16,Notebook,Office Supplies,East,9.99,1,C1847,PayPal
2024-06-16,Notebook,Office Supplies,North,19.98,2,C2301,Debit Card
2024-06-16,Mouse,Accessories,North,23.74,1,C2128,Debit Card
2024-06-16,LED Desk Lamp,Office Supplies,North,43.69,1,C1512,Credit Card
2024-06-16,Ergonomic Chair,Office Supplies,South,249.99,1,C1855,Credit Card
2024-06-16,Mousepad,Accessories,North,19.99,1,C2332,Credit Card
2024-06-16,Headphones,Electronics,West,159.99,1,C1728,Cash
2024-06-16,Power Bank,Accessories,South,159.96,4,C2149,Debit Card
2024-06-16,Webcam,Electronics,North,89.99,1,C1458,Debit Card
2024-06-16,Power Bank,Accessories,East,71.98,2,C1544,Credit Card
2024-06-16,Ergonomic Chair,Office Supplies,West,474.98,2,C2247,Credit Card
2024-06-17,Mousepad,Accessories,South,37.98,2,C2209,Debit Card
2024-06-17,Tablet,Electronics,South,949.98,2,C2013,Credit Card
2024-06-17,LED Desk Lamp,Office Supplies,South,137.97,3,C1083,Cash
2024-06-17,Notebook,Office Supplies,East,17.98,2,C2083,Cash
2024-06-17,Smartphone,Electronics,East,759.99,1,C2055,PayPal
2024-06-17,Headphones,Electronics,East,639.96,4,C1078,Credit Card
2024-06-17,LED Desk Lamp,Office Supplies,South,91.98,2,C1120,Credit Card
2024-06-17,Ergonomic Chair,Office Supplies,West,712.47,3,C1324,PayPal
2024-06-17,Notebook,Office Supplies,South,9.99,1,C2024,Credit Card
2024-06-17,Tablet,Electronics,East,899.98,2,C1794,Cash
2024-06-17,Mouse,Accessories,East,22.49,1,C1733,PayPal
2024-06-17,LED Desk Lamp,Office Supplies,East,131.07,3,C1672,Cash
2024-06-17,Power Bank,Accessories,North,189.95,5,C1735,PayPal
2024-06-17,Ergonomic Chair,Office Supplies,South,1124.96,5,C2214,Credit Card
2024-06-17,Tablet,Electronics,North,499.99,1,C1221,PayPal
2024-06-17,LED Desk Lamp,Office Supplies,East,41.39,1,C2383,PayPal
2024-06-17,Smartphone,Electronics,West,799.99,1,C1725,Debit Card
2024-06-17,LED Desk Lamp,Office Supplies,East,91.98,2,C2109,Credit Card
2024-06-17,Headphones,Electronics,East,303.98,2,C1372,Credit Card
2024-06-17,Notebook,Office Supplies,West,19.98,2,C1634,Credit Card
2024-06-17,Notebook,Office Supplies,North,9.49,1,C1444,Debit Card
2024-06-17,Power Bank,Accessories,South,159.96,4,C1001,Debit Card
2024-06-17,LED Desk Lamp,Office Supplies,East,87.38,2,C2195,Cash
2024-06-17,Keyboard,Accessories,South,79.99,1,C1320,PayPal
2024-06-17,Webcam,Electronics,East,269.97,3,C1148,Debit Card
2024-06-17,Mousepad,Accessories,North,19.99,1,C1634,PayPal
2024-06-17,Webcam,Electronics,North,89.99,1,C1218,Debit Card
2024-06-17,Desk Organizer,Office Supplies,North,56.98,2,C1690,PayPal
2024-06-18,LED Desk Lamp,Office Supplies,East,91.98,2,C1005,PayPal
2024-06-18,Webcam,Electronics,North,89.99,1,C2087,Cash
2024-06-18,Desk Organizer,Office Supplies,North,26.99,1,C2300,Debit Card
2024-06-18,Notebook,Office Supplies,North,26.97,3,C1916,Cash
2024-06-18,Monitor,Electronics,South,1749.95,5,C1244,Cash
2024-06-18,Mousepad,Accessories,North,19.99,1,C2272,PayPal
2024-06-18,Ergonomic Chair,Office Supplies,West,224.99,1,C1475,PayPal
2024-06-18,Laptop,Electronics,South,2599.98,2,C1558,Debit Card
2024-06-18,Mouse,Accessories,East,74.97,3,C1260,Cash
2024-06-18,USB Cable,Accessories,West,25.98,2,C1550,Cash
2024-06-18,Keyboard,Accessories,South,151.98,2,C2408,PayPal
2024-06-18,Laptop,Electronics,South,2339.98,2,C1909,Credit Card
2024-06-18,Power Bank,Accessories,North,39.99,1,C2392,Cash
2024-06-18,Keyboard,Accessories,West,159.98,2,C2095,Debit Card
2024-06-18,Mousepad,Accessories,East,39.98,2,C2166,Cash
2024-06-18,USB Cable,Accessories,South,12.99,1,C1150,Debit Card
2024-06-18,Webcam,Electronics,South,80.99,1,C1299,Debit Card
2024-06-18,Mousepad,Accessories,West,19.99,1,C2011,Debit Card
2024-06-18,Webcam,Electronics,East,179.98,2,C1448,Credit Card
2024-06-18,Laptop,Electronics,West,2599.98,2,C1835,Cash
2024-06-18,Keyboard,Accessories,West,79.99,1,C1575,PayPal
2024-06-18,Tablet,Electronics,South,1424.97,3,C1562,Credit Card
2024-06-19,Mouse,Accessories,North,47.48,2,C2061,Credit Card
2024-06-19,LED Desk Lamp,Office Supplies,East,45.99,1,C2334,PayPal
2024-06-19,Mousepad,Accessories,South,19.99,1,C1095,PayPal
2024-06-19,USB Cable,Accessories,North,25.98,2,C2473,Debit Card
2024-06-19,Power Bank,Accessories,South,37.99,1,C2218,Credit Card
2024-06-19,Monitor,Electronics,East,1399.96,4,C2292,PayPal
2024-06-19,Keyboard,Accessories,South,79.99,1,C1909,Cash
2024-06-19,Notebook,Office Supplies,West,9.49,1,C1712,Credit Card
2024-06-19,Tablet,Electronics,South,499.99,1,C1077,PayPal
2024-06-19,Ergonomic Chair,Office Supplies,West,237.49,1,C1590,Debit Card
2024-06-19,Ergonomic Chair,Office Supplies,South,249.99,1,C1116,Credit Card
2024-06-19,Desk Organizer,Office Supplies,East,53.98,2,C1926,Debit Card
2024-06-19,Ergonomic Chair,Office Supplies,South,224.99,1,C1476,PayPal
2024-06-19,Headphones,Electronics,South,319.98,2,C2073,Cash
2024-06-19,Mouse,Accessories,East,23.74,1,C1938,Cash
2024-06-19,Power Bank,Accessories,South,39.99,1,C2101,PayPal
2024-06-19,LED Desk Lamp,Office Supplies,South,45.99,1,C1697,Debit Card
2024-06-19,Monitor,Electronics,South,349.99,1,C1425,PayPal
2024-06-19,Laptop,Electronics,East,1234.99,1,C2499,Debit Card
2024-06-19,Webcam,Electronics,East,449.95,5,C1690,Debit Card
2024-06-19,Laptop,Electronics,South,2469.98,2,C1151,Debit Card
2024-06-19,Smartphone,Electronics,East,719.99,1,C1288,Credit Card
2024-06-19,Keyboard,Accessories,North,359.95,5,C2382,Credit Card
2024-06-19,Keyboard,Accessories,West,71.99,1,C1250,Debit Card
2024-06-19,Smartphone,Electronics,East,1599.98,2,C2148,Debit Card
2024-06-19,LED Desk Lamp,Office Supplies,West,45.99,1,C1983,PayPal
2024-06-19,Smartphone,Electronics,East,719.99,1,C1167,Credit Card
2024-06-19,Notebook,Office Supplies,South,9.49,1,C2057,Credit Card
2024-06-19,Headphones,Electronics,West,319.98,2,C2115,Cash
2024-06-19,USB Cable,Accessories,South,12.99,1,C1200,Cash
2024-06-19,LED Desk Lamp,Office Supplies,North,137.97,3,C2037,Credit Card
2024-06-19,Headphones,Electronics,East,1599.9,10,C2454,Credit Card
2024-06-19,USB Cable,Accessories,East,11.69,1,C1619,Debit Card
2024-06-20,USB Cable,Accessories,North,12.99,1,C1802,Cash
2024-06-20,Laptop,Electronics,South,1234.99,1,C1167,Cash
2024-06-20,Smartphone,Electronics,South,1599.98,2,C1245,PayPal
2024-06-20,USB Cable,Accessories,East,38.97,3,C1349,Debit Card
2024-06-20,Desk Organizer,Office Supplies,East,29.99,1,C2302,PayPal
2024-06-20,LED Desk Lamp,Office Supplies,West,45.99,1,C1366,Credit Card
2024-06-20,Ergonomic Chair,Office Supplies,North,474.98,2,C1345,Debit Card
2024-06-20,Mousepad,Accessories,East,37.98,2,C2053,Credit Card
2024-06-20,Ergonomic Chair,Office Supplies,South,249.99,1,C1402,Cash
2024-06-20,Monitor,Electronics,South,699.98,2,C2359,Credit Card
2024-06-20,Smartphone,Electronics,North,799.99,1,C2347,PayPal
2024-06-20,LED Desk Lamp,Office Supplies,North,165.56,4,C1504,Debit Card
2024-06-20,Notebook,Office Supplies,South,8.99,1,C1847,Cash
2024-06-20,Laptop,Electronics,East,1299.99,1,C1345,Debit Card
2024-06-20,Mouse,Accessories,North,71.22,3,C1080,Cash
2024-06-20,Smartphone,Electronics,North,759.99,1,C1705,Cash
2024-06-20,Webcam,Electronics,East,89.99,1,C1925,Credit Card
2024-06-20,Power Bank,Accessories,West,151.96,4,C2033,Cash
2024-06-20,Power Bank,Accessories,South,39.99,1,C1406,Cash
2024-06-20,Smartphone,Electronics,West,2399.97,3,C1213,PayPal
2024-06-20,USB Cable,Accessories,North,12.99,1,C2286,Credit Card
2024-06-20,Power Bank,Accessories,North,39.99,1,C2394,Credit Card
2024-06-20,Tablet,Electronics,West,499.99,1,C1395,Cash
2024-06-20,Keyboard,Accessories,North,399.95,5,C2242,Credit Card
2024-06-20,USB Cable,Accessories,West,12.99,1,C2079,PayPal
2024-06-20,Smartphone,Electronics,East,1599.98,2,C2106,PayPal
2024-06-20,Monitor,Electronics,North,629.98,2,C1964,PayPal
2024-06-20,Smartphone,Electronics,East,1599.98,2,C1927,PayPal
2024-06-20,Laptop,Electronics,East,1299.99,1,C2356,Credit Card
2024-06-20,Tablet,Electronics,East,2499.95,5,C1030,Cash
2024-06-20,Headphones,Electronics,South,159.99,1,C2258,Credit Card
2024-06-20,USB Cable,Accessories,West,38.97,3,C2478,PayPal
2024-06-20,Mouse,Accessories,South,74.97,3,C1027,PayPal
2024-06-20,Headphones,Electronics,West,319.98,2,C1887,Credit Card
2024-06-20,Monitor,Electronics,South,997.47,3,C2482,Credit Card
2024-06-20,USB Cable,Accessories,North,12.34,1,C2421,Cash
2024-06-20,Mousepad,Accessories,North,18.99,1,C1785,PayPal
2024-06-21,Ergonomic Chair,Office Supplies,North,474.98,2,C1601,Debit Card
2024-06-21,Tablet,Electronics,North,999.98,2,C2333,Debit Card
2024-06-21,Webcam,Electronics,East,269.97,3,C2125,Cash
2024-06-21,Desk Organizer,Office Supplies,North,29.99,1,C1522,Credit Card
2024-06-21,Monitor,Electronics,South,2799.92,8,C2252,Credit Card
2024-06-21,Tablet,Electronics,West,499.99,1,C2132,Cash
2024-06-21,Notebook,Office Supplies,West,9.99,1,C1513,Credit Card
2024-06-21,Notebook,Office Supplies,West,9.99,1,C1237,Credit Card
2024-06-21,Webcam,Electronics,West,179.98,2,C2130,Credit Card
2024-06-21,Smartphone,Electronics,West,1599.98,2,C1484,Credit Card
2024-06-21,Power Bank,Accessories,South,75.98,2,C1504,PayPal
2024-06-21,Power Bank,Accessories,South,319.92,8,C1939,Credit Card
2024-06-21,Laptop,Electronics,East,2599.98,2,C1833,Credit Card
2024-06-21,Laptop,Electronics,East,1299.99,1,C2164,Cash
2024-06-21,Mousepad,Accessories,North,79.96,4,C1687,Credit Card
2024-06-21,Keyboard,Accessories,West,239.97,3,C2173,PayPal
2024-06-21,Notebook,Office Supplies,East,8.99,1,C1235,Cash
2024-06-21,Mousepad,Accessories,South,39.98,2,C1318,Debit Card
2024-06-21,USB Cable,Accessories,East,12.99,1,C1386,PayPal
2024-06-21,Notebook,Office Supplies,North,29.97,3,C2084,Credit Card
2024-06-21,Mouse,Accessories,East,22.49,1,C2316,Credit Card
2024-06-21,Headphones,Electronics,East,151.99,1,C1727,Debit Card
2024-06-22,Mousepad,Accessories,South,39.98,2,C1384,Credit Card
2024-06-22,Headphones,Electronics,West,319.98,2,C2415,Debit Card
2024-06-22,Webcam,Electronics,South,89.99,1,C2387,Cash
2024-06-22,Desk Organizer,Office Supplies,South,59.98,2,C1889,Debit Card
2024-06-22,Notebook,Office Supplies,West,17.98,2,C1736,PayPal
2024-06-22,Webcam,Electronics,North,89.99,1,C1615,Cash
2024-06-22,LED Desk Lamp,Office Supplies,South,45.99,1,C2218,Credit Card
2024-06-22,Mousepad,Accessories,South,18.99,1,C1717,Credit Card
2024-06-22,LED Desk Lamp,Office Supplies,North,43.69,1,C2244,Cash
2024-06-22,Webcam,Electronics,West,89.99,1,C2095,Credit Card
2024-06-22,Monitor,Electronics,South,629.98,2,C2212,Cash
2024-06-22,Ergonomic Chair,Office Supplies,South,249.99,1,C1055,Debit Card
2024-06-22,Notebook,Office Supplies,South,8.99,1,C1145,Debit Card
2024-06-22,Headphones,Electronics,North,151.99,1,C2386,Cash
2024-06-22,Ergonomic Chair,Office Supplies,West,474.98,2,C1914,Credit Card
2024-06-22,Desk Organizer,Office Supplies,North,29.99,1,C1144,Credit Card
2024-06-22,Headphones,Electronics,North,159.99,1,C1490,PayPal
2024-06-22,Webcam,Electronics,West,359.96,4,C2308,Credit Card
2024-06-22,Laptop,Electronics,East,1234.99,1,C2394,Debit Card
2024-06-22,Notebook,Office Supplies,East,8.99,1,C2143,Cash
2024-06-22,Power Bank,Accessories,South,39.99,1,C1076,PayPal
2024-06-22,Smartphone,Electronics,North,799.99,1,C2270,PayPal
2024-06-22,Smartphone,Electronics,South,799.99,1,C2366,PayPal
2024-06-22,Webcam,Electronics,East,179.98,2,C2307,PayPal
2024-06-22,Desk Organizer,Office Supplies,South,80.97,3,C1229,PayPal
2024-06-22,Keyboard,Accessories,East,399.95,5,C2476,Cash
2024-06-22,Smartphone,Electronics,North,2399.97,3,C2112,PayPal
2024-06-23,Laptop,Electronics,East,1299.99,1,C1741,Debit Card
2024-06-23,Desk Organizer,Office Supplies,East,26.99,1,C2370,Credit Card
2024-06-23,Tablet,Electronics,South,499.99,1,C2116,PayPal
2024-06-23,Power Bank,Accessories,North,39.99,1,C1718,Cash
2024-06-23,Headphones,Electronics,South,143.99,1,C1756,Debit Card
2024-06-23,USB Cable,Accessories,West,12.99,1,C1432,PayPal
2024-06-23,Webcam,Electronics,West,242.97,3,C2068,Debit Card
2024-06-23,Keyboard,Accessories,East,159.98,2,C2312,Cash
2024-06-23,Webcam,Electronics,North,359.96,4,C2394,PayPal
2024-06-23,LED Desk Lamp,Office Supplies,West,124.17,3,C1224,Cash
2024-06-23,USB Cable,Accessories,South,12.99,1,C1386,PayPal
2024-06-23,Desk Organizer,Office Supplies,North,89.97,3,C1077,Debit Card
2024-06-23,Mouse,Accessories,East,249.9,10,C1431,Debit Card
2024-06-23,Mousepad,Accessories,South,39.98,2,C1994,Cash
2024-06-23,Monitor,Electronics,East,1662.45,5,C1178,Credit Card
2024-06-23,Tablet,Electronics,West,499.99,1,C1260,Debit Card
2024-06-23,Desk Organizer,Office Supplies,South,119.96,4,C1928,PayPal
2024-06-23,Monitor,Electronics,West,699.98,2,C1173,Credit Card
2024-06-23,Laptop,Electronics,West,1169.99,1,C2266,Credit Card
2024-06-23,Tablet,Electronics,East,1499.97,3,C2452,Cash
2024-06-23,Mousepad,Accessories,East,39.98,2,C1392,Credit Card
2024-06-23,Notebook,Office Supplies,South,39.96,4,C1710,Cash
2024-06-23,LED Desk Lamp,Office Supplies,East,45.99,1,C1923,Cash
2024-06-23,Tablet,Electronics,West,449.99,1,C2013,PayPal
2024-06-23,Webcam,Electronics,South,179.98,2,C1138,PayPal
2024-06-24,LED Desk Lamp,Office Supplies,East,91.98,2,C1191,Credit Card
2024-06-24,Headphones,Electronics,East,143.99,1,C2183,Debit Card
2024-06-24,Mouse,Accessories,South,74.97,3,C1365,Cash
2024-06-24,Notebook,Office Supplies,East,17.98,2,C1350,Cash
2024-06-24,USB Cable,Accessories,South,35.07,3,C1455,Debit Card
2024-06-24,LED Desk Lamp,Office Supplies,West,91.98,2,C1961,PayPal
2024-06-24,Tablet,Electronics,South,1999.96,4,C1981,Debit Card
2024-06-24,Laptop,Electronics,South,3899.97,3,C1487,Cash
2024-06-24,Notebook,Office Supplies,North,9.49,1,C1428,PayPal
2024-06-24,Mouse,Accessories,West,22.49,1,C1744,Debit Card
2024-06-24,Smartphone,Electronics,South,799.99,1,C1970,Debit Card
2024-06-24,Ergonomic Chair,Office Supplies,West,224.99,1,C2410,Debit Card
2024-06-24,Keyboard,Accessories,West,71.99,1,C1908,Credit Card
2024-06-24,Keyboard,Accessories,North,79.99,1,C2173,Cash
2024-06-24,USB Cable,Accessories,South,12.99,1,C2208,Cash
2024-06-24,LED Desk Lamp,Office Supplies,South,82.78,2,C2212,Debit Card
2024-06-24,Mousepad,Accessories,West,18.99,1,C1166,Cash
2024-06-24,Ergonomic Chair,Office Supplies,North,674.97,3,C2449,Credit Card
2024-06-24,Mousepad,Accessories,North,19.99,1,C2055,Debit Card
2024-06-24,Keyboard,Accessories,East,79.99,1,C1849,PayPal
2024-06-24,Smartphone,Electronics,West,3999.95,5,C1850,Cash
2024-06-24,Monitor,Electronics,West,349.99,1,C2279,Credit Card
2024-06-24,Desk Organizer,Office Supplies,South,85.47,3,C1437,Debit Card
2024-06-25,Laptop,Electronics,West,10399.92,8,C1003,Debit Card
2024-06-25,Webcam,Electronics,West,80.99,1,C2253,Credit Card
2024-06-25,Headphones,Electronics,North,159.99,1,C1408,PayPal
2024-06-25,Headphones,Electronics,North,143.99,1,C1238,PayPal
2024-06-25,Mousepad,Accessories,West,39.98,2,C1345,Credit Card
2024-06-25,Tablet,Electronics,East,499.99,1,C1237,Cash
2024-06-25,Webcam,Electronics,West,170.98,2,C2093,Debit Card
2024-06-25,Webcam,Electronics,South,179.98,2,C2319,PayPal
2024-06-25,USB Cable,Accessories,South,51.96,4,C2161,Credit Card
2024-06-25,Ergonomic Chair,Office Supplies,East,499.98,2,C1549,Credit Card
2024-06-25,Desk Organizer,Office Supplies,West,29.99,1,C1815,Credit Card
2024-06-25,Keyboard,Accessories,South,143.98,2,C1353,Credit Card
2024-06-25,Desk Organizer,Office Supplies,North,56.98,2,C2456,Debit Card
2024-06-25,LED Desk Lamp,Office Supplies,West,45.99,1,C1366,PayPal
2024-06-25,Mouse,Accessories,South,24.99,1,C1873,Credit Card
2024-06-25,Power Bank,Accessories,South,39.99,1,C2490,Cash
2024-06-25,LED Desk Lamp,Office Supplies,South,131.07,3,C1957,Credit Card
2024-06-25,Headphones,Electronics,South,151.99,1,C2264,Debit Card
2024-06-25,Ergonomic Chair,Office Supplies,West,499.98,2,C1619,PayPal
2024-06-25,Ergonomic Chair,Office Supplies,North,249.99,1,C1087,Debit Card
2024-06-25,Mousepad,Accessories,West,19.99,1,C1387,PayPal
2024-06-25,Ergonomic Chair,Office Supplies,East,237.49,1,C2200,PayPal
2024-06-25,Mousepad,Accessories,South,19.99,1,C2088,Credit Card
2024-06-25,Mouse,Accessories,West,24.99,1,C2088,PayPal
2024-06-26,Ergonomic Chair,Office Supplies,North,474.98,2,C1801,PayPal
2024-06-26,Notebook,Office Supplies,South,29.97,3,C1429,Cash
2024-06-26,Ergonomic Chair,Office Supplies,East,474.98,2,C2027,Debit Card
2024-06-26,Notebook,Office Supplies,East,19.98,2,C1235,Credit Card
2024-06-26,Desk Organizer,Office Supplies,North,29.99,1,C1554,Credit Card
2024-06-26,Notebook,Office Supplies,East,26.97,3,C1521,Debit Card
2024-06-26,Keyboard,Accessories,South,79.99,1,C2178,Credit Card
2024-06-26,USB Cable,Accessories,West,12.99,1,C1114,Cash
2024-06-26,Keyboard,Accessories,West,143.98,2,C2314,PayPal
2024-06-26,Webcam,Electronics,West,179.98,2,C2108,Debit Card
2024-06-26,USB Cable,Accessories,North,11.69,1,C2316,Credit Card
2024-06-26,Mousepad,Accessories,West,19.99,1,C1908,Credit Card
2024-06-26,Notebook,Office Supplies,West,8.99,1,C1518,Debit Card
2024-06-26,Keyboard,Accessories,East,75.99,1,C1300,Credit Card
2024-06-26,Notebook,Office Supplies,South,18.98,2,C1616,Cash
2024-06-26,Ergonomic Chair,Office Supplies,West,237.49,1,C2396,PayPal
2024-06-26,Webcam,Electronics,South,404.95,5,C1066,Cash
2024-06-26,Laptop,Electronics,South,1169.99,1,C2386,PayPal
2024-06-26,Power Bank,Accessories,North,79.98,2,C1852,Cash
2024-06-26,Mousepad,Accessories,East,19.99,1,C1817,Credit Card
2024-06-26,LED Desk Lamp,Office Supplies,West,41.39,1,C1609,Debit Card
2024-06-26,Ergonomic Chair,Office Supplies,West,499.98,2,C1696,Credit Card
2024-06-26,Power Bank,Accessories,North,35.99,1,C1046,PayPal
2024-06-26,Headphones,Electronics,South,319.98,2,C1501,PayPal
2024-06-26,Ergonomic Chair,Office Supplies,West,1249.95,5,C1786,PayPal
2024-06-26,Notebook,Office Supplies,East,9.99,1,C1190,Debit Card
2024-06-26,Mousepad,Accessories,South,19.99,1,C2350,Credit Card
2024-06-26,Ergonomic Chair,Office Supplies,East,449.98,2,C1363,PayPal
2024-06-27,USB Cable,Accessories,East,25.98,2,C2020,Cash
2024-06-27,Power Bank,Accessories,East,37.99,1,C1677,PayPal
2024-06-27,Mouse,Accessories,South,24.99,1,C1196,Debit Card
2024-06-27,Power Bank,Accessories,North,79.98,2,C1579,PayPal
2024-06-27,Tablet,Electronics,South,1349.97,3,C1694,PayPal
2024-06-27,Mousepad,Accessories,North,59.97,3,C2076,Credit Card
2024-06-27,Desk Organizer,Office Supplies,North,59.98,2,C1368,PayPal
2024-06-27,Smartphone,Electronics,North,799.99,1,C1970,Debit Card
2024-06-27,Desk Organizer,Office Supplies,North,26.99,1,C1668,Credit Card
2024-06-27,Power Bank,Accessories,South,119.97,3,C2259,Credit Card
2024-06-27,Notebook,Office Supplies,West,17.98,2,C2170,Credit Card
2024-06-27,USB Cable,Accessories,West,38.97,3,C1990,Debit Card
2024-06-27,Mousepad,Accessories,East,75.96,4,C2199,PayPal
2024-06-27,Notebook,Office Supplies,South,49.95,5,C2321,PayPal
2024-06-27,Mouse,Accessories,South,24.99,1,C2052,Cash
2024-06-27,Notebook,Office Supplies,North,8.99,1,C2175,Debit Card
2024-06-27,LED Desk Lamp,Office Supplies,North,82.78,2,C1290,PayPal
2024-06-27,USB Cable,Accessories,North,12.99,1,C1084,Credit Card
2024-06-27,LED Desk Lamp,Office Supplies,West,43.69,1,C1783,PayPal
2024-06-27,Monitor,Electronics,East,349.99,1,C1448,Cash
2024-06-28,Power Bank,Accessories,South,71.98,2,C1635,Cash
2024-06-28,Laptop,Electronics,East,2599.98,2,C1539,Credit Card
2024-06-28,Webcam,Electronics,West,89.99,1,C2190,PayPal
2024-06-28,Laptop,Electronics,North,3509.97,3,C1329,Cash
2024-06-28,Notebook,Office Supplies,North,9.49,1,C2163,Debit Card
2024-06-28,Monitor,Electronics,South,332.49,1,C1874,Debit Card
2024-06-28,Smartphone,Electronics,East,719.99,1,C1049,Credit Card
2024-06-28,Monitor,Electronics,West,349.99,1,C2359,PayPal
2024-06-28,Headphones,Electronics,West,159.99,1,C1958,Debit Card
2024-06-28,Tablet,Electronics,East,1424.97,3,C2310,Debit Card
2024-06-28,Desk Organizer,Office Supplies,West,59.98,2,C2354,Credit Card
2024-06-28,USB Cable,Accessories,South,11.69,1,C1509,Debit Card
2024-06-28,Keyboard,Accessories,South,75.99,1,C1817,Debit Card
2024-06-28,Keyboard,Accessories,North,151.98,2,C2225,Debit Card
2024-06-28,Tablet,Electronics,East,499.99,1,C1538,Credit Card
2024-06-28,Headphones,Electronics,South,319.98,2,C2142,PayPal
2024-06-28,Laptop,Electronics,South,1299.99,1,C1345,Debit Card
2024-06-28,LED Desk Lamp,Office Supplies,North,229.95,5,C1442,Debit Card
2024-06-28,Ergonomic Chair,Office Supplies,West,474.98,2,C1313,Debit Card
2024-06-28,Laptop,Electronics,North,4939.96,4,C1841,Cash
2024-06-28,Headphones,Electronics,South,319.98,2,C2040,Debit Card
2024-06-28,Smartphone,Electronics,South,759.99,1,C1562,PayPal
2024-06-28,Webcam,Electronics,West,85.49,1,C1529,PayPal
2024-06-28,Desk Organizer,Office Supplies,North,89.97,3,C1393,Credit Card
2024-06-28,Headphones,Electronics,East,159.99,1,C1061,PayPal
2024-06-28,LED Desk Lamp,Office Supplies,North,45.99,1,C1187,Debit Card
2024-06-28,LED Desk Lamp,Office Supplies,North,137.97,3,C2334,PayPal
2024-06-29,Monitor,Electronics,East,349.99,1,C1592,PayPal
2024-06-29,Headphones,Electronics,East,159.99,1,C2291,Credit Card
2024-06-29,Power Bank,Accessories,West,39.99,1,C2233,Debit Card
2024-06-29,Power Bank,Accessories,North,119.97,3,C2323,Debit Card
2024-06-29,Smartphone,Electronics,North,1599.98,2,C1508,PayPal
2024-06-29,Mousepad,Accessories,East,17.99,1,C1107,PayPal
2024-06-29,Tablet,Electronics,West,899.98,2,C1075,Debit Card
2024-06-29,Laptop,Electronics,South,2599.98,2,C1529,Cash
2024-06-29,Notebook,Office Supplies,North,37.96,4,C2163,Credit Card
2024-06-29,USB Cable,Accessories,East,25.98,2,C1754,Credit Card
2024-06-29,Monitor,Electronics,South,332.49,1,C1252,Credit Card
2024-06-29,Notebook,Office Supplies,East,8.99,1,C2143,Debit Card
2024-06-29,Mouse,Accessories,North,49.98,2,C1774,PayPal
2024-06-29,Power Bank,Accessories,East,35.99,1,C1458,Debit Card
2024-06-29,Tablet,Electronics,North,1424.97,3,C1884,PayPal
2024-06-29,Desk Organizer,Office Supplies,West,29.99,1,C1784,Credit Card
2024-06-29,Webcam,Electronics,South,89.99,1,C1427,Debit Card
2024-06-29,Notebook,Office Supplies,East,9.99,1,C1860,Credit Card
2024-06-29,Notebook,Office Supplies,East,8.99,1,C1818,Debit Card
2024-06-29,Notebook,Office Supplies,West,19.98,2,C1366,Debit Card
2024-06-29,Desk Organizer,Office Supplies,South,29.99,1,C1384,PayPal
2024-06-29,Webcam,Electronics,West,269.97,3,C1939,Debit Card
2024-06-29,Tablet,Electronics,West,499.99,1,C1662,PayPal
2024-06-29,Mouse,Accessories,South,47.48,2,C1335,Credit Card
2024-06-29,Laptop,Electronics,West,1299.99,1,C1957,Debit Card
2024-06-29,Tablet,Electronics,South,899.98,2,C1203,Credit Card
2024-06-29,Power Bank,Accessories,East,143.96,4,C1145,PayPal
2024-06-29,LED Desk Lamp,Office Supplies,South,91.98,2,C1717,Cash
2024-06-30,Smartphone,Electronics,West,719.99,1,C2434,Cash
2024-06-30,Laptop,Electronics,East,4939.96,4,C1824,Debit Card
2024-06-30,Monitor,Electronics,North,699.98,2,C1067,Debit Card
2024-06-30,Monitor,Electronics,South,699.98,2,C2212,Credit Card
2024-06-30,Ergonomic Chair,Office Supplies,South,499.98,2,C2227,Debit Card
2024-06-30,Desk Organizer,Office Supplies,West,89.97,3,C1351,Credit Card
2024-06-30,Mousepad,Accessories,North,19.99,1,C2177,Debit Card
2024-06-30,Webcam,Electronics,North,89.99,1,C2334,Credit Card
2024-06-30,LED Desk Lamp,Office Supplies,North,91.98,2,C1856,PayPal
2024-06-30,Desk Organizer,Office Supplies,East,59.98,2,C2151,PayPal
2024-06-30,LED Desk Lamp,Office Supplies,North,229.95,5,C1139,Debit Card
2024-06-30,Laptop,Electronics,South,1299.99,1,C1239,Debit Card
2024-06-30,Mousepad,Accessories,East,39.98,2,C1439,PayPal
2024-06-30,USB Cable,Accessories,East,12.34,1,C1938,Debit Card
2024-06-30,Notebook,Office Supplies,West,39.96,4,C2068,Credit Card
2024-06-30,Mouse,Accessories,South,24.99,1,C1782,Debit Card
2024-06-30,USB Cable,Accessories,West,12.99,1,C2145,Cash
2024-06-30,Mouse,Accessories,North,24.99,1,C2066,Credit Card
2024-06-30,Mousepad,Accessories,North,39.98,2,C1412,PayPal
2024-06-30,Desk Organizer,Office Supplies,East,59.98,2,C1036,Cash
2024-06-30,Monitor,Electronics,North,699.98,2,C1619,Cash
2024-06-30,Monitor,Electronics,South,1749.95,5,C1976,Debit Card
2024-06-30,Mouse,Accessories,West,24.99,1,C2323,Credit Card
2024-06-30,Mousepad,Accessories,North,53.97,3,C1234,Cash
2024-06-30,Headphones,Electronics,South,287.98,2,C1690,Debit Card
2024-06-30,Smartphone,Electronics,East,1439.98,2,C2248,PayPal
2024-07-01,Desk Organizer,Office Supplies,East,56.98,2,C1029,PayPal
2024-07-01,Notebook,Office Supplies,East,19.98,2,C1133,Cash
2024-07-01,Mouse,Accessories,East,74.97,3,C1637,Credit Card
2024-07-01,USB Cable,Accessories,West,25.98,2,C1773,Cash
2024-07-01,USB Cable,Accessories,West,12.99,1,C1432,PayPal
2024-07-01,LED Desk Lamp,Office Supplies,East,45.99,1,C2131,Credit Card
2024-07-01,Notebook,Office Supplies,West,8.99,1,C2096,Credit Card
2024-07-01,Mouse,Accessories,South,44.98,2,C1017,PayPal
2024-07-01,Notebook,Office Supplies,South,9.99,1,C1857,PayPal
2024-07-01,Smartphone,Electronics,South,799.99,1,C1143,PayPal
2024-07-01,Tablet,Electronics,West,999.98,2,C1596,Debit Card
2024-07-01,Mouse,Accessories,South,49.98,2,C1737,PayPal
2024-07-01,Keyboard,Accessories,North,79.99,1,C2332,Debit Card
2024-07-01,Desk Organizer,Office Supplies,North,59.98,2,C1285,Credit Card
2024-07-01,LED Desk Lamp,Office Supplies,East,91.98,2,C1829,Cash
2024-07-01,LED Desk Lamp,Office Supplies,North,45.99,1,C2083,Debit Card
2024-07-01,Webcam,Electronics,North,170.98,2,C2195,PayPal
2024-07-01,Headphones,Electronics,East,151.99,1,C1256,Credit Card
2024-07-01,Ergonomic Chair,Office Supplies,South,499.98,2,C1789,PayPal
2024-07-02,Notebook,Office Supplies,East,19.98,2,C1913,Cash
2024-07-02,Tablet,Electronics,West,499.99,1,C1318,Cash
2024-07-02,Ergonomic Chair,Office Supplies,North,449.98,2,C1552,Debit Card
2024-07-02,Tablet,Electronics,West,499.99,1,C2039,Credit Card
2024-07-02,Mousepad,Accessories,South,19.99,1,C1163,Debit Card
2024-07-02,USB Cable,Accessories,West,11.69,1,C1022,Debit Card
2024-07-02,Webcam,Electronics,East,89.99,1,C1909,PayPal
2024-07-02,Desk Organizer,Office Supplies,South,119.96,4,C2238,PayPal
2024-07-02,Tablet,Electronics,West,499.99,1,C2318,Debit Card
2024-07-02,Smartphone,Electronics,South,1599.98,2,C2147,Cash
2024-07-02,Desk Organizer,Office Supplies,South,29.99,1,C1223,Cash
2024-07-02,Ergonomic Chair,Office Supplies,West,249.99,1,C1026,Credit Card
2024-07-02,LED Desk Lamp,Office Supplies,East,45.99,1,C2017,PayPal
2024-07-02,Tablet,Electronics,East,474.99,1,C1663,Debit Card
2024-07-02,LED Desk Lamp,Office Supplies,South,82.78,2,C1530,Credit Card
2024-07-02,Keyboard,Accessories,North,79.99,1,C1332,Cash
2024-07-02,Desk Organizer,Office Supplies,North,29.99,1,C2493,Cash
2024-07-02,USB Cable,Accessories,North,12.99,1,C1131,Debit Card
2024-07-02,Monitor,Electronics,South,699.98,2,C1069,PayPal
2024-07-02,Power Bank,Accessories,North,199.95,5,C2189,Cash
2024-07-02,Monitor,Electronics,West,1399.96,4,C1757,Debit Card
2024-07-02,Monitor,Electronics,West,332.49,1,C2490,PayPal
2024-07-02,Mouse,Accessories,South,24.99,1,C1826,Cash
2024-07-03,LED Desk Lamp,Office Supplies,South,87.38,2,C2221,Cash
2024-07-03,Laptop,Electronics,East,3509.97,3,C2362,Debit Card
2024-07-03,Mouse,Accessories,South,49.98,2,C1168,Credit Card
2024-07-03,Mousepad,Accessories,East,19.99,1,C2210,Cash
2024-07-03,Ergonomic Chair,Office Supplies,North,237.49,1,C1565,Debit Card
2024-07-03,Mousepad,Accessories,North,159.92,8,C2245,Debit Card
2024-07-03,Smartphone,Electronics,West,2879.96,4,C1720,Credit Card
2024-07-03,Webcam,Electronics,North,269.97,3,C2319,Debit Card
2024-07-03,LED Desk Lamp,Office Supplies,South,349.52,8,C2269,PayPal
2024-07-03,Mousepad,Accessories,South,17.99,1,C2111,PayPal
2024-07-03,Ergonomic Chair,Office Supplies,West,449.98,2,C1094,Credit Card
2024-07-03,Mousepad,Accessories,South,39.98,2,C1654,Debit Card
2024-07-03,Notebook,Office Supplies,South,19.98,2,C1950,PayPal
2024-07-03,Mouse,Accessories,South,49.98,2,C1445,Credit Card
2024-07-03,Notebook,Office Supplies,East,19.98,2,C2341,Debit Card
2024-07-03,Ergonomic Chair,Office Supplies,North,249.99,1,C1500,Cash
2024-07-03,Mouse,Accessories,North,199.92,8,C1346,Debit Card
2024-07-03,Monitor,Electronics,South,699.98,2,C1128,Debit Card
2024-07-03,LED Desk Lamp,Office Supplies,East,124.17,3,C2264,Debit Card
2024-07-03,Keyboard,Accessories,East,759.9,10,C1276,Credit Card
2024-07-03,Keyboard,Accessories,South,75.99,1,C1944,Debit Card
2024-07-03,Ergonomic Chair,Office Supplies,South,249.99,1,C1257,PayPal
2024-07-03,Mouse,Accessories,South,47.48,2,C1514,PayPal
2024-07-03,LED Desk Lamp,Office Supplies,West,91.98,2,C1677,Credit Card
2024-07-03,Ergonomic Chair,Office Supplies,North,249.99,1,C1237,Cash
2024-07-03,Tablet,Electronics,South,499.99,1,C1513,Debit Card
2024-07-03,Power Bank,Accessories,North,39.99,1,C1599,PayPal
2024-07-03,LED Desk Lamp,Office Supplies,East,45.99,1,C1477,Cash
2024-07-03,Power Bank,Accessories,North,79.98,2,C1139,Debit Card
2024-07-04,Webcam,Electronics,West,85.49,1,C2206,Debit Card
2024-07-04,Ergonomic Chair,Office Supplies,South,249.99,1,C1597,Credit Card
2024-07-04,Laptop,Electronics,North,1169.99,1,C1389,Credit Card
2024-07-04,Notebook,Office Supplies,East,29.97,3,C1039,PayPal
2024-07-04,Mousepad,Accessories,East,18.99,1,C1308,Debit Card
2024-07-04,Headphones,Electronics,South,1599.9,10,C1705,Cash
2024-07-04,USB Cable,Accessories,North,38.97,3,C2117,PayPal
2024-07-04,Mousepad,Accessories,North,39.98,2,C1760,Debit Card
2024-07-04,Keyboard,Accessories,South,79.99,1,C1443,PayPal
2024-07-04,Headphones,Electronics,North,143.99,1,C1543,Cash
2024-07-04,Tablet,Electronics,North,4749.9,10,C1490,PayPal
2024-07-04,Ergonomic Chair,Office Supplies,South,249.99,1,C1161,Debit Card
2024-07-04,USB Cable,Accessories,North,12.99,1,C2354,Debit Card
2024-07-04,USB Cable,Accessories,North,11.69,1,C2093,Debit Card
2024-07-04,Desk Organizer,Office Supplies,North,227.92,8,C1485,Cash
2024-07-04,LED Desk Lamp,Office Supplies,South,45.99,1,C1471,PayPal
2024-07-04,Webcam,Electronics,East,899.9,10,C2309,Credit Card
2024-07-04,Laptop,Electronics,East,3899.97,3,C1254,PayPal
2024-07-04,Laptop,Electronics,West,10399.92,8,C2004,Debit Card
2024-07-04,Desk Organizer,Office Supplies,West,29.99,1,C2311,PayPal
2024-07-04,Desk Organizer,Office Supplies,West,59.98,2,C1597,PayPal
2024-07-04,Webcam,Electronics,South,89.99,1,C2500,PayPal
2024-07-04,LED Desk Lamp,Office Supplies,South,45.99,1,C2333,Debit Card
2024-07-04,Ergonomic Chair,Office Supplies,South,249.99,1,C1776,Debit Card
2024-07-04,Keyboard,Accessories,East,75.99,1,C1124,PayPal
2024-07-04,USB Cable,Accessories,East,23.38,2,C2033,Credit Card
2024-07-04,Desk Organizer,Office Supplies,North,56.98,2,C1195,PayPal
2024-07-04,Ergonomic Chair,Office Supplies,East,1124.96,5,C1863,Debit Card
2024-07-04,Ergonomic Chair,Office Supplies,West,249.99,1,C1523,Credit Card
2024-07-05,Notebook,Office Supplies,North,9.99,1,C1525,Debit Card
2024-07-05,Ergonomic Chair,Office Supplies,West,474.98,2,C2377,Cash
2024-07-05,Ergonomic Chair,Office Supplies,South,712.47,3,C1919,Credit Card
2024-07-05,Mouse,Accessories,East,24.99,1,C1302,Credit Card
2024-07-05,Monitor,Electronics,North,332.49,1,C2291,Cash
2024-07-05,Monitor,Electronics,South,1259.96,4,C1101,Credit Card
2024-07-05,Smartphone,Electronics,West,799.99,1,C1577,Cash
2024-07-05,Headphones,Electronics,West,319.98,2,C1922,Cash
2024-07-05,LED Desk Lamp,Office Supplies,North,41.39,1,C1743,Cash
2024-07-05,Webcam,Electronics,West,179.98,2,C2144,Cash
2024-07-05,Monitor,Electronics,East,349.99,1,C1132,Credit Card
2024-07-05,LED Desk Lamp,Office Supplies,East,87.38,2,C1799,Credit Card
2024-07-05,Laptop,Electronics,South,2599.98,2,C1490,Credit Card
2024-07-05,Ergonomic Chair,Office Supplies,East,499.98,2,C1644,Debit Card
2024-07-05,Keyboard,Accessories,South,79.99,1,C2096,PayPal
2024-07-05,Desk Organizer,Office Supplies,South,28.49,1,C1072,PayPal
2024-07-05,Laptop,Electronics,South,2599.98,2,C2168,Cash
2024-07-05,Laptop,Electronics,South,2339.98,2,C2095,Debit Card
2024-07-05,Mousepad,Accessories,West,19.99,1,C1705,Debit Card
2024-07-05,Keyboard,Accessories,West,75.99,1,C2152,Debit Card
2024-07-05,Keyboard,Accessories,East,575.93,8,C2003,Debit Card
2024-07-05,Webcam,Electronics,South,179.98,2,C1252,PayPal
2024-07-05,USB Cable,Accessories,East,24.68,2,C2361,Credit Card
2024-07-05,LED Desk Lamp,Office Supplies,South,45.99,1,C1575,Credit Card
2024-07-05,Power Bank,Accessories,East,159.96,4,C1635,Credit Card
2024-07-05,Smartphone,Electronics,North,1599.98,2,C2248,Cash
2024-07-05,Webcam,Electronics,North,89.99,1,C1638,Cash
2024-07-05,Webcam,Electronics,West,89.99,1,C1159,Cash
2024-07-05,Headphones,Electronics,West,479.97,3,C2138,PayPal
2024-07-05,Mouse,Accessories,East,44.98,2,C2475,Debit Card
2024-07-05,Keyboard,Accessories,North,79.99,1,C2359,PayPal
2024-07-06,USB Cable,Accessories,West,12.99,1,C1547,Credit Card
2024-07-06,LED Desk Lamp,Office Supplies,East,367.92,8,C1224,Credit Card
2024-07-06,Desk Organizer,Office Supplies,East,89.97,3,C1898,Debit Card
2024-07-06,Mousepad,Accessories,West,39.98,2,C1557,PayPal
2024-07-06,Keyboard,Accessories,West,159.98,2,C2463,Credit Card
2024-07-06,LED Desk Lamp,Office Supplies,East,45.99,1,C2171,PayPal
2024-07-06,USB Cable,Accessories,North,24.68,2,C2214,Cash
2024-07-06,Keyboard,Accessories,South,151.98,2,C1214,Cash
2024-07-06,LED Desk Lamp,Office Supplies,North,183.96,4,C1195,Credit Card
2024-07-06,Ergonomic Chair,Office Supplies,North,249.99,1,C1172,Credit Card
2024-07-06,Smartphone,Electronics,North,1439.98,2,C2403,PayPal
2024-07-06,Keyboard,Accessories,North,227.97,3,C2335,Debit Card
2024-07-06,Notebook,Office Supplies,East,9.99,1,C1878,Cash
2024-07-06,Ergonomic Chair,Office Supplies,North,749.97,3,C2327,PayPal
2024-07-06,Smartphone,Electronics,South,1519.98,2,C1220,PayPal
2024-07-06,Mouse,Accessories,West,24.99,1,C2269,PayPal
2024-07-06,Ergonomic Chair,Office Supplies,South,499.98,2,C2006,Cash
2024-07-06,Headphones,Electronics,South,143.99,1,C2411,Cash
2024-07-06,Mouse,Accessories,West,24.99,1,C2073,Credit Card
2024-07-06,Webcam,Electronics,South,89.99,1,C2304,Credit Card
2024-07-06,Ergonomic Chair,Office Supplies,South,224.99,1,C1136,Cash
2024-07-06,LED Desk Lamp,Office Supplies,East,43.69,1,C2191,PayPal
2024-07-06,LED Desk Lamp,Office Supplies,South,229.95,5,C1138,Credit Card
2024-07-06,Mousepad,Accessories,North,18.99,1,C1655,Cash
2024-07-06,Tablet,Electronics,South,499.99,1,C2053,Debit Card
2024-07-06,Desk Organizer,Office Supplies,North,142.45,5,C1074,PayPal
2024-07-06,LED Desk Lamp,Office Supplies,North,45.99,1,C1421,Debit Card
2024-07-06,Mouse,Accessories,East,67.47,3,C2185,Credit Card
2024-07-06,Mouse,Accessories,South,49.98,2,C2379,Debit Card
2024-07-06,Desk Organizer,Office Supplies,East,89.97,3,C1148,PayPal
2024-07-06,Power Bank,Accessories,South,79.98,2,C1212,Cash
2024-07-06,Tablet,Electronics,West,499.99,1,C1836,Debit Card
2024-07-06,Webcam,Electronics,South,341.96,4,C1843,Cash
2024-07-07,Mouse,Accessories,South,99.96,4,C2045,PayPal
2024-07-07,Monitor,Electronics,West,699.98,2,C1812,PayPal
2024-07-07,Laptop,Electronics,West,1299.99,1,C1609,Debit Card
2024-07-07,LED Desk Lamp,Office Supplies,West,174.76,4,C1454,PayPal
2024-07-07,Monitor,Electronics,South,314.99,1,C2033,PayPal
2024-07-07,Ergonomic Chair,Office Supplies,North,224.99,1,C1693,Credit Card
2024-07-07,Ergonomic Chair,Office Supplies,West,749.97,3,C1222,PayPal
2024-07-07,Headphones,Electronics,South,303.98,2,C1262,PayPal
2024-07-07,LED Desk Lamp,Office Supplies,East,41.39,1,C2191,Debit Card
2024-07-07,Webcam,Electronics,West,89.99,1,C1728,PayPal
2024-07-07,USB Cable,Accessories,East,12.99,1,C1139,Debit Card
2024-07-07,Power Bank,Accessories,East,79.98,2,C1251,Cash
2024-07-07,Notebook,Office Supplies,West,28.47,3,C1088,Cash
2024-07-07,Webcam,Electronics,South,161.98,2,C1948,PayPal
2024-07-07,Mouse,Accessories,North,67.47,3,C2415,PayPal
2024-07-07,Desk Organizer,Office Supplies,South,56.98,2,C2469,Credit Card
2024-07-07,LED Desk Lamp,Office Supplies,West,91.98,2,C1520,PayPal
2024-07-07,Keyboard,Accessories,West,215.97,3,C1100,Debit Card
2024-07-07,LED Desk Lamp,Office Supplies,West,87.38,2,C1839,PayPal
2024-07-07,Mousepad,Accessories,North,59.97,3,C2458,PayPal
2024-07-07,Ergonomic Chair,Office Supplies,South,674.97,3,C2168,Credit Card
2024-07-07,Webcam,Electronics,North,341.96,4,C1530,Cash
2024-07-07,Tablet,Electronics,South,499.99,1,C2146,Credit Card
2024-07-07,Headphones,Electronics,South,159.99,1,C1440,Cash
2024-07-07,USB Cable,Accessories,South,25.98,2,C2055,Debit Card
2024-07-07,Ergonomic Chair,Office Supplies,North,499.98,2,C2248,Credit Card
2024-07-07,Desk Organizer,Office Supplies,East,29.99,1,C2309,Credit Card
2024-07-07,Smartphone,Electronics,South,1519.98,2,C1765,PayPal
2024-07-07,Mouse,Accessories,South,24.99,1,C1490,Credit Card
2024-07-07,LED Desk Lamp,Office Supplies,North,45.99,1,C1190,PayPal
2024-07-07,Monitor,Electronics,West,349.99,1,C1648,Debit Card
2024-07-07,Desk Organizer,Office Supplies,South,29.99,1,C1571,Cash
2024-07-08,Power Bank,Accessories,West,159.96,4,C1819,Debit Card
2024-07-08,Desk Organizer,Office Supplies,East,59.98,2,C2119,Credit Card
2024-07-08,Laptop,Electronics,East,2339.98,2,C2107,Cash
2024-07-08,Keyboard,Accessories,East,143.98,2,C2420,PayPal
2024-07-08,Ergonomic Chair,Office Supplies,East,237.49,1,C2450,Credit Card
2024-07-08,Keyboard,Accessories,East,75.99,1,C1507,Credit Card
2024-07-08,Notebook,Office Supplies,South,9.99,1,C2024,Credit Card
2024-07-08,Laptop,Electronics,South,2339.98,2,C1053,Cash
2024-07-08,Keyboard,Accessories,West,239.97,3,C2253,Credit Card
2024-07-08,Keyboard,Accessories,East,79.99,1,C1351,Credit Card
2024-07-08,Mouse,Accessories,West,74.97,3,C1252,Credit Card
2024-07-08,Laptop,Electronics,South,2599.98,2,C1795,Cash
2024-07-08,LED Desk Lamp,Office Supplies,South,45.99,1,C1431,Debit Card
2024-07-08,Keyboard,Accessories,West,287.96,4,C1243,PayPal
2024-07-08,Mousepad,Accessories,East,19.99,1,C1354,PayPal
2024-07-08,LED Desk Lamp,Office Supplies,East,367.92,8,C1706,Cash
2024-07-08,Power Bank,Accessories,North,75.98,2,C1299,Credit Card
2024-07-08,LED Desk Lamp,Office Supplies,South,165.56,4,C1911,Credit Card
2024-07-08,Power Bank,Accessories,North,35.99,1,C1919,PayPal
2024-07-08,LED Desk Lamp,Office Supplies,South,165.56,4,C2003,Cash
2024-07-08,Headphones,Electronics,East,159.99,1,C2398,PayPal
2024-07-08,Desk Organizer,Office Supplies,East,142.45,5,C1967,PayPal
2024-07-08,USB Cable,Accessories,West,11.69,1,C1679,Credit Card
2024-07-08,Desk Organizer,Office Supplies,West,29.99,1,C1747,Credit Card
2024-07-08,Webcam,Electronics,West,179.98,2,C1344,Cash
2024-07-08,Mouse,Accessories,East,99.96,4,C1256,Cash
2024-07-08,Smartphone,Electronics,East,1599.98,2,C1711,PayPal
2024-07-08,Keyboard,Accessories,South,159.98,2,C1380,Debit Card
2024-07-08,Mouse,Accessories,West,49.98,2,C2145,Debit Card
2024-07-09,Mousepad,Accessories,North,59.97,3,C1705,Cash
2024-07-09,Ergonomic Chair,Office Supplies,West,224.99,1,C1372,Cash
2024-07-09,Mousepad,Accessories,East,17.99,1,C1964,Credit Card
2024-07-09,Keyboard,Accessories,North,151.98,2,C1700,PayPal
2024-07-09,Monitor,Electronics,South,1049.97,3,C2246,Cash
2024-07-09,Mousepad,Accessories,West,56.97,3,C1719,PayPal
2024-07-09,Monitor,Electronics,North,664.98,2,C1394,PayPal
2024-07-09,Notebook,Office Supplies,North,9.49,1,C1559,Cash
2024-07-09,Power Bank,Accessories,East,79.98,2,C2118,PayPal
2024-07-09,Monitor,Electronics,West,2519.93,8,C1258,Debit Card
2024-07-09,LED Desk Lamp,Office Supplies,West,91.98,2,C2230,Cash
2024-07-09,Mousepad,Accessories,West,35.98,2,C1212,PayPal
2024-07-09,Ergonomic Chair,Office Supplies,West,999.96,4,C1563,Cash
2024-07-09,Desk Organizer,Office Supplies,North,89.97,3,C1030,PayPal
2024-07-09,Power Bank,Accessories,West,39.99,1,C1157,Cash
2024-07-09,Laptop,Electronics,West,1299.99,1,C2337,Cash
2024-07-09,Tablet,Electronics,North,499.99,1,C2464,Debit Card
2024-07-09,Keyboard,Accessories,South,79.99,1,C2017,Debit Card
2024-07-09,Headphones,Electronics,West,607.96,4,C1973,PayPal
2024-07-09,Webcam,Electronics,East,89.99,1,C2149,Credit Card
2024-07-09,Mousepad,Accessories,East,89.95,5,C1231,Cash
2024-07-09,Ergonomic Chair,Office Supplies,North,499.98,2,C1315,Cash
2024-07-09,USB Cable,Accessories,South,24.68,2,C1230,Debit Card
2024-07-09,LED Desk Lamp,Office Supplies,East,137.97,3,C1672,Cash
2024-07-10,USB Cable,Accessories,East,12.99,1,C2068,Cash
2024-07-10,Ergonomic Chair,Office Supplies,West,237.49,1,C2478,Credit Card
2024-07-10,Mousepad,Accessories,East,59.97,3,C2299,PayPal
2024-07-10,Smartphone,Electronics,North,799.99,1,C2078,PayPal
2024-07-10,Smartphone,Electronics,West,1599.98,2,C2398,Credit Card
2024-07-10,Smartphone,Electronics,North,2399.97,3,C1243,Credit Card
2024-07-10,Notebook,Office Supplies,South,9.99,1,C2149,PayPal
2024-07-10,Desk Organizer,Office Supplies,North,59.98,2,C2295,Credit Card
2024-07-10,Tablet,Electronics,South,499.99,1,C1762,Cash
2024-07-10,Notebook,Office Supplies,South,9.99,1,C1655,Credit Card
2024-07-10,USB Cable,Accessories,East,37.02,3,C2044,Debit Card
2024-07-10,LED Desk Lamp,Office Supplies,West,43.69,1,C1595,Cash
2024-07-10,Webcam,Electronics,East,161.98,2,C2205,Debit Card
2024-07-10,Laptop,Electronics,South,2469.98,2,C1581,Cash
2024-07-10,Smartphone,Electronics,West,719.99,1,C1191,Cash
2024-07-10,Laptop,Electronics,North,3899.97,3,C1562,Credit Card
2024-07-10,Notebook,Office Supplies,East,8.99,1,C1126,Cash
2024-07-10,Mouse,Accessories,East,74.97,3,C1494,Credit Card
2024-07-10,Mouse,Accessories,South,23.74,1,C2477,Debit Card
2024-07-10,Tablet,Electronics,West,474.99,1,C1354,PayPal
2024-07-10,Mousepad,Accessories,South,19.99,1,C1733,Cash
2024-07-10,Smartphone,Electronics,North,799.99,1,C1598,Cash
2024-07-10,Headphones,Electronics,West,639.96,4,C2353,Cash
2024-07-10,Tablet,Electronics,East,449.99,1,C2127,Cash
2024-07-10,Ergonomic Chair,Office Supplies,South,249.99,1,C1834,PayPal
2024-07-10,Notebook,Office Supplies,South,9.99,1,C2476,Cash
2024-07-10,Laptop,Electronics,East,6499.95,5,C1300,PayPal
2024-07-10,Desk Organizer,Office Supplies,East,59.98,2,C1130,Credit Card
2024-07-11,LED Desk Lamp,Office Supplies,East,367.92,8,C1108,Credit Card
2024-07-11,Webcam,Electronics,West,89.99,1,C1347,PayPal
2024-07-11,Desk Organizer,Office Supplies,North,59.98,2,C1604,Cash
2024-07-11,Mouse,Accessories,North,49.98,2,C2278,Cash
2024-07-11,Mouse,Accessories,North,24.99,1,C1218,Debit Card
2024-07-11,Mouse,Accessories,South,94.96,4,C2006,PayPal
2024-07-11,Desk Organizer,Office Supplies,North,89.97,3,C2199,Debit Card
2024-07-11,Desk Organizer,Office Supplies,South,28.49,1,C1884,Cash
2024-07-11,Laptop,Electronics,South,2339.98,2,C1341,PayPal
2024-07-11,Desk Organizer,Office Supplies,East,26.99,1,C1317,Cash
2024-07-11,Laptop,Electronics,West,1234.99,1,C1778,PayPal
2024-07-11,Webcam,Electronics,West,899.9,10,C1312,Credit Card
2024-07-11,Monitor,Electronics,South,349.99,1,C1608,Debit Card
2024-07-11,Webcam,Electronics,West,89.99,1,C1164,Credit Card
2024-07-11,Power Bank,Accessories,North,79.98,2,C2481,Debit Card
2024-07-11,Notebook,Office Supplies,West,19.98,2,C1365,Debit Card
2024-07-11,Tablet,Electronics,West,1499.97,3,C1852,Debit Card
2024-07-11,Laptop,Electronics,East,1169.99,1,C1231,Debit Card
2024-07-11,Power Bank,Accessories,East,39.99,1,C2478,Debit Card
2024-07-11,LED Desk Lamp,Office Supplies,North,45.99,1,C1401,PayPal
2024-07-11,Ergonomic Chair,Office Supplies,East,1249.95,5,C1814,Credit Card
2024-07-12,Ergonomic Chair,Office Supplies,South,449.98,2,C1817,Debit Card
2024-07-12,Webcam,Electronics,North,359.96,4,C2048,Cash
2024-07-12,USB Cable,Accessories,East,38.97,3,C2294,Debit Card
2024-07-12,Keyboard,Accessories,South,303.96,4,C1371,Cash
2024-07-12,USB Cable,Accessories,East,25.98,2,C1481,Cash
2024-07-12,Laptop,Electronics,West,1169.99,1,C2306,PayPal
2024-07-12,LED Desk Lamp,Office Supplies,South,45.99,1,C1032,PayPal
2024-07-12,Smartphone,Electronics,South,719.99,1,C1272,Cash
2024-07-12,Headphones,Electronics,South,639.96,4,C1109,Cash
2024-07-12,Notebook,Office Supplies,North,19.98,2,C1538,Cash
2024-07-12,USB Cable,Accessories,East,12.99,1,C1120,PayPal
2024-07-12,USB Cable,Accessories,West,12.99,1,C1578,Cash
2024-07-12,Smartphone,Electronics,East,799.99,1,C2340,Cash
2024-07-12,LED Desk Lamp,Office Supplies,West,43.69,1,C1964,Debit Card
2024-07-12,Monitor,Electronics,South,1049.97,3,C1763,Credit Card
2024-07-12,Ergonomic Chair,Office Supplies,South,224.99,1,C2393,Debit Card
2024-07-12,USB Cable,Accessories,East,25.98,2,C1956,Debit Card
2024-07-12,Headphones,Electronics,West,319.98,2,C2038,Cash
2024-07-12,Tablet,Electronics,East,449.99,1,C1798,PayPal
2024-07-12,USB Cable,Accessories,West,38.97,3,C1983,Credit Card
2024-07-13,Keyboard,Accessories,West,79.99,1,C2044,Cash
2024-07-13,Tablet,Electronics,South,449.99,1,C2089,Credit Card
2024-07-13,Tablet,Electronics,North,499.99,1,C1273,PayPal
2024-07-13,Headphones,Electronics,North,151.99,1,C1250,Debit Card
2024-07-13,Tablet,Electronics,North,499.99,1,C1185,Cash
2024-07-13,LED Desk Lamp,Office Supplies,West,131.07,3,C2394,Debit Card
2024-07-13,Desk Organizer,Office Supplies,East,26.99,1,C1253,Credit Card
2024-07-13,Laptop,Electronics,North,1299.99,1,C1001,PayPal
2024-07-13,Desk Organizer,Office Supplies,East,26.99,1,C1894,Credit Card
2024-07-13,Monitor,Electronics,West,314.99,1,C1786,Cash
2024-07-13,Mouse,Accessories,West,124.95,5,C2312,PayPal
2024-07-13,Tablet,Electronics,West,1799.96,4,C2287,PayPal
2024-07-13,Headphones,Electronics,West,151.99,1,C1797,Cash
2024-07-13,LED Desk Lamp,Office Supplies,East,41.39,1,C2326,Credit Card
2024-07-13,Desk Organizer,Office Supplies,West,26.99,1,C1188,Credit Card
2024-07-13,Smartphone,Electronics,East,3199.96,4,C1130,Credit Card
2024-07-13,Smartphone,Electronics,West,7599.9,10,C2206,Debit Card
2024-07-13,LED Desk Lamp,Office Supplies,South,45.99,1,C1519,Debit Card
2024-07-13,Ergonomic Chair,Office Supplies,East,499.98,2,C2103,PayPal
2024-07-13,Webcam,Electronics,East,242.97,3,C2088,Debit Card
2024-07-13,Headphones,Electronics,East,639.96,4,C1585,Cash
2024-07-13,Mouse,Accessories,East,23.74,1,C1841,PayPal
2024-07-13,Notebook,Office Supplies,East,9.99,1,C1384,Debit Card
2024-07-13,Keyboard,Accessories,North,75.99,1,C2464,Cash
2024-07-13,Notebook,Office Supplies,East,49.95,5,C1935,PayPal
2024-07-13,Laptop,Electronics,West,3899.97,3,C2169,Cash
2024-07-13,Monitor,Electronics,East,314.99,1,C2437,Debit Card
2024-07-13,Notebook,Office Supplies,West,26.97,3,C2086,Debit Card
2024-07-14,Ergonomic Chair,Office Supplies,South,712.47,3,C1401,Credit Card
2024-07-14,Power Bank,Accessories,North,199.95,5,C2313,Debit Card
2024-07-14,LED Desk Lamp,Office Supplies,West,91.98,2,C2229,PayPal
2024-07-14,Monitor,Electronics,North,1749.95,5,C1771,Debit Card
2024-07-14,Laptop,Electronics,West,1299.99,1,C2104,Cash
2024-07-14,Headphones,Electronics,North,303.98,2,C1973,Credit Card
2024-07-14,Laptop,Electronics,North,1234.99,1,C1587,Debit Card
2024-07-14,Desk Organizer,Office Supplies,South,29.99,1,C1850,PayPal
2024-07-14,Webcam,Electronics,South,170.98,2,C2491,Credit Card
2024-07-14,Mousepad,Accessories,West,17.99,1,C1999,Cash
2024-07-14,Monitor,Electronics,North,1662.45,5,C1504,Debit Card
2024-07-14,Smartphone,Electronics,East,1599.98,2,C1390,PayPal
2024-07-14,Desk Organizer,Office Supplies,South,89.97,3,C2125,Cash
2024-07-14,Smartphone,Electronics,North,2879.96,4,C1493,Debit Card
2024-07-14,Ergonomic Chair,Office Supplies,West,499.98,2,C1705,Debit Card
2024-07-14,Webcam,Electronics,East,179.98,2,C1891,PayPal
2024-07-14,Monitor,Electronics,South,997.47,3,C2300,Debit Card
2024-07-14,Smartphone,Electronics,South,2399.97,3,C2435,Debit Card
2024-07-14,Webcam,Electronics,North,80.99,1,C1417,Cash
2024-07-14,Monitor,Electronics,South,314.99,1,C1362,Cash
2024-07-14,Headphones,Electronics,West,799.95,5,C2464,Credit Card
2024-07-14,Monitor,Electronics,East,944.97,3,C2091,Credit Card
2024-07-14,Keyboard,Accessories,East,79.99,1,C1701,PayPal
2024-07-14,Ergonomic Chair,Office Supplies,West,499.98,2,C1204,Credit Card
2024-07-14,Desk Organizer,Office Supplies,North,29.99,1,C1373,Cash
2024-07-14,Mouse,Accessories,South,89.96,4,C1248,Credit Card
2024-07-14,Smartphone,Electronics,South,799.99,1,C1018,PayPal
2024-07-15,Keyboard,Accessories,East,143.98,2,C2363,PayPal
2024-07-15,USB Cable,Accessories,East,12.99,1,C2245,Credit Card
2024-07-15,Webcam,Electronics,South,161.98,2,C1336,Credit Card
2024-07-15,Webcam,Electronics,West,179.98,2,C1504,PayPal
2024-07-15,Smartphone,Electronics,North,799.99,1,C1613,PayPal
2024-07-15,Power Bank,Accessories,East,71.98,2,C1667,Credit Card
2024-07-15,Monitor,Electronics,South,1049.97,3,C1512,Debit Card
2024-07-15,Desk Organizer,Office Supplies,North,26.99,1,C1491,PayPal
2024-07-15,USB Cable,Accessories,North,11.69,1,C1255,Cash
2024-07-15,Smartphone,Electronics,North,799.99,1,C1452,PayPal
2024-07-15,USB Cable,Accessories,East,23.38,2,C1548,Cash
2024-07-15,Tablet,Electronics,South,474.99,1,C1761,Credit Card
2024-07-15,Tablet,Electronics,East,1499.97,3,C1968,Credit Card
2024-07-15,USB Cable,Accessories,West,11.69,1,C1068,PayPal
2024-07-15,Mouse,Accessories,South,24.99,1,C2178,Debit Card
2024-07-15,Headphones,Electronics,West,159.99,1,C2377,Credit Card
2024-07-15,Power Bank,Accessories,South,119.97,3,C1014,Debit Card
2024-07-15,Mousepad,Accessories,East,19.99,1,C1509,PayPal
2024-07-15,Tablet,Electronics,South,499.99,1,C1749,Cash
2024-07-15,LED Desk Lamp,Office Supplies,North,91.98,2,C1421,Cash
2024-07-15,Mousepad,Accessories,South,17.99,1,C2307,Debit Card
2024-07-15,Mousepad,Accessories,East,75.96,4,C2188,PayPal
2024-07-15,Tablet,Electronics,East,999.98,2,C1071,Cash
2024-07-15,Smartphone,Electronics,West,1519.98,2,C1486,Debit Card
2024-07-15,Headphones,Electronics,West,639.96,4,C2157,Credit Card
2024-07-15,Desk Organizer,Office Supplies,West,56.98,2,C1266,Debit Card
2024-07-16,Laptop,Electronics,North,1299.99,1,C2402,Cash
2024-07-16,Ergonomic Chair,Office Supplies,East,249.99,1,C2366,PayPal
2024-07-16,Webcam,Electronics,East,269.97,3,C1448,Credit Card
2024-07-16,LED Desk Lamp,Office Supplies,East,91.98,2,C2088,PayPal
2024-07-16,LED Desk Lamp,Office Supplies,East,43.69,1,C1590,Credit Card
2024-07-16,Ergonomic Chair,Office Supplies,South,224.99,1,C1585,Cash
2024-07-16,Mouse,Accessories,South,23.74,1,C2372,Debit Card
2024-07-16,Headphones,Electronics,West,151.99,1,C1201,PayPal
2024-07-16,Desk Organizer,Office Supplies,West,142.45,5,C2029,Debit Card
2024-07-16,Monitor,Electronics,South,1399.96,4,C1521,Debit Card
2024-07-16,Power Bank,Accessories,South,159.96,4,C1654,PayPal
2024-07-16,LED Desk Lamp,Office Supplies,South,43.69,1,C1867,Cash
2024-07-16,Mouse,Accessories,South,249.9,10,C1287,Debit Card
2024-07-16,Ergonomic Chair,Office Supplies,East,499.98,2,C1643,Cash
2024-07-16,LED Desk Lamp,Office Supplies,West,87.38,2,C1232,PayPal
2024-07-16,Headphones,Electronics,East,639.96,4,C1248,Credit Card
2024-07-16,Webcam,Electronics,South,170.98,2,C1639,PayPal
2024-07-16,Tablet,Electronics,North,499.99,1,C1969,Debit Card
2024-07-16,Desk Organizer,Office Supplies,West,29.99,1,C1702,Credit Card
2024-07-16,Ergonomic Chair,Office Supplies,South,712.47,3,C1362,PayPal
2024-07-16,Keyboard,Accessories,East,71.99,1,C2404,PayPal
2024-07-16,Webcam,Electronics,South,170.98,2,C2335,Cash
2024-07-16,Laptop,Electronics,West,2599.98,2,C1876,Debit Card
2024-07-16,Ergonomic Chair,Office Supplies,East,949.96,4,C1524,Cash
2024-07-16,Desk Organizer,Office Supplies,West,80.97,3,C2383,Cash
2024-07-16,Laptop,Electronics,North,3704.97,3,C1764,Cash
2024-07-16,Desk Organizer,Office Supplies,West,29.99,1,C1258,Cash
2024-07-16,Laptop,Electronics,North,1169.99,1,C1100,PayPal
2024-07-16,Desk Organizer,Office Supplies,West,28.49,1,C2048,Debit Card
2024-07-16,Mousepad,Accessories,West,39.98,2,C1024,Credit Card
2024-07-16,LED Desk Lamp,Office Supplies,North,45.99,1,C1260,Credit Card
2024-07-16,Monitor,Electronics,North,699.98,2,C1768,Cash
2024-07-16,Mousepad,Accessories,South,19.99,1,C1535,PayPal
2024-07-16,Webcam,Electronics,East,242.97,3,C1741,Debit Card
2024-07-17,Notebook,Office Supplies,East,19.98,2,C1081,Cash
2024-07-17,Webcam,Electronics,North,89.99,1,C1880,Credit Card
2024-07-17,Ergonomic Chair,Office Supplies,North,249.99,1,C1577,Cash
2024-07-17,Notebook,Office Supplies,South,19.98,2,C1298,Credit Card
2024-07-17,Tablet,Electronics,East,999.98,2,C1177,Credit Card
2024-07-17,Ergonomic Chair,Office Supplies,South,499.98,2,C1941,Debit Card
2024-07-17,Laptop,Electronics,West,1299.99,1,C1818,Cash
2024-07-17,Desk Organizer,Office Supplies,South,28.49,1,C1749,Credit Card
2024-07-17,Notebook,Office Supplies,North,9.99,1,C2483,PayPal
2024-07-17,Keyboard,Accessories,West,75.99,1,C2074,Debit Card
2024-07-17,Keyboard,Accessories,North,75.99,1,C1061,Debit Card
2024-07-17,Keyboard,Accessories,South,79.99,1,C2165,Debit Card
2024-07-17,Smartphone,Electronics,East,1599.98,2,C1396,Credit Card
2024-07-17,Headphones,Electronics,East,479.97,3,C2381,Debit Card
2024-07-17,Notebook,Office Supplies,East,17.98,2,C1708,PayPal
2024-07-17,Mouse,Accessories,North,47.48,2,C1849,PayPal
2024-07-17,LED Desk Lamp,Office Supplies,West,87.38,2,C1976,Debit Card
2024-07-17,Notebook,Office Supplies,West,19.98,2,C2140,Debit Card
2024-07-17,Smartphone,Electronics,North,799.99,1,C1396,Cash
2024-07-17,Mousepad,Accessories,West,19.99,1,C1507,Debit Card
2024-07-17,Power Bank,Accessories,South,79.98,2,C1859,Debit Card
2024-07-17,Smartphone,Electronics,East,1599.98,2,C1752,Cash
2024-07-17,Laptop,Electronics,South,1299.99,1,C1160,PayPal
2024-07-17,Mousepad,Accessories,North,99.95,5,C2322,Credit Card
2024-07-17,Keyboard,Accessories,East,79.99,1,C2467,Cash
2024-07-17,LED Desk Lamp,Office Supplies,North,41.39,1,C1806,PayPal
2024-07-17,Power Bank,Accessories,South,37.99,1,C1866,PayPal
2024-07-17,Monitor,Electronics,North,349.99,1,C2409,Credit Card
2024-07-18,Ergonomic Chair,Office Supplies,South,1999.92,8,C1748,Credit Card
2024-07-18,Notebook,Office Supplies,North,9.49,1,C1988,Cash
2024-07-18,Power Bank,Accessories,South,113.97,3,C2275,Credit Card
2024-07-18,Power Bank,Accessories,South,39.99,1,C1663,Credit Card
2024-07-18,Smartphone,Electronics,West,1519.98,2,C1801,PayPal
2024-07-18,Notebook,Office Supplies,South,19.98,2,C1004,PayPal
2024-07-18,Mousepad,Accessories,North,18.99,1,C2242,PayPal
2024-07-18,Webcam,Electronics,South,89.99,1,C1636,Credit Card
2024-07-18,Power Bank,Accessories,South,37.99,1,C2064,Debit Card
2024-07-18,Laptop,Electronics,South,2599.98,2,C1287,Credit Card
2024-07-18,Monitor,Electronics,East,944.97,3,C2245,PayPal
2024-07-18,Power Bank,Accessories,West,39.99,1,C1222,PayPal
2024-07-18,Mousepad,Accessories,South,17.99,1,C2301,Debit Card
2024-07-18,Notebook,Office Supplies,North,99.9,10,C2244,Cash
2024-07-18,Mousepad,Accessories,South,19.99,1,C1974,Debit Card
2024-07-18,Tablet,Electronics,South,474.99,1,C2483,Debit Card
2024-07-18,USB Cable,Accessories,North,12.99,1,C1774,PayPal
2024-07-18,Webcam,Electronics,South,80.99,1,C1971,PayPal
2024-07-18,Webcam,Electronics,West,85.49,1,C1531,Credit Card
2024-07-18,Tablet,Electronics,South,499.99,1,C1161,PayPal
2024-07-18,Headphones,Electronics,South,151.99,1,C2484,Cash
2024-07-18,Webcam,Electronics,South,359.96,4,C1125,Cash
2024-07-18,Mouse,Accessories,West,23.74,1,C2043,Credit Card
2024-07-18,Desk Organizer,Office Supplies,South,59.98,2,C1583,Credit Card
2024-07-18,Mouse,Accessories,West,24.99,1,C1366,Cash
2024-07-18,Mouse,Accessories,North,24.99,1,C2134,Debit Card
2024-07-18,LED Desk Lamp,Office Supplies,North,349.52,8,C2493,Debit Card
2024-07-18,Desk Organizer,Office Supplies,East,89.97,3,C2410,PayPal
2024-07-18,Laptop,Electronics,North,2599.98,2,C1871,PayPal
2024-07-19,Webcam,Electronics,North,89.99,1,C1230,PayPal
2024-07-19,Webcam,Electronics,East,89.99,1,C2243,Cash
2024-07-19,USB Cable,Accessories,North,25.98,2,C2088,Debit Card
2024-07-19,Webcam,Electronics,North,89.99,1,C1798,PayPal
2024-07-19,Headphones,Electronics,North,151.99,1,C2109,Debit Card
2024-07-19,Keyboard,Accessories,East,151.98,2,C1377,PayPal
2024-07-19,Headphones,Electronics,North,159.99,1,C2324,Debit Card
2024-07-19,Smartphone,Electronics,East,2399.97,3,C1929,Cash
2024-07-19,Desk Organizer,Office Supplies,West,28.49,1,C1472,Credit Card
2024-07-19,Notebook,Office Supplies,East,19.98,2,C1068,PayPal
2024-07-19,Mousepad,Accessories,East,17.99,1,C1157,Debit Card
2024-07-19,USB Cable,Accessories,West,12.99,1,C1001,Debit Card
2024-07-19,Monitor,Electronics,West,349.99,1,C1385,Credit Card
2024-07-19,Desk Organizer,Office Supplies,South,149.95,5,C2122,Debit Card
2024-07-19,USB Cable,Accessories,West,24.68,2,C1522,Credit Card
2024-07-19,Desk Organizer,Office Supplies,West,29.99,1,C1885,Cash
2024-07-19,Laptop,Electronics,East,1234.99,1,C1482,Debit Card
2024-07-19,Keyboard,Accessories,West,79.99,1,C1855,PayPal
2024-07-19,USB Cable,Accessories,South,23.38,2,C1674,PayPal
2024-07-19,Tablet,Electronics,West,499.99,1,C1782,Credit Card
2024-07-19,Power Bank,Accessories,West,37.99,1,C2233,PayPal
2024-07-19,Monitor,Electronics,North,1049.97,3,C1334,Credit Card
2024-07-19,Mouse,Accessories,South,22.49,1,C1494,Cash
2024-07-19,Keyboard,Accessories,East,159.98,2,C2427,Cash
2024-07-19,Mouse,Accessories,North,49.98,2,C2123,Debit Card
2024-07-19,Mouse,Accessories,West,23.74,1,C1734,Cash
2024-07-19,Mousepad,Accessories,West,19.99,1,C2296,Cash
2024-07-19,Mouse,Accessories,South,49.98,2,C2015,PayPal
2024-07-19,Mouse,Accessories,North,22.49,1,C1941,Credit Card
2024-07-19,Desk Organizer,Office Supplies,South,59.98,2,C1520,Debit Card
2024-07-19,Headphones,Electronics,North,159.99,1,C2282,Credit Card
2024-07-19,Mousepad,Accessories,East,35.98,2,C1433,Debit Card
2024-07-19,Keyboard,Accessories,North,159.98,2,C1866,Cash
2024-07-19,Headphones,Electronics,North,319.98,2,C1469,Debit Card
2024-07-19,Notebook,Office Supplies,East,18.98,2,C1119,PayPal
2024-07-20,Smartphone,Electronics,West,3599.95,5,C2294,Debit Card
2024-07-20,Desk Organizer,Office Supplies,South,85.47,3,C1571,Debit Card
2024-07-20,Monitor,Electronics,East,349.99,1,C1966,PayPal
2024-07-20,USB Cable,Accessories,North,38.97,3,C1368,Debit Card
2024-07-20,Notebook,Office Supplies,North,18.98,2,C1946,PayPal
2024-07-20,Tablet,Electronics,West,899.98,2,C1262,Cash
2024-07-20,LED Desk Lamp,Office Supplies,South,45.99,1,C1871,Credit Card
2024-07-20,Keyboard,Accessories,East,359.95,5,C1820,Credit Card
2024-07-20,USB Cable,Accessories,West,12.99,1,C2209,PayPal
2024-07-20,Monitor,Electronics,West,699.98,2,C1670,Credit Card
2024-07-20,Ergonomic Chair,Office Supplies,South,237.49,1,C2056,PayPal
2024-07-20,Monitor,Electronics,West,944.97,3,C2415,Debit Card
2024-07-20,Monitor,Electronics,North,332.49,1,C1496,Debit Card
2024-07-20,Smartphone,Electronics,North,799.99,1,C2043,Credit Card
2024-07-20,Mouse,Accessories,East,74.97,3,C1540,Credit Card
2024-07-20,Keyboard,Accessories,West,79.99,1,C1431,PayPal
2024-07-20,Keyboard,Accessories,West,399.95,5,C1750,Cash
2024-07-20,Laptop,Electronics,West,1299.99,1,C2272,Debit Card
2024-07-20,Desk Organizer,Office Supplies,West,28.49,1,C1048,Cash
2024-07-20,Tablet,Electronics,North,899.98,2,C1288,PayPal
2024-07-20,Notebook,Office Supplies,South,8.99,1,C1602,Debit Card
2024-07-20,LED Desk Lamp,Office Supplies,North,91.98,2,C2406,Credit Card
2024-07-20,Headphones,Electronics,East,455.97,3,C1179,Credit Card
2024-07-20,Power Bank,Accessories,West,107.97,3,C1766,Credit Card
2024-07-21,Laptop,Electronics,North,2339.98,2,C1409,Credit Card
2024-07-21,Monitor,Electronics,North,699.98,2,C1638,Cash
2024-07-21,Webcam,Electronics,West,359.96,4,C1322,Debit Card
2024-07-21,Smartphone,Electronics,East,719.99,1,C1422,Debit Card
2024-07-21,Monitor,Electronics,East,1399.96,4,C1633,Cash
2024-07-21,USB Cable,Accessories,North,25.98,2,C1468,Debit Card
2024-07-21,Mouse,Accessories,West,22.49,1,C1632,Cash
2024-07-21,Mouse,Accessories,West,49.98,2,C1675,Cash
2024-07-21,Desk Organizer,Office Supplies,West,59.98,2,C1917,Credit Card
2024-07-21,USB Cable,Accessories,South,12.34,1,C1157,Credit Card
2024-07-21,Notebook,Office Supplies,South,9.99,1,C2042,Debit Card
2024-07-21,Mousepad,Accessories,North,143.93,8,C1884,Debit Card
2024-07-21,Keyboard,Accessories,East,151.98,2,C1043,Cash
2024-07-21,Power Bank,Accessories,South,35.99,1,C1409,Cash
2024-07-21,Smartphone,Electronics,South,2399.97,3,C2193,Debit Card
2024-07-21,USB Cable,Accessories,West,12.34,1,C2273,Credit Card
2024-07-21,Keyboard,Accessories,South,79.99,1,C2416,Cash
2024-07-21,Laptop,Electronics,West,1299.99,1,C1074,Cash
2024-07-21,USB Cable,Accessories,East,12.34,1,C2099,Debit Card
2024-07-21,Headphones,Electronics,North,479.97,3,C1169,Credit Card
2024-07-21,LED Desk Lamp,Office Supplies,West,45.99,1,C2233,Debit Card
2024-07-22,Desk Organizer,Office Supplies,North,89.97,3,C1062,Credit Card
2024-07-22,Tablet,Electronics,East,1499.97,3,C1955,Debit Card
2024-07-22,Desk Organizer,Office Supplies,North,56.98,2,C1209,Debit Card
2024-07-22,Mousepad,Accessories,West,17.99,1,C2290,Credit Card
2024-07-22,LED Desk Lamp,Office Supplies,West,91.98,2,C2126,Cash
2024-07-22,USB Cable,Accessories,West,12.99,1,C1461,Cash
2024-07-22,Laptop,Electronics,West,1234.99,1,C1797,Cash
2024-07-22,LED Desk Lamp,Office Supplies,North,45.99,1,C1954,Cash
2024-07-22,Smartphone,Electronics,North,799.99,1,C2251,PayPal
2024-07-22,Mousepad,Accessories,North,19.99,1,C1787,Cash
2024-07-22,Headphones,Electronics,South,479.97,3,C1939,Debit Card
2024-07-22,Notebook,Office Supplies,West,29.97,3,C2406,Credit Card
2024-07-22,Mousepad,Accessories,South,39.98,2,C1714,Credit Card
2024-07-22,Desk Organizer,Office Supplies,West,59.98,2,C2139,Debit Card
2024-07-22,LED Desk Lamp,Office Supplies,West,137.97,3,C1963,PayPal
2024-07-22,Webcam,Electronics,West,85.49,1,C2428,PayPal
2024-07-22,Webcam,Electronics,South,80.99,1,C2430,Debit Card
2024-07-22,Smartphone,Electronics,North,3999.95,5,C2477,Cash
2024-07-22,Ergonomic Chair,Office Supplies,North,249.99,1,C1827,PayPal
2024-07-22,LED Desk Lamp,Office Supplies,East,137.97,3,C1286,Cash
2024-07-22,Monitor,Electronics,East,332.49,1,C1681,Cash
2024-07-22,USB Cable,Accessories,East,46.76,4,C1746,Cash
2024-07-22,Headphones,Electronics,North,479.97,3,C2257,Credit Card
2024-07-22,Ergonomic Chair,Office Supplies,East,237.49,1,C1794,Debit Card
2024-07-22,Power Bank,Accessories,North,39.99,1,C2177,Debit Card
2024-07-22,Mouse,Accessories,East,23.74,1,C1880,Debit Card
2024-07-22,Ergonomic Chair,Office Supplies,North,237.49,1,C2133,Debit Card
2024-07-22,Keyboard,Accessories,South,75.99,1,C2306,Debit Card
2024-07-22,Notebook,Office Supplies,West,8.99,1,C1532,Debit Card
2024-07-22,Keyboard,Accessories,West,79.99,1,C1108,Debit Card
2024-07-22,Webcam,Electronics,East,719.92,8,C1249,Cash
2024-07-22,Monitor,Electronics,West,349.99,1,C1803,Credit Card
2024-07-22,Mousepad,Accessories,East,17.99,1,C1069,PayPal
2024-07-22,Smartphone,Electronics,South,3199.96,4,C1922,Credit Card
2024-07-22,Smartphone,Electronics,South,799.99,1,C1976,Credit Card
2024-07-22,Webcam,Electronics,West,80.99,1,C1054,Cash
2024-07-23,Notebook,Office Supplies,South,9.99,1,C1999,PayPal
2024-07-23,Keyboard,Accessories,West,159.98,2,C1469,Credit Card
2024-07-23,Desk Organizer,Office Supplies,East,119.96,4,C1943,Cash
2024-07-23,Notebook,Office Supplies,East,9.99,1,C1777,Debit Card
2024-07-23,Desk Organizer,Office Supplies,West,89.97,3,C2369,PayPal
2024-07-23,Webcam,Electronics,South,161.98,2,C1822,PayPal
2024-07-23,USB Cable,Accessories,North,37.02,3,C1887,Debit Card
2024-07-23,Notebook,Office Supplies,East,19.98,2,C2134,Credit Card
2024-07-23,Power Bank,Accessories,North,79.98,2,C1318,Credit Card
2024-07-23,LED Desk Lamp,Office Supplies,North,131.07,3,C2373,Debit Card
2024-07-23,Smartphone,Electronics,West,2159.97,3,C1971,Cash
2024-07-23,Headphones,Electronics,South,287.98,2,C1435,Cash
2024-07-23,USB Cable,Accessories,North,93.53,8,C1902,Credit Card
2024-07-23,Smartphone,Electronics,East,2399.97,3,C1045,Debit Card
2024-07-23,Smartphone,Electronics,West,1519.98,2,C1009,Debit Card
2024-07-23,Ergonomic Chair,Office Supplies,West,249.99,1,C1031,Debit Card
2024-07-23,Notebook,Office Supplies,West,75.92,8,C2190,Credit Card
2024-07-23,Keyboard,Accessories,East,159.98,2,C1692,Cash
2024-07-24,Notebook,Office Supplies,West,9.99,1,C1265,PayPal
2024-07-24,Mouse,Accessories,East,24.99,1,C1996,PayPal
2024-07-24,Mouse,Accessories,North,24.99,1,C1603,Cash
2024-07-24,Notebook,Office Supplies,North,26.97,3,C2339,PayPal
2024-07-24,Smartphone,Electronics,West,2399.97,3,C2373,PayPal
2024-07-24,Desk Organizer,Office Supplies,North,89.97,3,C1371,PayPal
2024-07-24,Power Bank,Accessories,East,39.99,1,C2056,Cash
2024-07-24,Desk Organizer,Office Supplies,South,29.99,1,C1421,Debit Card
2024-07-24,Ergonomic Chair,Office Supplies,South,237.49,1,C2172,PayPal
2024-07-24,Mouse,Accessories,West,49.98,2,C1151,Credit Card
2024-07-24,Desk Organizer,Office Supplies,East,26.99,1,C1553,Debit Card
2024-07-24,Tablet,Electronics,South,499.99,1,C1151,Cash
2024-07-24,Desk Organizer,Office Supplies,North,80.97,3,C1533,Debit Card
2024-07-24,Monitor,Electronics,West,1049.97,3,C1903,PayPal
2024-07-24,USB Cable,Accessories,West,51.96,4,C1689,Debit Card
2024-07-24,USB Cable,Accessories,West,25.98,2,C2069,Cash
2024-07-24,Smartphone,Electronics,North,799.99,1,C1803,Debit Card
2024-07-24,Laptop,Electronics,West,5199.96,4,C2357,PayPal
2024-07-24,Mouse,Accessories,South,24.99,1,C1619,Cash
2024-07-24,Notebook,Office Supplies,North,39.96,4,C2216,Debit Card
2024-07-24,Monitor,Electronics,North,2799.92,8,C2089,Credit Card
2024-07-24,Desk Organizer,Office Supplies,North,113.96,4,C1481,Debit Card
2024-07-25,Notebook,Office Supplies,West,9.49,1,C1717,Cash
2024-07-25,Power Bank,Accessories,South,159.96,4,C1744,Debit Card
2024-07-25,Laptop,Electronics,North,2599.98,2,C1896,Credit Card
2024-07-25,Smartphone,Electronics,East,799.99,1,C1431,PayPal
2024-07-25,Mousepad,Accessories,West,19.99,1,C1584,Debit Card
2024-07-25,Monitor,Electronics,East,629.98,2,C1397,Cash
2024-07-25,Laptop,Electronics,West,1299.99,1,C1918,Credit Card
2024-07-25,Desk Organizer,Office Supplies,West,29.99,1,C1423,Cash
2024-07-25,Keyboard,Accessories,East,79.99,1,C1269,PayPal
2024-07-25,Smartphone,Electronics,East,3039.96,4,C1017,PayPal
2024-07-25,Notebook,Office Supplies,South,29.97,3,C2367,PayPal
2024-07-25,Mousepad,Accessories,South,19.99,1,C1364,Cash
2024-07-25,Webcam,Electronics,West,170.98,2,C1918,Debit Card
2024-07-25,LED Desk Lamp,Office Supplies,West,124.17,3,C2349,Debit Card
2024-07-25,Laptop,Electronics,North,1299.99,1,C1517,PayPal
2024-07-25,Headphones,Electronics,West,479.97,3,C2345,Debit Card
2024-07-25,Mousepad,Accessories,South,79.96,4,C1275,Credit Card
2024-07-25,Mousepad,Accessories,South,17.99,1,C2455,PayPal
2024-07-25,LED Desk Lamp,Office Supplies,North,41.39,1,C1258,Cash
2024-07-25,Tablet,Electronics,North,1424.97,3,C1341,Debit Card
2024-07-25,Keyboard,Accessories,South,71.99,1,C1077,Cash
2024-07-25,LED Desk Lamp,Office Supplies,South,459.9,10,C1856,Cash
2024-07-25,Laptop,Electronics,West,2599.98,2,C2385,Debit Card
2024-07-25,Headphones,Electronics,North,159.99,1,C1048,Cash
2024-07-25,LED Desk Lamp,Office Supplies,West,137.97,3,C2132,Cash
2024-07-25,Desk Organizer,Office Supplies,West,59.98,2,C2226,Credit Card
2024-07-25,Monitor,Electronics,West,314.99,1,C1967,PayPal
2024-07-26,Ergonomic Chair,Office Supplies,North,499.98,2,C1753,PayPal
2024-07-26,Notebook,Office Supplies,South,19.98,2,C1002,PayPal
2024-07-26,Power Bank,Accessories,East,71.98,2,C1016,PayPal
2024-07-26,LED Desk Lamp,Office Supplies,North,82.78,2,C1284,Cash
2024-07-26,Mousepad,Accessories,East,19.99,1,C1344,Cash
2024-07-26,Ergonomic Chair,Office Supplies,West,249.99,1,C1549,Debit Card
2024-07-26,Webcam,Electronics,South,269.97,3,C1943,Debit Card
2024-07-26,Mousepad,Accessories,North,39.98,2,C1164,Cash
2024-07-26,Monitor,Electronics,West,1749.95,5,C1306,PayPal
2024-07-26,Keyboard,Accessories,West,159.98,2,C1594,Cash
2024-07-26,Desk Organizer,Office Supplies,West,85.47,3,C1312,Credit Card
2024-07-26,Desk Organizer,Office Supplies,East,59.98,2,C1970,Debit Card
2024-07-26,Tablet,Electronics,North,449.99,1,C1913,Cash
2024-07-26,Tablet,Electronics,West,499.99,1,C1238,Cash
2024-07-26,Mouse,Accessories,North,89.96,4,C1108,Debit Card
2024-07-26,Notebook,Office Supplies,East,9.99,1,C1508,Credit Card
2024-07-26,Mousepad,Accessories,East,17.99,1,C1673,PayPal
2024-07-26,Notebook,Office Supplies,North,29.97,3,C1067,Cash
2024-07-26,LED Desk Lamp,Office Supplies,East,45.99,1,C1256,Cash
2024-07-26,Ergonomic Chair,Office Supplies,South,249.99,1,C1555,Cash
2024-07-26,Ergonomic Chair,Office Supplies,South,999.96,4,C2481,PayPal
2024-07-26,Power Bank,Accessories,West,399.9,10,C1161,Credit Card
2024-07-26,Monitor,Electronics,South,1049.97,3,C2330,PayPal
2024-07-26,Keyboard,Accessories,East,75.99,1,C1689,PayPal
2024-07-26,Smartphone,Electronics,South,799.99,1,C1772,Cash
2024-07-26,Mouse,Accessories,South,74.97,3,C1620,Credit Card
2024-07-26,Tablet,Electronics,North,999.98,2,C1777,Debit Card
2024-07-27,Desk Organizer,Office Supplies,East,29.99,1,C2185,PayPal
2024-07-27,Notebook,Office Supplies,South,29.97,3,C2345,PayPal
2024-07-27,Mouse,Accessories,West,47.48,2,C1399,Debit Card
2024-07-27,Smartphone,Electronics,North,3999.95,5,C2239,PayPal
2024-07-27,Notebook,Office Supplies,North,9.49,1,C1142,Credit Card
2024-07-27,Webcam,Electronics,North,89.99,1,C1279,Cash
2024-07-27,Laptop,Electronics,West,2599.98,2,C1547,Cash
2024-07-27,Laptop,Electronics,West,1169.99,1,C1345,Cash
2024-07-27,Headphones,Electronics,South,159.99,1,C1434,Cash
2024-07-27,Notebook,Office Supplies,East,9.99,1,C2017,PayPal
2024-07-27,Webcam,Electronics,South,179.98,2,C1808,Debit Card
2024-07-27,Ergonomic Chair,Office Supplies,East,249.99,1,C1360,Cash
2024-07-27,Webcam,Electronics,West,179.98,2,C2022,Cash
2024-07-27,Monitor,Electronics,West,699.98,2,C1510,Cash
2024-07-27,Webcam,Electronics,North,179.98,2,C1321,Debit Card
2024-07-27,Ergonomic Chair,Office Supplies,South,1249.95,5,C2132,PayPal
2024-07-27,Smartphone,Electronics,South,3199.96,4,C2315,Cash
2024-07-27,Keyboard,Accessories,West,75.99,1,C1447,Cash
2024-07-27,Ergonomic Chair,Office Supplies,South,249.99,1,C1982,Credit Card
2024-07-27,Notebook,Office Supplies,South,39.96,4,C2250,Cash
2024-07-27,Notebook,Office Supplies,West,9.99,1,C2357,Cash
2024-07-27,LED Desk Lamp,Office Supplies,West,43.69,1,C1464,Cash
2024-07-27,Headphones,Electronics,South,159.99,1,C1770,Credit Card
2024-07-27,Ergonomic Chair,Office Supplies,North,499.98,2,C2431,PayPal
2024-07-27,Notebook,Office Supplies,North,8.99,1,C1075,Debit Card
2024-07-27,Smartphone,Electronics,South,759.99,1,C1400,Debit Card
2024-07-27,Monitor,Electronics,West,314.99,1,C1377,PayPal
2024-07-27,Keyboard,Accessories,West,75.99,1,C1839,PayPal
2024-07-28,Mouse,Accessories,East,49.98,2,C2141,Credit Card
2024-07-28,Keyboard,Accessories,North,71.99,1,C1238,Credit Card
2024-07-28,LED Desk Lamp,Office Supplies,West,41.39,1,C1943,Debit Card
2024-07-28,Webcam,Electronics,East,85.49,1,C1014,Debit Card
2024-07-28,Notebook,Office Supplies,North,19.98,2,C2458,Credit Card
2024-07-28,USB Cable,Accessories,North,12.99,1,C1976,PayPal
2024-07-28,Headphones,Electronics,East,159.99,1,C2311,PayPal
2024-07-28,Mouse,Accessories,West,23.74,1,C1571,Cash
2024-07-28,Ergonomic Chair,Office Supplies,North,999.96,4,C1471,Cash
2024-07-28,Desk Organizer,Office Supplies,North,29.99,1,C1961,PayPal
2024-07-28,USB Cable,Accessories,North,12.99,1,C1063,Cash
2024-07-28,Webcam,Electronics,South,89.99,1,C1442,Cash
2024-07-28,Monitor,Electronics,South,349.99,1,C1388,PayPal
2024-07-28,LED Desk Lamp,Office Supplies,North,45.99,1,C1134,Credit Card
2024-07-28,Mouse,Accessories,East,112.45,5,C1387,Credit Card
2024-07-28,Monitor,Electronics,West,349.99,1,C2082,Cash
2024-07-28,Keyboard,Accessories,East,151.98,2,C1176,Debit Card
2024-07-28,Mousepad,Accessories,North,56.97,3,C1164,Debit Card
2024-07-28,Ergonomic Chair,Office Supplies,East,1799.93,8,C1729,PayPal
2024-07-28,Keyboard,Accessories,East,71.99,1,C1318,Debit Card
2024-07-28,Desk Organizer,Office Supplies,South,134.95,5,C2392,PayPal
2024-07-28,Power Bank,Accessories,South,37.99,1,C2065,Credit Card
2024-07-28,LED Desk Lamp,Office Supplies,West,45.99,1,C2319,Cash
2024-07-28,Ergonomic Chair,Office Supplies,East,712.47,3,C1256,Credit Card
2024-07-28,LED Desk Lamp,Office Supplies,East,45.99,1,C1645,Debit Card
2024-07-28,Mouse,Accessories,East,99.96,4,C1108,Debit Card
2024-07-29,USB Cable,Accessories,West,23.38,2,C1094,Cash
2024-07-29,Power Bank,Accessories,North,39.99,1,C1611,Debit Card
2024-07-29,Ergonomic Chair,Office Supplies,East,249.99,1,C1381,Cash
2024-07-29,Webcam,Electronics,West,80.99,1,C1370,Debit Card
2024-07-29,Monitor,Electronics,West,944.97,3,C1249,Cash
2024-07-29,Smartphone,Electronics,East,759.99,1,C2499,PayPal
2024-07-29,Monitor,Electronics,South,349.99,1,C1246,Cash
2024-07-29,Ergonomic Chair,Office Supplies,North,1999.92,8,C1990,Debit Card
2024-07-29,Mousepad,Accessories,West,39.98,2,C1873,PayPal
2024-07-29,Webcam,Electronics,South,80.99,1,C1696,Cash
2024-07-29,Desk Organizer,Office Supplies,East,29.99,1,C2014,PayPal
2024-07-29,LED Desk Lamp,Office Supplies,North,183.96,4,C1151,PayPal
2024-07-29,Notebook,Office Supplies,East,9.99,1,C1625,Credit Card
2024-07-29,Smartphone,Electronics,East,6079.92,8,C1866,Cash
2024-07-29,Keyboard,Accessories,East,239.97,3,C2291,Debit Card
2024-07-29,Laptop,Electronics,West,3899.97,3,C1155,Debit Card
2024-07-29,Keyboard,Accessories,South,79.99,1,C1036,Credit Card
2024-07-29,Desk Organizer,Office Supplies,South,59.98,2,C1545,Credit Card
2024-07-29,Desk Organizer,Office Supplies,West,29.99,1,C1427,Cash
2024-07-29,Mousepad,Accessories,East,18.99,1,C2301,PayPal
2024-07-29,LED Desk Lamp,Office Supplies,South,91.98,2,C1572,Credit Card
2024-07-29,Headphones,Electronics,North,159.99,1,C1464,Cash
2024-07-29,LED Desk Lamp,Office Supplies,East,43.69,1,C2304,Credit Card
2024-07-29,Power Bank,Accessories,North,35.99,1,C1321,PayPal
2024-07-29,Keyboard,Accessories,East,159.98,2,C1770,Credit Card
2024-07-29,LED Desk Lamp,Office Supplies,West,82.78,2,C2065,Cash
2024-07-30,Mouse,Accessories,South,74.97,3,C1605,PayPal
2024-07-30,Desk Organizer,Office Supplies,North,29.99,1,C1416,Cash
2024-07-30,Smartphone,Electronics,North,799.99,1,C1808,Cash
2024-07-30,USB Cable,Accessories,South,12.99,1,C1484,Cash
2024-07-30,USB Cable,Accessories,North,25.98,2,C1517,Credit Card
2024-07-30,Mousepad,Accessories,North,79.96,4,C1431,PayPal
2024-07-30,USB Cable,Accessories,West,25.98,2,C1202,Cash
2024-07-30,Monitor,Electronics,North,332.49,1,C2356,Debit Card
2024-07-30,Webcam,Electronics,South,85.49,1,C1497,PayPal
2024-07-30,Mouse,Accessories,North,67.47,3,C2410,Debit Card
2024-07-30,USB Cable,Accessories,East,12.34,1,C2065,PayPal
2024-07-30,Keyboard,Accessories,East,319.96,4,C2183,PayPal
2024-07-30,Power Bank,Accessories,East,37.99,1,C1302,PayPal
2024-07-30,Power Bank,Accessories,West,37.99,1,C1185,PayPal
2024-07-30,Mouse,Accessories,South,99.96,4,C1551,Debit Card
2024-07-30,Mousepad,Accessories,South,53.97,3,C2228,Cash
2024-07-30,Ergonomic Chair,Office Supplies,North,224.99,1,C1509,Credit Card
2024-07-30,Tablet,Electronics,West,999.98,2,C2042,Cash
2024-07-30,LED Desk Lamp,Office Supplies,West,82.78,2,C2104,Credit Card
2024-07-30,Keyboard,Accessories,South,159.98,2,C2454,Credit Card
2024-07-30,USB Cable,Accessories,North,25.98,2,C1359,Cash
2024-07-30,Smartphone,Electronics,West,2399.97,3,C1735,Debit Card
2024-07-30,Ergonomic Chair,Office Supplies,North,224.99,1,C1417,Credit Card
2024-07-30,Tablet,Electronics,North,1499.97,3,C2268,Debit Card
2024-07-30,Headphones,Electronics,West,287.98,2,C1346,PayPal
2024-07-30,Power Bank,Accessories,South,37.99,1,C1247,Cash
2024-07-30,USB Cable,Accessories,South,25.98,2,C1641,Debit Card
2024-07-31,Laptop,Electronics,South,5199.96,4,C1759,Credit Card
2024-07-31,Notebook,Office Supplies,South,19.98,2,C1669,PayPal
2024-07-31,Desk Organizer,Office Supplies,East,29.99,1,C1539,Cash
2024-07-31,Power Bank,Accessories,North,119.97,3,C1642,Cash
2024-07-31,Webcam,Electronics,South,179.98,2,C1171,Credit Card
2024-07-31,Notebook,Office Supplies,North,9.99,1,C2102,Cash
2024-07-31,Notebook,Office Supplies,South,9.99,1,C1147,Credit Card
2024-07-31,Mouse,Accessories,West,49.98,2,C1432,PayPal
2024-07-31,Keyboard,Accessories,West,239.97,3,C2134,Credit Card
2024-07-31,Webcam,Electronics,South,89.99,1,C1972,Debit Card
2024-07-31,LED Desk Lamp,Office Supplies,South,45.99,1,C2254,Cash
2024-07-31,Notebook,Office Supplies,West,9.49,1,C2063,Credit Card
2024-07-31,Monitor,Electronics,West,349.99,1,C1351,Credit Card
2024-07-31,Tablet,Electronics,East,1499.97,3,C1929,Credit Card
2024-07-31,Smartphone,Electronics,East,3999.95,5,C1373,Cash
2024-07-31,Smartphone,Electronics,East,799.99,1,C1837,Cash
2024-07-31,Headphones,Electronics,South,143.99,1,C2446,Cash
2024-07-31,Notebook,Office Supplies,North,9.99,1,C1013,Debit Card
2024-07-31,Mouse,Accessories,North,24.99,1,C2150,PayPal
2024-07-31,Notebook,Office Supplies,East,26.97,3,C1275,Credit Card
2024-07-31,Keyboard,Accessories,East,227.97,3,C2015,Credit Card
2024-07-31,Monitor,Electronics,South,1259.96,4,C1606,Debit Card
2024-07-31,Power Bank,Accessories,North,39.99,1,C1808,PayPal
2024-07-31,Desk Organizer,Office Supplies,West,29.99,1,C2190,Cash
2024-07-31,Mousepad,Accessories,East,19.99,1,C1996,Cash
2024-07-31,Tablet,Electronics,North,499.99,1,C1973,Debit Card
2024-07-31,Monitor,Electronics,West,349.99,1,C1874,Cash
2024-08-01,LED Desk Lamp,Office Supplies,West,91.98,2,C2160,PayPal
2024-08-01,Monitor,Electronics,North,699.98,2,C1111,Debit Card
2024-08-01,Smartphone,Electronics,East,719.99,1,C1768,PayPal
2024-08-01,Mouse,Accessories,East,49.98,2,C2292,Debit Card
2024-08-01,Desk Organizer,Office Supplies,West,28.49,1,C1677,Credit Card
2024-08-01,Desk Organizer,Office Supplies,South,80.97,3,C1181,Credit Card
2024-08-01,Headphones,Electronics,North,287.98,2,C2272,Credit Card
2024-08-01,Headphones,Electronics,North,151.99,1,C2222,Credit Card
2024-08-01,Power Bank,Accessories,North,79.98,2,C2438,PayPal
2024-08-01,Headphones,Electronics,East,143.99,1,C2221,Credit Card
2024-08-01,Desk Organizer,Office Supplies,North,26.99,1,C1295,Debit Card
2024-08-01,Ergonomic Chair,Office Supplies,East,499.98,2,C2481,Credit Card
2024-08-01,Mousepad,Accessories,North,19.99,1,C2371,PayPal
2024-08-01,Laptop,Electronics,South,6174.95,5,C1700,Debit Card
2024-08-01,Tablet,Electronics,West,499.99,1,C1614,Debit Card
2024-08-01,Notebook,Office Supplies,North,9.49,1,C1028,Cash
2024-08-01,Webcam,Electronics,East,179.98,2,C1480,Credit Card
2024-08-01,Mouse,Accessories,East,24.99,1,C1449,PayPal
2024-08-01,Laptop,Electronics,East,1299.99,1,C2012,Credit Card
2024-08-01,Monitor,Electronics,South,349.99,1,C1265,Credit Card
2024-08-01,Notebook,Office Supplies,North,9.99,1,C1440,PayPal
2024-08-01,Webcam,Electronics,West,269.97,3,C2104,Cash
2024-08-01,Ergonomic Chair,Office Supplies,South,237.49,1,C1739,Debit Card
2024-08-01,Monitor,Electronics,West,314.99,1,C1639,PayPal
2024-08-01,Notebook,Office Supplies,East,26.97,3,C1619,PayPal
2024-08-01,Monitor,Electronics,East,349.99,1,C1120,Credit Card
2024-08-01,Headphones,Electronics,South,159.99,1,C2010,Credit Card
2024-08-01,Mouse,Accessories,West,23.74,1,C1006,Credit Card
2024-08-01,Headphones,Electronics,North,799.95,5,C2323,PayPal
2024-08-01,Mouse,Accessories,North,67.47,3,C1983,Debit Card
2024-08-01,Ergonomic Chair,Office Supplies,West,449.98,2,C1860,Cash
2024-08-02,Smartphone,Electronics,West,799.99,1,C1485,Cash
2024-08-02,Mousepad,Accessories,North,18.99,1,C1442,Cash
2024-08-02,Webcam,Electronics,West,89.99,1,C1307,Cash
2024-08-02,Ergonomic Chair,Office Supplies,East,749.97,3,C1924,PayPal
2024-08-02,LED Desk Lamp,Office Supplies,West,87.38,2,C2101,Credit Card
2024-08-02,Webcam,Electronics,West,89.99,1,C1825,PayPal
2024-08-02,USB Cable,Accessories,East,25.98,2,C1833,Debit Card
2024-08-02,Mouse,Accessories,South,22.49,1,C1802,PayPal
2024-08-02,Smartphone,Electronics,East,719.99,1,C1668,PayPal
2024-08-02,USB Cable,Accessories,South,51.96,4,C2178,Cash
2024-08-02,Headphones,Electronics,East,159.99,1,C1266,Cash
2024-08-02,USB Cable,Accessories,East,58.46,5,C2361,Debit Card
2024-08-02,Power Bank,Accessories,North,35.99,1,C2041,Cash
2024-08-02,Notebook,Office Supplies,North,19.98,2,C1373,PayPal
2024-08-02,Mousepad,Accessories,North,19.99,1,C1665,PayPal
2024-08-02,Desk Organizer,Office Supplies,West,85.47,3,C1875,Debit Card
2024-08-02,Ergonomic Chair,Office Supplies,North,249.99,1,C2309,Credit Card
2024-08-02,USB Cable,Accessories,West,12.34,1,C1241,PayPal
2024-08-02,Webcam,Electronics,East,89.99,1,C1305,PayPal
2024-08-02,Mouse,Accessories,South,24.99,1,C1889,Credit Card
2024-08-02,LED Desk Lamp,Office Supplies,East,87.38,2,C2486,PayPal
2024-08-02,Keyboard,Accessories,North,287.96,4,C1456,PayPal
2024-08-02,LED Desk Lamp,Office Supplies,East,229.95,5,C1313,PayPal
2024-08-02,Monitor,Electronics,North,2799.92,8,C1765,Credit Card
2024-08-02,Notebook,Office Supplies,North,9.99,1,C2352,Debit Card
2024-08-03,Webcam,Electronics,South,170.98,2,C1588,PayPal
2024-08-03,Desk Organizer,Office Supplies,West,56.98,2,C1027,Credit Card
2024-08-03,Desk Organizer,Office Supplies,South,29.99,1,C1776,Debit Card
2024-08-03,USB Cable,Accessories,South,38.97,3,C2137,Cash
2024-08-03,Mouse,Accessories,South,22.49,1,C2111,PayPal
2024-08-03,Notebook,Office Supplies,South,35.96,4,C1882,Cash
2024-08-03,Notebook,Office Supplies,South,18.98,2,C2012,Cash
2024-08-03,Laptop,Electronics,East,1169.99,1,C1905,Debit Card
2024-08-03,Laptop,Electronics,West,1299.99,1,C1847,Debit Card
2024-08-03,Laptop,Electronics,West,3509.97,3,C1178,Credit Card
2024-08-03,Smartphone,Electronics,North,2399.97,3,C2483,Debit Card
2024-08-03,Smartphone,Electronics,East,719.99,1,C1281,Credit Card
2024-08-03,USB Cable,Accessories,West,35.07,3,C1863,Cash
2024-08-03,Power Bank,Accessories,East,119.97,3,C2223,Credit Card
2024-08-03,Laptop,Electronics,East,2599.98,2,C1955,Credit Card
2024-08-03,USB Cable,Accessories,East,23.38,2,C1899,PayPal
2024-08-03,USB Cable,Accessories,East,12.99,1,C1623,Debit Card
2024-08-03,LED Desk Lamp,Office Supplies,West,45.99,1,C1486,Cash
2024-08-03,Power Bank,Accessories,West,39.99,1,C1950,Debit Card
2024-08-03,LED Desk Lamp,Office Supplies,South,174.76,4,C2359,PayPal
2024-08-03,Notebook,Office Supplies,West,29.97,3,C1892,Credit Card
2024-08-03,Monitor,Electronics,South,332.49,1,C1714,Cash
2024-08-03,LED Desk Lamp,Office Supplies,North,45.99,1,C2201,PayPal
2024-08-03,Notebook,Office Supplies,East,9.99,1,C2196,Debit Card
2024-08-03,Power Bank,Accessories,East,199.95,5,C2117,Debit Card
2024-08-03,USB Cable,Accessories,West,24.68,2,C2049,PayPal
2024-08-04,Headphones,Electronics,South,143.99,1,C1180,Debit Card
2024-08-04,Power Bank,Accessories,South,39.99,1,C1026,Cash
2024-08-04,Monitor,Electronics,East,349.99,1,C1579,Credit Card
2024-08-04,Desk Organizer,Office Supplies,East,29.99,1,C1150,Credit Card
2024-08-04,Desk Organizer,Office Supplies,West,29.99,1,C1446,Cash
2024-08-04,Keyboard,Accessories,South,239.97,3,C2417,Credit Card
2024-08-04,Keyboard,Accessories,East,79.99,1,C2042,Credit Card
2024-08-04,USB Cable,Accessories,South,12.99,1,C2495,PayPal
2024-08-04,Tablet,Electronics,North,499.99,1,C2386,Debit Card
2024-08-04,Desk Organizer,Office Supplies,East,119.96,4,C2211,Credit Card
2024-08-04,Ergonomic Chair,Office Supplies,East,999.96,4,C1960,Cash
2024-08-04,Desk Organizer,Office Supplies,South,89.97,3,C1184,Debit Card
2024-08-04,Laptop,Electronics,East,1169.99,1,C1791,Cash
2024-08-04,Mouse,Accessories,West,99.96,4,C1967,Credit Card
2024-08-04,Power Bank,Accessories,North,159.96,4,C1384,Debit Card
2024-08-04,Keyboard,Accessories,East,227.97,3,C1092,Debit Card
2024-08-04,LED Desk Lamp,Office Supplies,West,45.99,1,C2311,Cash
2024-08-04,Desk Organizer,Office Supplies,North,29.99,1,C1404,Cash
2024-08-04,Desk Organizer,Office Supplies,West,29.99,1,C1034,Credit Card
2024-08-04,LED Desk Lamp,Office Supplies,North,43.69,1,C1156,Debit Card
2024-08-04,Ergonomic Chair,Office Supplies,West,224.99,1,C1811,Credit Card
2024-08-04,Mouse,Accessories,South,124.95,5,C2478,Credit Card
2024-08-04,Headphones,Electronics,West,303.98,2,C1377,Credit Card
2024-08-04,Ergonomic Chair,Office Supplies,West,224.99,1,C1738,Cash
2024-08-04,Ergonomic Chair,Office Supplies,North,249.99,1,C1796,Credit Card
2024-08-04,Keyboard,Accessories,South,151.98,2,C1141,Debit Card
2024-08-04,Tablet,Electronics,North,1499.97,3,C1455,Debit Card
2024-08-04,Headphones,Electronics,East,319.98,2,C2092,Cash
2024-08-04,Headphones,Electronics,South,319.98,2,C1592,PayPal
2024-08-04,Power Bank,Accessories,South,75.98,2,C1747,PayPal
2024-08-04,Notebook,Office Supplies,South,9.49,1,C1585,Cash
2024-08-04,Mousepad,Accessories,West,35.98,2,C1109,Credit Card
2024-08-04,Power Bank,Accessories,South,39.99,1,C2210,PayPal
2024-08-05,Desk Organizer,Office Supplies,North,59.98,2,C1493,Credit Card
2024-08-05,Mouse,Accessories,South,24.99,1,C1637,Debit Card
2024-08-05,Mouse,Accessories,North,49.98,2,C2354,Credit Card
2024-08-05,Smartphone,Electronics,North,2399.97,3,C1221,Credit Card
2024-08-05,Notebook,Office Supplies,South,47.45,5,C1307,Credit Card
2024-08-05,Power Bank,Accessories,South,39.99,1,C1623,Cash
2024-08-05,USB Cable,Accessories,North,12.34,1,C1696,Credit Card
2024-08-05,Notebook,Office Supplies,West,79.92,8,C2039,Credit Card
2024-08-05,Keyboard,Accessories,North,75.99,1,C1788,Cash
2024-08-05,LED Desk Lamp,Office Supplies,East,137.97,3,C2216,Debit Card
2024-08-05,USB Cable,Accessories,East,12.99,1,C2317,Cash
2024-08-05,Notebook,Office Supplies,West,9.99,1,C2386,Cash
2024-08-05,Notebook,Office Supplies,North,9.99,1,C1884,Credit Card
2024-08-05,Ergonomic Chair,Office Supplies,East,499.98,2,C1628,Debit Card
2024-08-05,Power Bank,Accessories,South,179.96,5,C1872,Debit Card
2024-08-05,LED Desk Lamp,Office Supplies,North,45.99,1,C1963,Cash
2024-08-05,Laptop,Electronics,South,11699.91,10,C1190,Cash
2024-08-05,Keyboard,Accessories,South,79.99,1,C1822,Debit Card
2024-08-05,Headphones,Electronics,North,303.98,2,C2278,Debit Card
2024-08-05,Notebook,Office Supplies,North,9.49,1,C1096,PayPal
2024-08-05,Headphones,Electronics,North,151.99,1,C1340,Credit Card
2024-08-05,Laptop,Electronics,North,2599.98,2,C2309,Credit Card
2024-08-05,Smartphone,Electronics,South,799.99,1,C2356,PayPal
2024-08-05,Ergonomic Chair,Office Supplies,South,474.98,2,C1864,PayPal
2024-08-05,Laptop,Electronics,East,1299.99,1,C1798,Credit Card
2024-08-05,LED Desk Lamp,Office Supplies,West,124.17,3,C1927,Cash
2024-08-05,Webcam,Electronics,South,80.99,1,C1543,Debit Card
2024-08-05,Laptop,Electronics,West,1299.99,1,C2314,PayPal
2024-08-06,Smartphone,Electronics,North,1599.98,2,C2002,PayPal
2024-08-06,Notebook,Office Supplies,South,9.99,1,C1228,Credit Card
2024-08-06,Notebook,Office Supplies,East,39.96,4,C1402,PayPal
2024-08-06,Monitor,Electronics,North,699.98,2,C1349,Debit Card
2024-08-06,USB Cable,Accessories,East,25.98,2,C1765,Cash
2024-08-06,Keyboard,Accessories,West,71.99,1,C2316,Debit Card
2024-08-06,Mouse,Accessories,West,24.99,1,C2081,PayPal
2024-08-06,Smartphone,Electronics,West,799.99,1,C1188,Cash
2024-08-06,Laptop,Electronics,West,1299.99,1,C1204,Debit Card
2024-08-06,Mouse,Accessories,West,23.74,1,C2348,PayPal
2024-08-06,Desk Organizer,Office Supplies,East,56.98,2,C1402,Debit Card
2024-08-06,Monitor,Electronics,North,1049.97,3,C1391,Credit Card
2024-08-06,Power Bank,Accessories,West,39.99,1,C1055,Cash
2024-08-06,Notebook,Office Supplies,East,26.97,3,C1048,Cash
2024-08-06,Headphones,Electronics,East,479.97,3,C1511,Credit Card
2024-08-06,Notebook,Office Supplies,North,18.98,2,C2066,Credit Card
2024-08-06,Ergonomic Chair,Office Supplies,East,499.98,2,C1725,PayPal
2024-08-06,Power Bank,Accessories,East,39.99,1,C2216,Debit Card
2024-08-06,Webcam,Electronics,North,179.98,2,C2034,Debit Card
2024-08-06,Keyboard,Accessories,East,151.98,2,C2402,Cash
2024-08-06,Mousepad,Accessories,West,19.99,1,C2087,PayPal
2024-08-06,Webcam,Electronics,East,89.99,1,C1191,Cash
2024-08-06,Notebook,Office Supplies,South,9.99,1,C1257,Credit Card
2024-08-06,Headphones,Electronics,West,319.98,2,C1646,PayPal
2024-08-06,LED Desk Lamp,Office Supplies,East,45.99,1,C1921,PayPal
2024-08-07,Monitor,Electronics,South,699.98,2,C2141,Cash
2024-08-07,Mousepad,Accessories,East,35.98,2,C2079,Cash
2024-08-07,Desk Organizer,Office Supplies,North,89.97,3,C2155,PayPal
2024-08-07,Notebook,Office Supplies,North,9.99,1,C2290,Cash
2024-08-07,Mouse,Accessories,West,23.74,1,C2459,PayPal
2024-08-07,Keyboard,Accessories,East,399.95,5,C1307,Debit Card
2024-08-07,Ergonomic Chair,Office Supplies,North,249.99,1,C1676,Cash
2024-08-07,Notebook,Office Supplies,North,29.97,3,C1503,Debit Card
2024-08-07,Headphones,Electronics,North,159.99,1,C1300,Credit Card
2024-08-07,Desk Organizer,Office Supplies,South,29.99,1,C1456,PayPal
2024-08-07,USB Cable,Accessories,West,12.34,1,C1508,PayPal
2024-08-07,Headphones,Electronics,South,287.98,2,C1535,Credit Card
2024-08-07,Keyboard,Accessories,East,319.96,4,C2441,Cash
2024-08-07,Webcam,Electronics,South,179.98,2,C1870,Cash
2024-08-07,Webcam,Electronics,East,179.98,2,C1940,Credit Card
2024-08-07,Mouse,Accessories,West,23.74,1,C1349,PayPal
2024-08-07,Power Bank,Accessories,North,35.99,1,C2136,Cash
2024-08-07,Keyboard,Accessories,South,639.92,8,C1614,PayPal
2024-08-07,Mouse,Accessories,East,24.99,1,C1843,Cash
2024-08-07,Webcam,Electronics,East,89.99,1,C2397,Credit Card
2024-08-07,Power Bank,Accessories,West,39.99,1,C1163,Credit Card
2024-08-07,LED Desk Lamp,Office Supplies,South,45.99,1,C1062,Debit Card
2024-08-07,Webcam,Electronics,South,179.98,2,C1262,Debit Card
2024-08-07,Headphones,Electronics,West,479.97,3,C2280,Cash
2024-08-08,Mousepad,Accessories,West,19.99,1,C1847,Cash
2024-08-08,Ergonomic Chair,Office Supplies,North,249.99,1,C1203,Debit Card
2024-08-08,Monitor,Electronics,West,699.98,2,C1907,Cash
2024-08-08,Laptop,Electronics,North,1299.99,1,C1391,Debit Card
2024-08-08,Laptop,Electronics,South,1299.99,1,C1598,PayPal
2024-08-08,Power Bank,Accessories,North,39.99,1,C1537,PayPal
2024-08-08,Ergonomic Chair,Office Supplies,North,249.99,1,C1526,Credit Card
2024-08-08,USB Cable,Accessories,North,25.98,2,C1741,Debit Card
2024-08-08,Laptop,Electronics,West,2599.98,2,C2363,Debit Card
2024-08-08,Headphones,Electronics,South,159.99,1,C1772,Debit Card
2024-08-08,Webcam,Electronics,West,89.99,1,C1229,Credit Card
2024-08-08,LED Desk Lamp,Office Supplies,East,183.96,4,C1680,PayPal
2024-08-08,Laptop,Electronics,North,5199.96,4,C2055,PayPal
2024-08-08,Smartphone,Electronics,East,1599.98,2,C2244,PayPal
2024-08-08,Monitor,Electronics,North,349.99,1,C2326,Credit Card
2024-08-08,Tablet,Electronics,East,449.99,1,C1303,Credit Card
2024-08-08,Ergonomic Chair,Office Supplies,West,249.99,1,C1658,Credit Card
2024-08-08,Power Bank,Accessories,West,39.99,1,C2302,Debit Card
2024-08-08,Tablet,Electronics,North,999.98,2,C1199,Cash
2024-08-09,Desk Organizer,Office Supplies,West,29.99,1,C1738,Debit Card
2024-08-09,Mousepad,Accessories,North,39.98,2,C2477,Credit Card
2024-08-09,Notebook,Office Supplies,East,29.97,3,C1559,Cash
2024-08-09,Mouse,Accessories,South,22.49,1,C1663,Debit Card
2024-08-09,Monitor,Electronics,South,1399.96,4,C1273,Cash
2024-08-09,Keyboard,Accessories,South,159.98,2,C1153,Debit Card
2024-08-09,Mouse,Accessories,South,74.97,3,C2123,Cash
2024-08-09,Tablet,Electronics,East,1424.97,3,C1221,Cash
2024-08-09,LED Desk Lamp,Office Supplies,North,45.99,1,C2029,Debit Card
2024-08-09,LED Desk Lamp,Office Supplies,North,91.98,2,C2298,Cash
2024-08-09,Ergonomic Chair,Office Supplies,North,249.99,1,C2371,PayPal
2024-08-09,Monitor,Electronics,East,3499.9,10,C2053,PayPal
2024-08-09,LED Desk Lamp,Office Supplies,East,91.98,2,C1782,Cash
2024-08-09,USB Cable,Accessories,West,25.98,2,C1910,PayPal
2024-08-09,Headphones,Electronics,North,159.99,1,C2470,Credit Card
2024-08-09,Keyboard,Accessories,West,359.95,5,C1724,Credit Card
2024-08-09,Notebook,Office Supplies,North,29.97,3,C1902,Credit Card
2024-08-09,Notebook,Office Supplies,South,9.49,1,C1995,PayPal
2024-08-09,Ergonomic Chair,Office Supplies,South,249.99,1,C2280,Cash
2024-08-09,Mousepad,Accessories,North,18.99,1,C1969,Cash
2024-08-09,Smartphone,Electronics,West,1599.98,2,C1726,Credit Card
2024-08-09,Keyboard,Accessories,West,79.99,1,C2395,Debit Card
2024-08-09,Notebook,Office Supplies,East,9.99,1,C1727,PayPal
2024-08-09,Mouse,Accessories,South,24.99,1,C2446,PayPal
2024-08-09,Monitor,Electronics,West,332.49,1,C2193,Cash
2024-08-09,USB Cable,Accessories,South,38.97,3,C1838,Credit Card
2024-08-09,Headphones,Electronics,North,159.99,1,C1212,Credit Card
2024-08-09,Notebook,Office Supplies,North,17.98,2,C1578,Cash
2024-08-09,Ergonomic Chair,Office Supplies,South,1249.95,5,C2459,Debit Card
2024-08-10,Desk Organizer,Office Supplies,West,29.99,1,C2253,Cash
2024-08-10,Laptop,Electronics,East,3899.97,3,C2067,Debit Card
2024-08-10,USB Cable,Accessories,North,11.69,1,C1549,PayPal
2024-08-10,Ergonomic Chair,Office Supplies,North,237.49,1,C1301,PayPal
2024-08-10,Desk Organizer,Office Supplies,South,59.98,2,C2413,Cash
2024-08-10,Power Bank,Accessories,South,359.91,10,C1774,Credit Card
2024-08-10,Power Bank,Accessories,North,119.97,3,C1540,Debit Card
2024-08-10,LED Desk Lamp,Office Supplies,North,45.99,1,C1950,PayPal
2024-08-10,Ergonomic Chair,Office Supplies,North,249.99,1,C1552,Cash
2024-08-10,Desk Organizer,Office Supplies,East,59.98,2,C2414,Credit Card
2024-08-10,Desk Organizer,Office Supplies,East,29.99,1,C1966,Credit Card
2024-08-10,Smartphone,Electronics,North,799.99,1,C2000,Debit Card
2024-08-10,Ergonomic Chair,Office Supplies,North,224.99,1,C1389,PayPal
2024-08-10,Tablet,Electronics,South,449.99,1,C1040,Credit Card
2024-08-10,Notebook,Office Supplies,West,9.99,1,C1320,Credit Card
2024-08-10,Ergonomic Chair,Office Supplies,South,249.99,1,C2189,Cash
2024-08-10,Ergonomic Chair,Office Supplies,North,749.97,3,C2174,Cash
2024-08-10,Ergonomic Chair,Office Supplies,South,224.99,1,C2458,Cash
2024-08-10,USB Cable,Accessories,East,25.98,2,C1480,PayPal
2024-08-10,Notebook,Office Supplies,West,49.95,5,C2121,Debit Card
2024-08-10,USB Cable,Accessories,East,11.69,1,C2358,Cash
2024-08-10,Desk Organizer,Office Supplies,South,29.99,1,C1805,Debit Card
2024-08-10,Tablet,Electronics,South,499.99,1,C1875,Cash
2024-08-10,Desk Organizer,Office Supplies,East,28.49,1,C1743,Credit Card
2024-08-10,LED Desk Lamp,Office Supplies,West,137.97,3,C1729,Cash
2024-08-10,Keyboard,Accessories,North,159.98,2,C1286,Debit Card
2024-08-10,Keyboard,Accessories,East,79.99,1,C1764,Cash
2024-08-10,Webcam,Electronics,West,179.98,2,C1309,Debit Card
2024-08-10,Notebook,Office Supplies,North,19.98,2,C2007,Credit Card
2024-08-10,Mousepad,Accessories,South,79.96,4,C1139,PayPal
2024-08-10,Smartphone,Electronics,East,1599.98,2,C2094,Cash
2024-08-10,Webcam,Electronics,North,323.96,4,C2187,PayPal
2024-08-11,USB Cable,Accessories,South,12.99,1,C1675,Debit Card
2024-08-11,Headphones,Electronics,North,479.97,3,C1783,Debit Card
2024-08-11,Webcam,Electronics,North,161.98,2,C1361,Credit Card
2024-08-11,Headphones,Electronics,South,151.99,1,C1797,Debit Card
2024-08-11,Headphones,Electronics,South,303.98,2,C2275,Debit Card
2024-08-11,Tablet,Electronics,South,499.99,1,C1868,Debit Card
2024-08-11,Webcam,Electronics,North,179.98,2,C1864,Credit Card
2024-08-11,LED Desk Lamp,Office Supplies,East,45.99,1,C2421,Debit Card
2024-08-11,Desk Organizer,Office Supplies,West,26.99,1,C1588,Cash
2024-08-11,Power Bank,Accessories,North,79.98,2,C2022,Debit Card
2024-08-11,Laptop,Electronics,South,2599.98,2,C1807,PayPal
2024-08-11,Desk Organizer,Office Supplies,South,119.96,4,C2088,Debit Card
2024-08-11,Ergonomic Chair,Office Supplies,North,237.49,1,C1600,Cash
2024-08-11,Mouse,Accessories,West,47.48,2,C1482,Debit Card
2024-08-11,Power Bank,Accessories,South,35.99,1,C1684,Debit Card
2024-08-11,Smartphone,Electronics,East,799.99,1,C2280,Credit Card
2024-08-11,Tablet,Electronics,West,999.98,2,C2070,PayPal
2024-08-11,Ergonomic Chair,Office Supplies,West,999.96,4,C1344,Credit Card
2024-08-11,Keyboard,Accessories,North,379.95,5,C2410,Debit Card
2024-08-11,Monitor,Electronics,East,349.99,1,C1903,Debit Card
2024-08-11,Notebook,Office Supplies,West,19.98,2,C1870,PayPal
2024-08-11,Ergonomic Chair,Office Supplies,East,249.99,1,C2261,Cash
2024-08-11,Mousepad,Accessories,South,94.95,5,C1904,Credit Card
2024-08-11,Desk Organizer,Office Supplies,West,59.98,2,C1429,Cash
2024-08-12,Keyboard,Accessories,South,75.99,1,C1692,Credit Card
2024-08-12,Mouse,Accessories,East,67.47,3,C1745,Cash
2024-08-12,Tablet,Electronics,North,1999.96,4,C2237,Debit Card
2024-08-12,Tablet,Electronics,East,2249.95,5,C1476,Debit Card
2024-08-12,Headphones,Electronics,East,319.98,2,C2025,Cash
2024-08-12,Tablet,Electronics,South,1999.96,4,C1768,Cash
2024-08-12,Laptop,Electronics,East,1299.99,1,C1153,Cash
2024-08-12,Ergonomic Chair,Office Supplies,South,712.47,3,C1805,PayPal
2024-08-12,Power Bank,Accessories,South,113.97,3,C1635,Cash
2024-08-12,Ergonomic Chair,Office Supplies,West,237.49,1,C2167,Cash
2024-08-12,Ergonomic Chair,Office Supplies,South,499.98,2,C1109,Cash
2024-08-12,Mouse,Accessories,West,24.99,1,C2443,PayPal
2024-08-12,Smartphone,Electronics,West,799.99,1,C1770,PayPal
2024-08-12,Laptop,Electronics,West,1299.99,1,C1998,PayPal
2024-08-12,Laptop,Electronics,East,3899.97,3,C1442,Debit Card
2024-08-12,Headphones,Electronics,East,159.99,1,C2401,Debit Card
2024-08-12,Notebook,Office Supplies,West,9.99,1,C1204,PayPal
2024-08-12,Webcam,Electronics,South,449.95,5,C1675,PayPal
2024-08-12,Desk Organizer,Office Supplies,North,29.99,1,C1562,Cash
2024-08-12,USB Cable,Accessories,West,12.99,1,C2421,Debit Card
2024-08-12,Ergonomic Chair,Office Supplies,South,1249.95,5,C2406,Credit Card
2024-08-12,Notebook,Office Supplies,South,9.49,1,C2399,Debit Card
2024-08-12,Mouse,Accessories,West,74.97,3,C1493,Debit Card
2024-08-12,Mousepad,Accessories,South,37.98,2,C1848,Credit Card
2024-08-12,Keyboard,Accessories,South,215.97,3,C1379,PayPal
2024-08-12,Webcam,Electronics,North,85.49,1,C1330,Credit Card
2024-08-12,Desk Organizer,Office Supplies,East,89.97,3,C1818,Cash
2024-08-12,Power Bank,Accessories,South,39.99,1,C1420,Cash
2024-08-12,Monitor,Electronics,West,699.98,2,C2081,Cash
2024-08-12,USB Cable,Accessories,South,123.41,10,C1710,PayPal
2024-08-12,Notebook,Office Supplies,East,18.98,2,C1733,Debit Card
2024-08-12,Power Bank,Accessories,North,75.98,2,C2060,Debit Card
2024-08-12,Ergonomic Chair,Office Supplies,North,224.99,1,C2409,Debit Card
2024-08-12,Tablet,Electronics,South,999.98,2,C2234,Cash
2024-08-12,Desk Organizer,Office Supplies,North,59.98,2,C2484,PayPal
2024-08-12,Monitor,Electronics,East,1574.96,5,C1179,Debit Card
2024-08-12,Ergonomic Chair,Office Supplies,West,237.49,1,C1177,Credit Card
2024-08-13,Ergonomic Chair,Office Supplies,West,249.99,1,C1446,Credit Card
2024-08-13,Tablet,Electronics,South,449.99,1,C1947,Credit Card
2024-08-13,Webcam,Electronics,West,89.99,1,C1622,Debit Card
2024-08-13,Mouse,Accessories,East,24.99,1,C1301,Debit Card
2024-08-13,Power Bank,Accessories,South,79.98,2,C1387,PayPal
2024-08-13,USB Cable,Accessories,South,11.69,1,C2364,Debit Card
2024-08-13,Power Bank,Accessories,South,37.99,1,C1841,Cash
2024-08-13,Mouse,Accessories,North,74.97,3,C1225,Debit Card
2024-08-13,Mousepad,Accessories,North,18.99,1,C1855,Cash
2024-08-13,Power Bank,Accessories,West,119.97,3,C1913,Credit Card
2024-08-13,Desk Organizer,Office Supplies,West,119.96,4,C2376,Debit Card
2024-08-13,Mousepad,Accessories,North,19.99,1,C1432,Credit Card
2024-08-13,Webcam,Electronics,West,89.99,1,C1258,PayPal
2024-08-13,Laptop,Electronics,South,1299.99,1,C1348,PayPal
2024-08-13,Desk Organizer,Office Supplies,West,28.49,1,C1610,Credit Card
2024-08-13,LED Desk Lamp,Office Supplies,West,87.38,2,C2435,PayPal
2024-08-13,Mousepad,Accessories,North,19.99,1,C1212,Cash
2024-08-13,Monitor,Electronics,East,1329.96,4,C2022,Cash
2024-08-13,Desk Organizer,Office Supplies,North,149.95,5,C2151,Credit Card
2024-08-13,Mouse,Accessories,West,24.99,1,C1027,PayPal
2024-08-13,Tablet,Electronics,East,2499.95,5,C1977,Cash
2024-08-13,USB Cable,Accessories,South,12.99,1,C1753,Debit Card
2024-08-13,USB Cable,Accessories,North,64.95,5,C2040,PayPal
2024-08-13,Keyboard,Accessories,South,319.96,4,C2407,Cash
2024-08-13,Mouse,Accessories,East,23.74,1,C1489,Cash
2024-08-14,Headphones,Electronics,East,303.98,2,C1705,Credit Card
2024-08-14,Laptop,Electronics,South,1169.99,1,C1979,Debit Card
2024-08-14,Notebook,Office Supplies,East,9.49,1,C1564,Cash
2024-08-14,Notebook,Office Supplies,South,19.98,2,C1727,Debit Card
2024-08-14,Desk Organizer,Office Supplies,East,26.99,1,C2231,Cash
2024-08-14,Smartphone,Electronics,East,799.99,1,C1959,Cash
2024-08-14,Laptop,Electronics,West,1234.99,1,C2230,PayPal
2024-08-14,LED Desk Lamp,Office Supplies,West,91.98,2,C1845,Credit Card
2024-08-14,Mouse,Accessories,West,49.98,2,C1074,Cash
2024-08-14,Headphones,Electronics,West,287.98,2,C1399,PayPal
2024-08-14,Ergonomic Chair,Office Supplies,South,474.98,2,C1829,Debit Card
2024-08-14,Laptop,Electronics,North,2599.98,2,C1810,PayPal
2024-08-14,Smartphone,Electronics,South,799.99,1,C1917,PayPal
2024-08-14,Mouse,Accessories,East,24.99,1,C1693,PayPal
2024-08-14,Webcam,Electronics,East,89.99,1,C2179,Cash
2024-08-14,USB Cable,Accessories,East,12.99,1,C2280,Credit Card
2024-08-14,Smartphone,Electronics,South,799.99,1,C1694,Debit Card
2024-08-14,Notebook,Office Supplies,East,8.99,1,C1584,Credit Card
2024-08-14,Keyboard,Accessories,North,151.98,2,C2340,Debit Card
2024-08-14,LED Desk Lamp,Office Supplies,West,45.99,1,C1685,Credit Card
2024-08-14,Smartphone,Electronics,North,2279.97,3,C1206,Debit Card
2024-08-14,Tablet,Electronics,West,999.98,2,C1945,Debit Card
2024-08-14,LED Desk Lamp,Office Supplies,West,91.98,2,C1282,Cash
2024-08-14,Monitor,Electronics,East,314.99,1,C2416,Debit Card
2024-08-14,Ergonomic Chair,Office Supplies,North,224.99,1,C2171,Debit Card
2024-08-14,Notebook,Office Supplies,North,9.99,1,C1910,Credit Card
2024-08-14,LED Desk Lamp,Office Supplies,South,45.99,1,C1584,Cash
2024-08-14,Ergonomic Chair,Office Supplies,West,249.99,1,C2083,PayPal
2024-08-14,Smartphone,Electronics,East,1599.98,2,C1736,Cash
2024-08-14,Smartphone,Electronics,South,759.99,1,C1560,PayPal
2024-08-14,Tablet,Electronics,South,1799.96,4,C1401,Credit Card
2024-08-14,Monitor,Electronics,West,349.99,1,C1095,Cash
2024-08-14,Tablet,Electronics,North,499.99,1,C1570,PayPal
2024-08-14,LED Desk Lamp,Office Supplies,South,137.97,3,C1671,Cash
2024-08-14,Power Bank,Accessories,West,71.98,2,C1220,PayPal
2024-08-15,Mouse,Accessories,South,94.96,4,C1144,Credit Card
2024-08-15,USB Cable,Accessories,West,38.97,3,C1076,Cash
2024-08-15,Keyboard,Accessories,South,151.98,2,C1406,Cash
2024-08-15,Desk Organizer,Office Supplies,West,29.99,1,C2494,Credit Card
2024-08-15,Smartphone,Electronics,North,759.99,1,C2210,PayPal
2024-08-15,Power Bank,Accessories,South,119.97,3,C1867,Debit Card
2024-08-15,Tablet,Electronics,West,2374.95,5,C1640,PayPal
2024-08-15,Tablet,Electronics,South,999.98,2,C1644,Debit Card
2024-08-15,USB Cable,Accessories,North,12.34,1,C1458,PayPal
2024-08-15,LED Desk Lamp,Office Supplies,East,137.97,3,C1573,Cash
2024-08-15,LED Desk Lamp,Office Supplies,East,91.98,2,C1789,Debit Card
2024-08-15,Power Bank,Accessories,North,119.97,3,C1167,Cash
2024-08-15,LED Desk Lamp,Office Supplies,South,91.98,2,C1331,PayPal
2024-08-15,Ergonomic Chair,Office Supplies,South,224.99,1,C1647,Debit Card
2024-08-15,Ergonomic Chair,Office Supplies,West,237.49,1,C1634,Cash
2024-08-15,USB Cable,Accessories,East,12.99,1,C1345,PayPal
2024-08-15,Webcam,Electronics,West,89.99,1,C1539,PayPal
2024-08-15,Power Bank,Accessories,West,119.97,3,C2139,Debit Card
2024-08-15,Keyboard,Accessories,East,79.99,1,C1826,Debit Card
2024-08-15,Webcam,Electronics,East,179.98,2,C1338,Debit Card
2024-08-15,Headphones,Electronics,North,159.99,1,C1582,Debit Card
2024-08-15,Power Bank,Accessories,South,79.98,2,C2334,Debit Card
2024-08-15,LED Desk Lamp,Office Supplies,East,45.99,1,C2036,Credit Card
2024-08-15,Monitor,Electronics,East,332.49,1,C1328,Debit Card
2024-08-15,Mouse,Accessories,West,22.49,1,C1821,Cash
2024-08-15,Webcam,Electronics,North,89.99,1,C1717,PayPal
2024-08-15,Mouse,Accessories,East,24.99,1,C1968,Debit Card
2024-08-15,Desk Organizer,Office Supplies,East,119.96,4,C1458,Credit Card
2024-08-15,Headphones,Electronics,South,159.99,1,C1980,Credit Card
2024-08-16,Keyboard,Accessories,South,143.98,2,C2467,PayPal
2024-08-16,Headphones,Electronics,West,159.99,1,C1125,Cash
2024-08-16,Desk Organizer,Office Supplies,South,113.96,4,C1264,Debit Card
2024-08-16,LED Desk Lamp,Office Supplies,South,41.39,1,C1794,Credit Card
2024-08-16,LED Desk Lamp,Office Supplies,South,45.99,1,C1175,Debit Card
2024-08-16,Power Bank,Accessories,North,39.99,1,C1522,Cash
2024-08-16,Mouse,Accessories,West,47.48,2,C2398,PayPal
2024-08-16,Tablet,Electronics,West,499.99,1,C1370,Credit Card
2024-08-16,Power Bank,Accessories,West,119.97,3,C2415,PayPal
2024-08-16,Laptop,Electronics,North,5199.96,4,C1206,PayPal
2024-08-16,Mousepad,Accessories,North,59.97,3,C1544,Credit Card
2024-08-16,Power Bank,Accessories,South,39.99,1,C2410,PayPal
2024-08-16,Headphones,Electronics,East,575.96,4,C1022,PayPal
2024-08-16,Monitor,Electronics,North,699.98,2,C1463,Debit Card
2024-08-16,Webcam,Electronics,North,80.99,1,C1370,Credit Card
2024-08-16,USB Cable,Accessories,West,12.99,1,C1247,Cash
2024-08-16,Headphones,Electronics,South,287.98,2,C1078,Cash
2024-08-16,USB Cable,Accessories,West,25.98,2,C2452,Debit Card
2024-08-16,Mousepad,Accessories,West,39.98,2,C2075,Cash
2024-08-16,LED Desk Lamp,Office Supplies,West,45.99,1,C2123,Debit Card
2024-08-16,USB Cable,Accessories,South,12.99,1,C2335,Credit Card
2024-08-16,Smartphone,Electronics,South,759.99,1,C2270,PayPal
2024-08-16,Smartphone,Electronics,East,1599.98,2,C1897,PayPal
2024-08-16,Mousepad,Accessories,North,89.95,5,C1112,Cash
2024-08-16,Desk Organizer,Office Supplies,South,29.99,1,C1155,Debit Card
2024-08-16,Webcam,Electronics,East,269.97,3,C1790,PayPal
2024-08-16,Ergonomic Chair,Office Supplies,North,1124.96,5,C2300,Debit Card
2024-08-16,Laptop,Electronics,North,1299.99,1,C2138,Debit Card
2024-08-17,Laptop,Electronics,North,1299.99,1,C1942,Cash
2024-08-17,Laptop,Electronics,South,2599.98,2,C1795,PayPal
2024-08-17,Ergonomic Chair,Office Supplies,West,449.98,2,C1973,PayPal
2024-08-17,Smartphone,Electronics,South,799.99,1,C1022,Debit Card
2024-08-17,Laptop,Electronics,West,1299.99,1,C2490,Cash
2024-08-17,Webcam,Electronics,East,179.98,2,C1094,PayPal
2024-08-17,Desk Organizer,Office Supplies,North,59.98,2,C1958,Cash
2024-08-17,Power Bank,Accessories,South,75.98,2,C1054,Cash
2024-08-17,Notebook,Office Supplies,South,9.99,1,C2098,Debit Card
2024-08-17,Mousepad,Accessories,West,18.99,1,C2406,Debit Card
2024-08-17,Power Bank,Accessories,West,39.99,1,C1688,Credit Card
2024-08-17,LED Desk Lamp,Office Supplies,West,41.39,1,C1108,PayPal
2024-08-17,USB Cable,Accessories,North,12.99,1,C1763,Cash
2024-08-17,Headphones,Electronics,South,319.98,2,C1754,Debit Card
2024-08-17,LED Desk Lamp,Office Supplies,North,43.69,1,C1962,Debit Card
2024-08-17,Desk Organizer,Office Supplies,North,142.45,5,C1072,Credit Card
2024-08-17,Webcam,Electronics,South,85.49,1,C2234,Debit Card
2024-08-17,Keyboard,Accessories,West,79.99,1,C2242,PayPal
2024-08-17,Headphones,Electronics,East,159.99,1,C1538,Credit Card
2024-08-17,Keyboard,Accessories,South,79.99,1,C1621,Cash
2024-08-17,USB Cable,Accessories,West,12.99,1,C1715,PayPal
2024-08-17,Webcam,Electronics,East,89.99,1,C1082,Cash
2024-08-17,Webcam,Electronics,South,80.99,1,C2372,PayPal
2024-08-17,Power Bank,Accessories,North,79.98,2,C1273,Debit Card
2024-08-17,Smartphone,Electronics,South,1439.98,2,C1836,Credit Card
2024-08-17,Desk Organizer,Office Supplies,North,29.99,1,C2072,Credit Card
2024-08-17,Mouse,Accessories,South,24.99,1,C2160,Debit Card
2024-08-17,LED Desk Lamp,Office Supplies,North,45.99,1,C2136,Credit Card
2024-08-18,Webcam,Electronics,East,89.99,1,C2482,Credit Card
2024-08-18,Headphones,Electronics,South,159.99,1,C2104,Cash
2024-08-18,Notebook,Office Supplies,North,35.96,4,C1492,Debit Card
2024-08-18,Ergonomic Chair,Office Supplies,North,249.99,1,C1077,PayPal
2024-08-18,Mousepad,Accessories,East,39.98,2,C1239,Cash
2024-08-18,Ergonomic Chair,Office Supplies,East,249.99,1,C2142,Debit Card
2024-08-18,Mouse,Accessories,East,67.47,3,C1173,Cash
2024-08-18,Webcam,Electronics,North,170.98,2,C1081,PayPal
2024-08-18,Notebook,Office Supplies,East,29.97,3,C2030,Credit Card
2024-08-18,Power Bank,Accessories,East,37.99,1,C1365,Cash
2024-08-18,Keyboard,Accessories,North,79.99,1,C1136,Credit Card
2024-08-18,Mouse,Accessories,South,24.99,1,C2380,Credit Card
2024-08-18,Notebook,Office Supplies,South,9.99,1,C1150,Cash
2024-08-18,Smartphone,Electronics,West,1599.98,2,C1984,PayPal
2024-08-18,USB Cable,Accessories,West,12.99,1,C1124,Credit Card
2024-08-18,Monitor,Electronics,West,349.99,1,C2422,PayPal
2024-08-18,Webcam,Electronics,West,179.98,2,C1814,Credit Card
2024-08-18,Desk Organizer,Office Supplies,South,29.99,1,C2489,PayPal
2024-08-18,Laptop,Electronics,South,1299.99,1,C1224,PayPal
2024-08-18,Desk Organizer,Office Supplies,South,28.49,1,C1393,Debit Card
2024-08-18,Headphones,Electronics,West,159.99,1,C2367,PayPal
2024-08-18,Desk Organizer,Office Supplies,West,59.98,2,C2131,Debit Card
2024-08-18,Ergonomic Chair,Office Supplies,West,224.99,1,C1938,Credit Card
2024-08-18,Desk Organizer,Office Supplies,North,29.99,1,C1350,Debit Card
2024-08-18,Notebook,Office Supplies,South,28.47,3,C1817,Cash
2024-08-18,Ergonomic Chair,Office Supplies,South,749.97,3,C1635,Debit Card
2024-08-18,Mousepad,Accessories,South,89.95,5,C2087,Credit Card
2024-08-18,Ergonomic Chair,Office Supplies,East,249.99,1,C1960,Cash
2024-08-18,LED Desk Lamp,Office Supplies,North,174.76,4,C1476,Debit Card
2024-08-18,Smartphone,Electronics,North,799.99,1,C1710,PayPal
2024-08-18,Headphones,Electronics,North,303.98,2,C2312,Cash
2024-08-18,Webcam,Electronics,South,179.98,2,C1055,Credit Card
2024-08-18,Headphones,Electronics,West,151.99,1,C2356,PayPal
2024-08-18,USB Cable,Accessories,North,11.69,1,C1486,PayPal
2024-08-19,Mousepad,Accessories,East,39.98,2,C1990,Credit Card
2024-08-19,Notebook,Office Supplies,West,19.98,2,C1781,Credit Card
2024-08-19,Mouse,Accessories,East,24.99,1,C2150,Cash
2024-08-19,Ergonomic Chair,Office Supplies,South,749.97,3,C1797,Debit Card
2024-08-19,Mousepad,Accessories,South,17.99,1,C2123,Credit Card
2024-08-19,Monitor,Electronics,West,349.99,1,C1611,Debit Card
2024-08-19,Headphones,Electronics,East,287.98,2,C1573,Debit Card
2024-08-19,Mousepad,Accessories,South,19.99,1,C2194,PayPal
2024-08-19,Tablet,Electronics,North,474.99,1,C1916,Debit Card
2024-08-19,Webcam,Electronics,East,179.98,2,C1366,Debit Card
2024-08-19,Mouse,Accessories,North,23.74,1,C2019,Credit Card
2024-08-19,Desk Organizer,Office Supplies,West,29.99,1,C1867,PayPal
2024-08-19,Tablet,Electronics,South,999.98,2,C1797,PayPal
2024-08-19,Monitor,Electronics,North,332.49,1,C1681,Credit Card
2024-08-19,Laptop,Electronics,East,1299.99,1,C2329,Debit Card
2024-08-19,Keyboard,Accessories,East,79.99,1,C1609,PayPal
2024-08-19,Keyboard,Accessories,North,159.98,2,C2487,Cash
2024-08-19,Notebook,Office Supplies,South,9.99,1,C1627,Debit Card
2024-08-19,Smartphone,Electronics,North,799.99,1,C1783,Cash
2024-08-19,USB Cable,Accessories,East,25.98,2,C1586,Credit Card
2024-08-19,USB Cable,Accessories,East,25.98,2,C1747,Cash
2024-08-19,Notebook,Office Supplies,East,9.49,1,C1719,Credit Card
2024-08-19,Headphones,Electronics,East,287.98,2,C2430,Debit Card
2024-08-19,Ergonomic Chair,Office Supplies,North,249.99,1,C1007,Cash
2024-08-19,Power Bank,Accessories,North,75.98,2,C2252,Debit Card
2024-08-19,Notebook,Office Supplies,North,9.99,1,C1090,PayPal
2024-08-20,Tablet,Electronics,South,949.98,2,C1045,Cash
2024-08-20,USB Cable,Accessories,North,12.99,1,C1516,PayPal
2024-08-20,Tablet,Electronics,North,1499.97,3,C2261,PayPal
2024-08-20,Keyboard,Accessories,East,79.99,1,C2181,Debit Card
2024-08-20,Mouse,Accessories,East,24.99,1,C1711,Debit Card
2024-08-20,Keyboard,Accessories,South,287.96,4,C1425,PayPal
2024-08-20,Ergonomic Chair,Office Supplies,West,224.99,1,C1876,Cash
2024-08-20,Monitor,Electronics,North,629.98,2,C2101,Debit Card
2024-08-20,Power Bank,Accessories,North,151.96,4,C1915,PayPal
2024-08-20,LED Desk Lamp,Office Supplies,South,45.99,1,C1578,Credit Card
2024-08-20,LED Desk Lamp,Office Supplies,West,43.69,1,C1381,Cash
2024-08-20,Ergonomic Chair,Office Supplies,North,499.98,2,C2274,Cash
2024-08-20,LED Desk Lamp,Office Supplies,North,45.99,1,C1255,Debit Card
2024-08-20,Laptop,Electronics,East,1299.99,1,C2298,Debit Card
2024-08-20,LED Desk Lamp,Office Supplies,South,45.99,1,C1773,PayPal
2024-08-20,Mouse,Accessories,North,89.96,4,C1341,Credit Card
2024-08-20,Ergonomic Chair,Office Supplies,North,249.99,1,C2404,Cash
2024-08-20,Ergonomic Chair,Office Supplies,South,249.99,1,C1620,PayPal
2024-08-20,Mouse,Accessories,East,24.99,1,C2031,Cash
2024-08-20,Webcam,Electronics,East,89.99,1,C2054,Credit Card
2024-08-20,Smartphone,Electronics,West,1439.98,2,C2270,Debit Card
2024-08-20,Desk Organizer,Office Supplies,South,56.98,2,C1600,Credit Card
2024-08-20,Mousepad,Accessories,West,39.98,2,C2467,Cash
2024-08-20,Smartphone,Electronics,South,1599.98,2,C1044,Credit Card
2024-08-20,LED Desk Lamp,Office Supplies,South,45.99,1,C1721,Credit Card
2024-08-20,Monitor,Electronics,South,349.99,1,C1241,Credit Card
2024-08-20,Power Bank,Accessories,North,39.99,1,C2363,Debit Card
2024-08-20,Desk Organizer,Office Supplies,West,119.96,4,C2089,PayPal
2024-08-20,Webcam,Electronics,East,170.98,2,C2472,Credit Card
2024-08-20,Tablet,Electronics,West,449.99,1,C2145,Cash
2024-08-20,Power Bank,Accessories,West,159.96,4,C1208,Debit Card
2024-08-20,Monitor,Electronics,North,629.98,2,C1344,PayPal
2024-08-20,Ergonomic Chair,Office Supplies,South,249.99,1,C1643,Credit Card
2024-08-20,Desk Organizer,Office Supplies,North,29.99,1,C1198,Credit Card
2024-08-20,Laptop,Electronics,South,6499.95,5,C2203,Cash
2024-08-21,Laptop,Electronics,North,2599.98,2,C1171,PayPal
2024-08-21,Ergonomic Chair,Office Supplies,East,224.99,1,C1350,PayPal
2024-08-21,Headphones,Electronics,West,159.99,1,C1830,Debit Card
2024-08-21,Mousepad,Accessories,South,37.98,2,C1217,Credit Card
2024-08-21,Desk Organizer,Office Supplies,North,107.96,4,C2476,Debit Card
2024-08-21,Mouse,Accessories,South,24.99,1,C1604,Debit Card
2024-08-21,USB Cable,Accessories,West,12.34,1,C1081,Debit Card
2024-08-21,USB Cable,Accessories,South,12.99,1,C2076,Credit Card
2024-08-21,Monitor,Electronics,South,997.47,3,C1874,Debit Card
2024-08-21,Notebook,Office Supplies,West,19.98,2,C1306,Debit Card
2024-08-21,Desk Organizer,Office Supplies,North,80.97,3,C1234,Cash
2024-08-21,Webcam,Electronics,West,256.47,3,C2280,PayPal
2024-08-21,Power Bank,Accessories,West,39.99,1,C2439,PayPal
2024-08-21,Laptop,Electronics,South,1299.99,1,C1118,PayPal
2024-08-21,Ergonomic Chair,Office Supplies,West,949.96,4,C1702,Cash
2024-08-21,Monitor,Electronics,East,314.99,1,C2088,Debit Card
2024-08-21,Mouse,Accessories,West,47.48,2,C1403,Debit Card
2024-08-21,Mousepad,Accessories,South,39.98,2,C2013,Cash
2024-08-21,Keyboard,Accessories,West,79.99,1,C1264,Debit Card
2024-08-21,Notebook,Office Supplies,South,9.99,1,C2396,Credit Card
2024-08-21,Ergonomic Chair,Office Supplies,North,249.99,1,C1662,Debit Card
2024-08-22,Tablet,Electronics,West,999.98,2,C2217,Cash
2024-08-22,Desk Organizer,Office Supplies,West,26.99,1,C2044,Cash
2024-08-22,Mousepad,Accessories,South,79.96,4,C1352,Debit Card
2024-08-22,Tablet,Electronics,North,949.98,2,C2419,Cash
2024-08-22,Mouse,Accessories,North,24.99,1,C1205,Credit Card
2024-08-22,Laptop,Electronics,West,2339.98,2,C2296,PayPal
2024-08-22,Power Bank,Accessories,North,39.99,1,C1629,Credit Card
2024-08-22,Webcam,Electronics,South,80.99,1,C2396,Debit Card
2024-08-22,Desk Organizer,Office Supplies,East,29.99,1,C1102,Cash
2024-08-22,Laptop,Electronics,East,1169.99,1,C2479,Cash
2024-08-22,Smartphone,Electronics,West,719.99,1,C1025,PayPal
2024-08-22,Keyboard,Accessories,South,79.99,1,C1484,Credit Card
2024-08-22,Keyboard,Accessories,East,71.99,1,C1039,Debit Card
2024-08-22,Webcam,Electronics,North,89.99,1,C1345,PayPal
2024-08-22,Desk Organizer,Office Supplies,North,29.99,1,C2123,Cash
2024-08-22,Mousepad,Accessories,West,37.98,2,C1573,Debit Card
2024-08-22,USB Cable,Accessories,North,12.99,1,C2310,Credit Card
2024-08-22,LED Desk Lamp,Office Supplies,West,229.95,5,C1690,Debit Card
2024-08-22,Webcam,Electronics,East,85.49,1,C1863,Credit Card
2024-08-22,Desk Organizer,Office Supplies,South,29.99,1,C1597,PayPal
2024-08-22,Monitor,Electronics,West,349.99,1,C1944,Credit Card
2024-08-22,Monitor,Electronics,East,1749.95,5,C1442,Debit Card
2024-08-22,Mouse,Accessories,South,24.99,1,C1432,Debit Card
2024-08-22,Headphones,Electronics,East,143.99,1,C2407,Credit Card
2024-08-23,Desk Organizer,Office Supplies,East,89.97,3,C1807,Credit Card
2024-08-23,Keyboard,Accessories,South,79.99,1,C1891,Cash
2024-08-23,Monitor,Electronics,North,664.98,2,C1524,PayPal
2024-08-23,Notebook,Office Supplies,West,29.97,3,C2371,Credit Card
2024-08-23,Smartphone,Electronics,East,799.99,1,C2001,PayPal
2024-08-23,Smartphone,Electronics,East,7999.9,10,C1062,Credit Card
2024-08-23,Tablet,Electronics,East,499.99,1,C2173,Debit Card
2024-08-23,Desk Organizer,Office Supplies,South,53.98,2,C1923,Credit Card
2024-08-23,LED Desk Lamp,Office Supplies,South,41.39,1,C2239,Cash
2024-08-23,Webcam,Electronics,West,179.98,2,C1593,Credit Card
2024-08-23,USB Cable,Accessories,West,11.69,1,C2330,Debit Card
2024-08-23,Headphones,Electronics,West,303.98,2,C1822,PayPal
2024-08-23,Notebook,Office Supplies,West,9.99,1,C2288,Debit Card
2024-08-23,Smartphone,Electronics,South,759.99,1,C1272,Debit Card
2024-08-23,LED Desk Lamp,Office Supplies,South,174.76,4,C2112,Credit Card
2024-08-23,Mouse,Accessories,West,22.49,1,C1422,PayPal
2024-08-23,LED Desk Lamp,Office Supplies,West,91.98,2,C2076,Cash
2024-08-23,Desk Organizer,Office Supplies,West,53.98,2,C2184,Debit Card
2024-08-24,LED Desk Lamp,Office Supplies,South,137.97,3,C1688,Credit Card
2024-08-24,Mousepad,Accessories,West,19.99,1,C1490,Debit Card
2024-08-24,Notebook,Office Supplies,East,9.99,1,C1953,Credit Card
2024-08-24,Keyboard,Accessories,East,319.96,4,C1739,Cash
2024-08-24,Laptop,Electronics,South,2469.98,2,C1241,PayPal
2024-08-24,Laptop,Electronics,East,1299.99,1,C1338,Credit Card
2024-08-24,Power Bank,Accessories,West,39.99,1,C2093,Cash
2024-08-24,Mousepad,Accessories,South,19.99,1,C2217,Debit Card
2024-08-24,LED Desk Lamp,Office Supplies,West,45.99,1,C1972,PayPal
2024-08-24,Power Bank,Accessories,North,35.99,1,C2041,Cash
2024-08-24,Tablet,Electronics,West,999.98,2,C1412,Credit Card
2024-08-24,Mouse,Accessories,West,22.49,1,C1887,Debit Card
2024-08-24,Notebook,Office Supplies,East,39.96,4,C2481,Cash
2024-08-24,Notebook,Office Supplies,West,39.96,4,C2422,PayPal
2024-08-24,Notebook,Office Supplies,North,19.98,2,C2065,Cash
2024-08-24,Monitor,Electronics,East,314.99,1,C1218,Cash
2024-08-24,Mouse,Accessories,West,23.74,1,C2389,Debit Card
2024-08-24,Webcam,Electronics,East,80.99,1,C1226,Credit Card
2024-08-24,LED Desk Lamp,Office Supplies,North,43.69,1,C1249,Cash
2024-08-24,Desk Organizer,Office Supplies,West,26.99,1,C2197,Cash
2024-08-24,Smartphone,Electronics,West,719.99,1,C2179,PayPal
2024-08-24,Mouse,Accessories,West,47.48,2,C2343,PayPal
2024-08-24,Mouse,Accessories,East,49.98,2,C2138,Credit Card
2024-08-24,Tablet,Electronics,West,449.99,1,C2341,Cash
2024-08-24,Mouse,Accessories,West,24.99,1,C1088,PayPal
2024-08-24,Headphones,Electronics,East,799.95,5,C1321,Debit Card
2024-08-24,Headphones,Electronics,North,159.99,1,C1082,Credit Card
2024-08-24,Tablet,Electronics,West,499.99,1,C2400,PayPal
2024-08-25,LED Desk Lamp,Office Supplies,East,45.99,1,C2480,Cash
2024-08-25,Power Bank,Accessories,North,189.95,5,C2040,Debit Card
2024-08-25,Smartphone,Electronics,North,799.99,1,C1536,Debit Card
2024-08-25,Keyboard,Accessories,East,143.98,2,C2279,Debit Card
2024-08-25,Mouse,Accessories,East,47.48,2,C1991,Cash
2024-08-25,Smartphone,Electronics,South,799.99,1,C1767,PayPal
2024-08-25,Mouse,Accessories,North,24.99,1,C1925,PayPal
2024-08-25,LED Desk Lamp,Office Supplies,West,91.98,2,C1392,Debit Card
2024-08-25,Notebook,Office Supplies,West,9.99,1,C2397,Credit Card
2024-08-25,LED Desk Lamp,Office Supplies,West,82.78,2,C1548,Credit Card
2024-08-25,Notebook,Office Supplies,West,8.99,1,C2358,PayPal
2024-08-25,LED Desk Lamp,Office Supplies,East,137.97,3,C1310,Cash
2024-08-25,LED Desk Lamp,Office Supplies,North,45.99,1,C1058,Cash
2024-08-25,Notebook,Office Supplies,South,29.97,3,C2100,Credit Card
2024-08-25,Mousepad,Accessories,West,17.99,1,C2371,PayPal
2024-08-25,Notebook,Office Supplies,North,9.99,1,C1022,Cash
2024-08-25,Monitor,Electronics,West,349.99,1,C1090,Cash
2024-08-25,LED Desk Lamp,Office Supplies,North,82.78,2,C1369,PayPal
2024-08-25,Monitor,Electronics,North,314.99,1,C2001,Debit Card
2024-08-25,LED Desk Lamp,Office Supplies,East,91.98,2,C1753,Credit Card
2024-08-25,Ergonomic Chair,Office Supplies,West,499.98,2,C1874,Cash
2024-08-25,Desk Organizer,Office Supplies,North,29.99,1,C1857,Cash
2024-08-25,Mousepad,Accessories,South,35.98,2,C2192,Credit Card
2024-08-25,Monitor,Electronics,North,332.49,1,C1913,Credit Card
2024-08-25,Ergonomic Chair,Office Supplies,West,224.99,1,C2137,Debit Card
2024-08-25,USB Cable,Accessories,East,25.98,2,C1991,PayPal
2024-08-26,Keyboard,Accessories,West,75.99,1,C1742,Debit Card
2024-08-26,Mousepad,Accessories,West,39.98,2,C1737,PayPal
2024-08-26,Power Bank,Accessories,East,71.98,2,C1635,PayPal
2024-08-26,Mousepad,Accessories,North,56.97,3,C2306,Cash
2024-08-26,Desk Organizer,Office Supplies,East,28.49,1,C1157,Credit Card
2024-08-26,Notebook,Office Supplies,East,17.98,2,C1492,Credit Card
2024-08-26,Ergonomic Chair,Office Supplies,West,249.99,1,C1392,Cash
2024-08-26,Keyboard,Accessories,East,151.98,2,C2427,Credit Card
2024-08-26,Notebook,Office Supplies,East,18.98,2,C1796,Credit Card
2024-08-26,LED Desk Lamp,Office Supplies,North,45.99,1,C1178,Cash
2024-08-26,Headphones,Electronics,East,319.98,2,C1291,PayPal
2024-08-26,Notebook,Office Supplies,North,9.99,1,C2358,Debit Card
2024-08-26,Desk Organizer,Office Supplies,East,56.98,2,C1622,Cash
2024-08-26,Notebook,Office Supplies,West,8.99,1,C1792,Cash
2024-08-26,Smartphone,Electronics,South,799.99,1,C1804,Debit Card
2024-08-26,Power Bank,Accessories,South,75.98,2,C2350,Credit Card
2024-08-26,Ergonomic Chair,Office Supplies,East,249.99,1,C2472,Credit Card
2024-08-26,Headphones,Electronics,East,1279.92,8,C1779,Debit Card
2024-08-26,USB Cable,Accessories,North,12.99,1,C1062,Cash
2024-08-26,Monitor,Electronics,South,699.98,2,C1009,Debit Card
2024-08-26,USB Cable,Accessories,East,12.99,1,C1067,PayPal
2024-08-26,Notebook,Office Supplies,North,9.99,1,C2371,Debit Card
2024-08-26,LED Desk Lamp,Office Supplies,East,91.98,2,C1931,Debit Card
2024-08-27,LED Desk Lamp,Office Supplies,North,91.98,2,C1408,PayPal
2024-08-27,Power Bank,Accessories,West,39.99,1,C1689,PayPal
2024-08-27,Ergonomic Chair,Office Supplies,East,1249.95,5,C2472,PayPal
2024-08-27,LED Desk Lamp,Office Supplies,West,45.99,1,C2423,Credit Card
2024-08-27,Notebook,Office Supplies,West,9.99,1,C1527,Cash
2024-08-27,Notebook,Office Supplies,South,9.99,1,C1217,Cash
2024-08-27,Power Bank,Accessories,East,119.97,3,C1560,Cash
2024-08-27,Desk Organizer,Office Supplies,North,85.47,3,C1872,Debit Card
2024-08-27,LED Desk Lamp,Office Supplies,South,206.96,5,C1368,Debit Card
2024-08-27,Mousepad,Accessories,South,39.98,2,C1570,Debit Card
2024-08-27,Tablet,Electronics,East,474.99,1,C2099,Debit Card
2024-08-27,Headphones,Electronics,South,151.99,1,C1951,Debit Card
2024-08-27,Mouse,Accessories,East,22.49,1,C2041,PayPal
2024-08-27,Laptop,Electronics,East,2599.98,2,C1291,Debit Card
2024-08-27,Ergonomic Chair,Office Supplies,South,249.99,1,C1029,Credit Card
2024-08-27,Mouse,Accessories,West,23.74,1,C2402,Debit Card
2024-08-27,Mouse,Accessories,North,47.48,2,C1974,PayPal
2024-08-27,Ergonomic Chair,Office Supplies,East,499.98,2,C1070,Debit Card
2024-08-27,Desk Organizer,Office Supplies,North,29.99,1,C1935,Cash
2024-08-27,LED Desk Lamp,Office Supplies,West,91.98,2,C1396,Debit Card
2024-08-27,Notebook,Office Supplies,North,9.49,1,C1146,PayPal
2024-08-27,Smartphone,Electronics,West,6399.92,8,C1401,Debit Card
2024-08-27,Power Bank,Accessories,North,35.99,1,C1616,Credit Card
2024-08-28,USB Cable,Accessories,East,12.99,1,C1926,Debit Card
2024-08-28,Smartphone,Electronics,East,799.99,1,C1802,Debit Card
2024-08-28,Tablet,Electronics,West,2499.95,5,C2194,Cash
2024-08-28,Monitor,Electronics,South,1049.97,3,C1529,Debit Card
2024-08-28,Tablet,Electronics,West,999.98,2,C2130,Cash
2024-08-28,USB Cable,Accessories,North,11.69,1,C2126,PayPal
2024-08-28,Power Bank,Accessories,South,75.98,2,C1483,Cash
2024-08-28,USB Cable,Accessories,West,38.97,3,C2051,Credit Card
2024-08-28,Notebook,Office Supplies,South,17.98,2,C1433,Debit Card
2024-08-28,USB Cable,Accessories,South,11.69,1,C1381,Debit Card
2024-08-28,LED Desk Lamp,Office Supplies,South,41.39,1,C2169,PayPal
2024-08-28,Webcam,Electronics,West,89.99,1,C1798,Cash
2024-08-28,Mouse,Accessories,North,24.99,1,C1442,PayPal
2024-08-28,Tablet,Electronics,West,449.99,1,C1307,Credit Card
2024-08-28,Mousepad,Accessories,East,17.99,1,C1762,Debit Card
2024-08-28,Notebook,Office Supplies,South,39.96,4,C2367,PayPal
2024-08-28,Smartphone,Electronics,West,1599.98,2,C1288,Credit Card
2024-08-28,LED Desk Lamp,Office Supplies,South,87.38,2,C1635,PayPal
2024-08-28,Mousepad,Accessories,East,19.99,1,C2481,Cash
2024-08-28,Monitor,Electronics,North,332.49,1,C1181,Cash
2024-08-28,Mouse,Accessories,North,49.98,2,C1113,Credit Card
2024-08-28,Mouse,Accessories,South,24.99,1,C1511,Credit Card
2024-08-28,Smartphone,Electronics,South,719.99,1,C2232,Cash
2024-08-28,Mousepad,Accessories,North,19.99,1,C1013,Credit Card
2024-08-28,Headphones,Electronics,South,287.98,2,C1163,Credit Card
2024-08-29,LED Desk Lamp,Office Supplies,West,82.78,2,C1794,PayPal
2024-08-29,USB Cable,Accessories,East,12.99,1,C2045,PayPal
2024-08-29,Monitor,Electronics,East,349.99,1,C1392,Debit Card
2024-08-29,Monitor,Electronics,North,699.98,2,C1175,PayPal
2024-08-29,Notebook,Office Supplies,North,18.98,2,C2326,Credit Card
2024-08-29,Headphones,Electronics,South,159.99,1,C2041,PayPal
2024-08-29,USB Cable,Accessories,East,64.95,5,C2132,PayPal
2024-08-29,Tablet,Electronics,East,1899.96,4,C2327,Credit Card
2024-08-29,Power Bank,Accessories,South,35.99,1,C2087,PayPal
2024-08-29,Webcam,Electronics,East,179.98,2,C1362,Credit Card
2024-08-29,Keyboard,Accessories,West,759.9,10,C2124,Debit Card
2024-08-29,LED Desk Lamp,Office Supplies,North,43.69,1,C1760,Credit Card
2024-08-29,Notebook,Office Supplies,South,9.49,1,C1862,Cash
2024-08-29,Desk Organizer,Office Supplies,South,26.99,1,C1088,Debit Card
2024-08-29,LED Desk Lamp,Office Supplies,North,174.76,4,C1443,Cash
2024-08-29,Monitor,Electronics,West,1049.97,3,C1886,Debit Card
2024-08-29,Webcam,Electronics,South,85.49,1,C2177,Debit Card
2024-08-29,Desk Organizer,Office Supplies,West,28.49,1,C1972,PayPal
2024-08-29,Webcam,Electronics,East,85.49,1,C1926,Debit Card
2024-08-29,Tablet,Electronics,North,999.98,2,C2108,Credit Card
2024-08-29,Webcam,Electronics,East,85.49,1,C1364,Credit Card
2024-08-29,Desk Organizer,Office Supplies,West,56.98,2,C1859,Debit Card
2024-08-29,Laptop,Electronics,East,1169.99,1,C1367,Cash
2024-08-29,Mousepad,Accessories,West,19.99,1,C1749,Credit Card
2024-08-30,LED Desk Lamp,Office Supplies,North,45.99,1,C1517,Credit Card
2024-08-30,Tablet,Electronics,South,1499.97,3,C2261,Credit Card
2024-08-30,Desk Organizer,Office Supplies,North,56.98,2,C1623,PayPal
2024-08-30,Notebook,Office Supplies,North,9.99,1,C1632,Cash
2024-08-30,LED Desk Lamp,Office Supplies,South,91.98,2,C1858,PayPal
2024-08-30,Tablet,Electronics,East,474.99,1,C1586,Cash
2024-08-30,Webcam,Electronics,West,242.97,3,C2339,PayPal
2024-08-30,USB Cable,Accessories,East,24.68,2,C1318,PayPal
2024-08-30,Laptop,Electronics,North,1299.99,1,C1338,Credit Card
2024-08-30,LED Desk Lamp,Office Supplies,East,41.39,1,C2051,PayPal
2024-08-30,Keyboard,Accessories,South,79.99,1,C2008,Credit Card
2024-08-30,USB Cable,Accessories,North,35.07,3,C1831,Cash
2024-08-30,Monitor,Electronics,West,349.99,1,C2028,Cash
2024-08-30,LED Desk Lamp,Office Supplies,West,45.99,1,C1985,Cash
2024-08-30,Power Bank,Accessories,South,159.96,4,C1457,Cash
2024-08-30,Monitor,Electronics,West,349.99,1,C1042,PayPal
2024-08-30,Laptop,Electronics,South,1234.99,1,C1225,Cash
2024-08-30,Monitor,Electronics,South,699.98,2,C1886,PayPal
2024-08-30,Desk Organizer,Office Supplies,East,29.99,1,C1617,Cash
2024-08-30,Mousepad,Accessories,West,19.99,1,C2248,Debit Card
2024-08-30,Smartphone,Electronics,East,759.99,1,C2377,PayPal
2024-08-30,LED Desk Lamp,Office Supplies,East,43.69,1,C1497,Cash
2024-08-30,Ergonomic Chair,Office Supplies,East,237.49,1,C1869,Cash
2024-08-30,Webcam,Electronics,West,89.99,1,C2387,Credit Card
2024-08-30,Mousepad,Accessories,North,39.98,2,C1812,PayPal
2024-08-30,LED Desk Lamp,Office Supplies,South,45.99,1,C2291,Debit Card
2024-08-30,Desk Organizer,Office Supplies,South,29.99,1,C1416,PayPal
2024-08-30,LED Desk Lamp,Office Supplies,East,82.78,2,C2394,Credit Card
2024-08-30,Mousepad,Accessories,West,19.99,1,C1646,PayPal
2024-08-30,Smartphone,Electronics,South,799.99,1,C2100,Debit Card
2024-08-30,LED Desk Lamp,Office Supplies,North,45.99,1,C1608,Credit Card
2024-08-30,Webcam,Electronics,East,89.99,1,C1688,PayPal
2024-08-30,Notebook,Office Supplies,West,9.99,1,C1021,Credit Card
2024-08-30,Headphones,Electronics,East,575.96,4,C2201,Debit Card
2024-08-30,Notebook,Office Supplies,North,29.97,3,C1171,Credit Card
2024-08-30,USB Cable,Accessories,East,25.98,2,C1656,PayPal
2024-08-30,Mousepad,Accessories,North,19.99,1,C1566,Cash
2024-08-30,Power Bank,Accessories,West,79.98,2,C1264,Cash
2024-08-30,Notebook,Office Supplies,East,8.99,1,C2316,Credit Card
2024-08-31,Notebook,Office Supplies,West,9.99,1,C1310,Debit Card
2024-08-31,Notebook,Office Supplies,East,8.99,1,C1580,Cash
2024-08-31,Ergonomic Chair,Office Supplies,North,499.98,2,C1926,Cash
2024-08-31,LED Desk Lamp,Office Supplies,North,45.99,1,C1268,PayPal
2024-08-31,Mousepad,Accessories,West,19.99,1,C1755,PayPal
2024-08-31,LED Desk Lamp,Office Supplies,North,218.45,5,C1237,Debit Card
2024-08-31,Mousepad,Accessories,East,39.98,2,C2020,Credit Card
2024-08-31,Smartphone,Electronics,East,2399.97,3,C2099,PayPal
2024-08-31,USB Cable,Accessories,East,25.98,2,C1499,Debit Card
2024-08-31,Notebook,Office Supplies,East,29.97,3,C2266,Credit Card
2024-08-31,Desk Organizer,Office Supplies,West,29.99,1,C1797,Credit Card
2024-08-31,USB Cable,Accessories,East,25.98,2,C1984,Credit Card
2024-08-31,Keyboard,Accessories,East,151.98,2,C2084,Cash
2024-08-31,Desk Organizer,Office Supplies,East,113.96,4,C1744,Cash
2024-08-31,Desk Organizer,Office Supplies,North,29.99,1,C2211,Cash
2024-08-31,Desk Organizer,Office Supplies,South,29.99,1,C1946,PayPal
2024-08-31,Ergonomic Chair,Office Supplies,West,749.97,3,C1558,Debit Card
2024-08-31,Headphones,Electronics,South,1279.92,8,C1068,PayPal
2024-08-31,Headphones,Electronics,West,159.99,1,C1092,Credit Card
2024-08-31,Ergonomic Chair,Office Supplies,West,249.99,1,C1385,Credit Card
2024-08-31,Monitor,Electronics,South,349.99,1,C2416,Credit Card
2024-08-31,Keyboard,Accessories,East,79.99,1,C1328,PayPal
2024-08-31,Mouse,Accessories,South,24.99,1,C1529,Credit Card
2024-08-31,Mousepad,Accessories,West,17.99,1,C1272,Credit Card
2024-08-31,Mouse,Accessories,East,24.99,1,C1323,Credit Card
2024-08-31,Tablet,Electronics,North,499.99,1,C2166,Cash
2024-08-31,LED Desk Lamp,Office Supplies,North,91.98,2,C1577,Credit Card
2024-08-31,Mouse,Accessories,East,22.49,1,C2240,Credit Card
2024-08-31,Mouse,Accessories,South,49.98,2,C1856,Credit Card
2024-08-31,LED Desk Lamp,Office Supplies,East,131.07,3,C2025,Cash
2024-08-31,LED Desk Lamp,Office Supplies,West,87.38,2,C2405,Debit Card
2024-08-31,USB Cable,Accessories,North,12.99,1,C1628,PayPal
2024-09-01,Ergonomic Chair,Office Supplies,North,249.99,1,C1703,Debit Card
2024-09-01,Mouse,Accessories,West,71.22,3,C1515,Debit Card
2024-09-01,Desk Organizer,Office Supplies,East,29.99,1,C1671,Debit Card
2024-09-01,Mouse,Accessories,East,24.99,1,C1075,PayPal
2024-09-01,Mouse,Accessories,North,22.49,1,C2363,Credit Card
2024-09-01,Mouse,Accessories,West,74.97,3,C1474,Credit Card
2024-09-01,Power Bank,Accessories,North,71.98,2,C1788,Cash
2024-09-01,Desk Organizer,Office Supplies,West,28.49,1,C2322,Debit Card
2024-09-01,Tablet,Electronics,North,999.98,2,C1452,Credit Card
2024-09-01,Notebook,Office Supplies,East,8.99,1,C1196,PayPal
2024-09-01,Notebook,Office Supplies,South,9.99,1,C2282,Debit Card
2024-09-01,Desk Organizer,Office Supplies,East,59.98,2,C2027,Debit Card
2024-09-01,Webcam,Electronics,North,170.98,2,C1536,Cash
2024-09-01,USB Cable,Accessories,South,12.99,1,C1274,Credit Card
2024-09-01,Notebook,Office Supplies,West,47.45,5,C1267,PayPal
2024-09-01,Webcam,Electronics,South,161.98,2,C2339,Debit Card
2024-09-01,Mousepad,Accessories,East,35.98,2,C1498,Cash
2024-09-01,Webcam,Electronics,North,89.99,1,C1333,Debit Card
2024-09-01,USB Cable,Accessories,North,25.98,2,C1648,PayPal
2024-09-01,Keyboard,Accessories,East,71.99,1,C1839,Cash
2024-09-01,Monitor,Electronics,South,699.98,2,C1020,Credit Card
2024-09-01,Tablet,Electronics,East,949.98,2,C2322,Debit Card
2024-09-01,LED Desk Lamp,Office Supplies,West,45.99,1,C1060,Debit Card
2024-09-01,Power Bank,Accessories,West,79.98,2,C1699,Credit Card
2024-09-01,Power Bank,Accessories,East,37.99,1,C1460,Debit Card
2024-09-01,Ergonomic Chair,Office Supplies,West,1999.92,8,C1985,Debit Card
2024-09-01,Desk Organizer,Office Supplies,East,29.99,1,C1440,Cash
2024-09-02,Webcam,Electronics,North,170.98,2,C1481,Cash
2024-09-02,Power Bank,Accessories,North,75.98,2,C2111,Cash
2024-09-02,Power Bank,Accessories,South,79.98,2,C2206,Credit Card
2024-09-02,Monitor,Electronics,East,1749.95,5,C1282,Credit Card
2024-09-02,Ergonomic Chair,Office Supplies,North,249.99,1,C1158,Credit Card
2024-09-02,USB Cable,Accessories,West,12.99,1,C1508,PayPal
2024-09-02,Laptop,Electronics,South,1299.99,1,C1378,Credit Card
2024-09-02,Headphones,Electronics,North,319.98,2,C1643,Debit Card
2024-09-02,Mousepad,Accessories,South,39.98,2,C1167,Cash
2024-09-02,Power Bank,Accessories,East,119.97,3,C2119,PayPal
2024-09-02,Desk Organizer,Office Supplies,South,26.99,1,C1044,Credit Card
2024-09-02,Webcam,Electronics,West,179.98,2,C1772,PayPal
2024-09-02,Power Bank,Accessories,South,35.99,1,C2223,Debit Card
2024-09-02,Power Bank,Accessories,East,119.97,3,C2130,Credit Card
2024-09-02,Ergonomic Chair,Office Supplies,West,237.49,1,C1792,Cash
2024-09-02,Monitor,Electronics,West,332.49,1,C1203,PayPal
2024-09-02,Ergonomic Chair,Office Supplies,South,474.98,2,C2357,PayPal
2024-09-02,Desk Organizer,Office Supplies,East,89.97,3,C2138,Credit Card
2024-09-02,LED Desk Lamp,Office Supplies,South,91.98,2,C1273,Credit Card
2024-09-02,Desk Organizer,Office Supplies,South,89.97,3,C1349,Credit Card
2024-09-02,LED Desk Lamp,Office Supplies,North,137.97,3,C2409,Cash
2024-09-02,Power Bank,Accessories,North,79.98,2,C1521,Cash
2024-09-02,Headphones,Electronics,South,479.97,3,C2193,Cash
2024-09-02,Desk Organizer,Office Supplies,North,89.97,3,C1462,PayPal
2024-09-02,LED Desk Lamp,Office Supplies,South,45.99,1,C1590,Cash
2024-09-02,Headphones,Electronics,South,151.99,1,C1777,PayPal
2024-09-02,Headphones,Electronics,South,151.99,1,C1387,Cash
2024-09-02,USB Cable,Accessories,West,25.98,2,C1392,PayPal
2024-09-03,Smartphone,Electronics,South,759.99,1,C1444,Cash
2024-09-03,Desk Organizer,Office Supplies,South,29.99,1,C1391,Credit Card
2024-09-03,Webcam,Electronics,South,89.99,1,C1220,Debit Card
2024-09-03,Desk Organizer,Office Supplies,East,59.98,2,C1449,Cash
2024-09-03,Tablet,Electronics,West,474.99,1,C1595,Cash
2024-09-03,USB Cable,Accessories,East,12.34,1,C2490,PayPal
2024-09-03,Keyboard,Accessories,West,159.98,2,C1382,PayPal
2024-09-03,Ergonomic Chair,Office Supplies,North,224.99,1,C1724,PayPal
2024-09-03,Keyboard,Accessories,North,75.99,1,C1772,Credit Card
2024-09-03,Notebook,Office Supplies,South,9.49,1,C1158,Debit Card
2024-09-03,Ergonomic Chair,Office Supplies,South,249.99,1,C1481,Debit Card
2024-09-03,Power Bank,Accessories,South,107.97,3,C2282,Credit Card
2024-09-03,Keyboard,Accessories,West,71.99,1,C1528,Cash
2024-09-03,Desk Organizer,Office Supplies,North,29.99,1,C1707,Cash
2024-09-03,Mousepad,Accessories,East,35.98,2,C1578,Credit Card
2024-09-03,Mousepad,Accessories,East,59.97,3,C1720,PayPal
2024-09-03,Webcam,Electronics,West,161.98,2,C1027,Cash
2024-09-03,Laptop,Electronics,North,1299.99,1,C2077,Cash
2024-09-03,Desk Organizer,Office Supplies,West,59.98,2,C1974,PayPal
2024-09-03,Monitor,Electronics,South,1329.96,4,C1911,Cash
2024-09-03,Webcam,Electronics,East,89.99,1,C1649,Cash
2024-09-03,Mousepad,Accessories,West,19.99,1,C2152,PayPal
2024-09-03,Laptop,Electronics,East,5849.95,5,C1188,Credit Card
2024-09-03,LED Desk Lamp,Office Supplies,West,45.99,1,C2051,PayPal
2024-09-03,Mousepad,Accessories,North,99.95,5,C2079,Cash
2024-09-03,Desk Organizer,Office Supplies,North,53.98,2,C1163,Credit Card
2024-09-03,Keyboard,Accessories,South,159.98,2,C1656,Credit Card
2024-09-03,Mousepad,Accessories,South,59.97,3,C2013,Cash
2024-09-03,Webcam,Electronics,South,359.96,4,C1481,Cash
2024-09-03,Mouse,Accessories,East,24.99,1,C1281,Credit Card
2024-09-03,Monitor,Electronics,West,699.98,2,C1373,Debit Card
2024-09-03,LED Desk Lamp,Office Supplies,North,91.98,2,C1781,Debit Card
2024-09-03,LED Desk Lamp,Office Supplies,South,45.99,1,C2439,Debit Card
2024-09-03,LED Desk Lamp,Office Supplies,South,41.39,1,C1355,Debit Card
2024-09-03,Power Bank,Accessories,West,199.95,5,C2317,Debit Card
2024-09-04,Tablet,Electronics,North,499.99,1,C2052,Credit Card
2024-09-04,USB Cable,Accessories,East,12.34,1,C2164,Credit Card
2024-09-04,Headphones,Electronics,North,287.98,2,C1712,Cash
2024-09-04,Notebook,Office Supplies,North,9.99,1,C2333,Debit Card
2024-09-04,Ergonomic Chair,Office Supplies,North,249.99,1,C2367,Cash
2024-09-04,LED Desk Lamp,Office Supplies,North,41.39,1,C2456,Debit Card
2024-09-04,Mouse,Accessories,North,24.99,1,C1423,PayPal
2024-09-04,Webcam,Electronics,North,80.99,1,C1939,Cash
2024-09-04,Tablet,Electronics,North,449.99,1,C2338,PayPal
2024-09-04,LED Desk Lamp,Office Supplies,East,45.99,1,C1016,Credit Card
2024-09-04,Laptop,Electronics,North,1169.99,1,C2439,Cash
2024-09-04,Headphones,Electronics,South,159.99,1,C1911,Cash
2024-09-04,USB Cable,Accessories,East,25.98,2,C2203,PayPal
2024-09-04,Notebook,Office Supplies,North,9.99,1,C1238,Credit Card
2024-09-04,Ergonomic Chair,Office Supplies,West,237.49,1,C1089,Credit Card
2024-09-04,USB Cable,Accessories,West,25.98,2,C1767,PayPal
2024-09-04,Notebook,Office Supplies,North,17.98,2,C1730,Cash
2024-09-04,LED Desk Lamp,Office Supplies,West,91.98,2,C1642,Cash
2024-09-04,Ergonomic Chair,Office Supplies,South,449.98,2,C1580,Credit Card
2024-09-04,Laptop,Electronics,East,3509.97,3,C1723,PayPal
2024-09-04,Power Bank,Accessories,South,39.99,1,C1656,Debit Card
2024-09-04,Headphones,Electronics,East,479.97,3,C1978,Cash
2024-09-04,Power Bank,Accessories,West,79.98,2,C1913,Credit Card
2024-09-04,Ergonomic Chair,Office Supplies,North,237.49,1,C1714,Credit Card
2024-09-04,USB Cable,Accessories,West,12.99,1,C1248,Debit Card
2024-09-04,Desk Organizer,Office Supplies,North,59.98,2,C2495,PayPal
2024-09-04,Mouse,Accessories,South,71.22,3,C1129,Debit Card
2024-09-04,Mouse,Accessories,West,23.74,1,C2410,Credit Card
2024-09-04,Smartphone,Electronics,West,719.99,1,C2411,Credit Card
2024-09-04,Webcam,Electronics,West,89.99,1,C1787,Cash
2024-09-04,Desk Organizer,Office Supplies,West,28.49,1,C2021,Debit Card
2024-09-04,Notebook,Office Supplies,East,9.99,1,C2024,Debit Card
2024-09-04,Notebook,Office Supplies,West,9.99,1,C2057,Cash
2024-09-04,Notebook,Office Supplies,North,9.99,1,C1323,Cash
2024-09-04,Headphones,Electronics,East,719.96,5,C1357,Credit Card
2024-09-05,Ergonomic Chair,Office Supplies,East,712.47,3,C1096,Credit Card
2024-09-05,Mouse,Accessories,North,47.48,2,C2462,Cash
2024-09-05,Notebook,Office Supplies,North,39.96,4,C2214,Debit Card
2024-09-05,Keyboard,Accessories,North,79.99,1,C2147,Credit Card
2024-09-05,Ergonomic Chair,Office Supplies,West,899.96,4,C1016,Credit Card
2024-09-05,Smartphone,Electronics,East,719.99,1,C1590,Cash
2024-09-05,Laptop,Electronics,West,3899.97,3,C2391,PayPal
2024-09-05,Notebook,Office Supplies,East,35.96,4,C2473,Credit Card
2024-09-05,USB Cable,Accessories,West,49.36,4,C2138,Credit Card
2024-09-05,Power Bank,Accessories,North,79.98,2,C1571,Debit Card
2024-09-05,Mouse,Accessories,West,47.48,2,C1280,Cash
2024-09-05,Power Bank,Accessories,South,39.99,1,C1185,Debit Card
2024-09-05,Headphones,Electronics,South,159.99,1,C1986,Debit Card
2024-09-05,Desk Organizer,Office Supplies,East,29.99,1,C2098,Debit Card
2024-09-05,Webcam,Electronics,East,89.99,1,C1033,Debit Card
2024-09-05,Notebook,Office Supplies,West,19.98,2,C1599,Cash
2024-09-05,Headphones,Electronics,North,479.97,3,C2218,Cash
2024-09-05,LED Desk Lamp,Office Supplies,South,87.38,2,C1012,Debit Card
2024-09-05,Smartphone,Electronics,East,2399.97,3,C1978,Cash
2024-09-05,Keyboard,Accessories,North,159.98,2,C2343,Credit Card
2024-09-05,Tablet,Electronics,North,449.99,1,C1298,PayPal
2024-09-05,Desk Organizer,Office Supplies,North,28.49,1,C2237,Credit Card
2024-09-05,Monitor,Electronics,South,1049.97,3,C1100,Debit Card
2024-09-05,Power Bank,Accessories,West,35.99,1,C2406,PayPal
2024-09-06,Laptop,Electronics,North,1299.99,1,C2201,Credit Card
2024-09-06,Mouse,Accessories,North,49.98,2,C2064,PayPal
2024-09-06,Power Bank,Accessories,West,39.99,1,C1127,Cash
2024-09-06,Ergonomic Chair,Office Supplies,North,249.99,1,C1770,Cash
2024-09-06,Keyboard,Accessories,East,239.97,3,C1432,Debit Card
2024-09-06,Monitor,Electronics,North,332.49,1,C1096,PayPal
2024-09-06,Tablet,Electronics,East,499.99,1,C1173,Credit Card
2024-09-06,Keyboard,Accessories,North,79.99,1,C1073,Credit Card
2024-09-06,Mousepad,Accessories,West,53.97,3,C1038,Credit Card
2024-09-06,Keyboard,Accessories,East,159.98,2,C1155,Credit Card
2024-09-06,Tablet,Electronics,West,999.98,2,C2172,Cash
2024-09-06,Webcam,Electronics,West,242.97,3,C1229,Debit Card
2024-09-06,Notebook,Office Supplies,North,9.99,1,C1395,Cash
2024-09-06,USB Cable,Accessories,South,24.68,2,C1906,Debit Card
2024-09-06,Ergonomic Chair,Office Supplies,North,237.49,1,C1195,PayPal
2024-09-06,Mouse,Accessories,East,49.98,2,C1837,Debit Card
2024-09-06,Laptop,Electronics,North,1299.99,1,C1366,Debit Card
2024-09-06,Notebook,Office Supplies,South,18.98,2,C1476,Credit Card
2024-09-06,Webcam,Electronics,South,80.99,1,C1197,PayPal
2024-09-06,Keyboard,Accessories,East,75.99,1,C2363,Credit Card
2024-09-06,USB Cable,Accessories,North,12.34,1,C2480,Cash
2024-09-06,Smartphone,Electronics,East,759.99,1,C1464,PayPal
2024-09-06,Laptop,Electronics,South,1234.99,1,C1922,PayPal
2024-09-06,Power Bank,Accessories,West,37.99,1,C1949,PayPal
2024-09-06,Power Bank,Accessories,South,107.97,3,C2110,PayPal
2024-09-06,Desk Organizer,Office Supplies,North,80.97,3,C1351,Cash
2024-09-07,Headphones,Electronics,South,303.98,2,C1566,Cash
2024-09-07,Mouse,Accessories,East,24.99,1,C1413,PayPal
2024-09-07,Webcam,Electronics,North,89.99,1,C1192,Credit Card
2024-09-07,Smartphone,Electronics,East,799.99,1,C1157,Credit Card
2024-09-07,LED Desk Lamp,Office Supplies,North,41.39,1,C1787,PayPal
2024-09-07,Headphones,Electronics,West,455.97,3,C1847,Debit Card
2024-09-07,Keyboard,Accessories,West,227.97,3,C2335,Debit Card
2024-09-07,LED Desk Lamp,Office Supplies,East,91.98,2,C1198,PayPal
2024-09-07,Mouse,Accessories,West,49.98,2,C2006,Cash
2024-09-07,USB Cable,Accessories,North,51.96,4,C1517,Cash
2024-09-07,Mousepad,Accessories,South,39.98,2,C2417,Credit Card
2024-09-07,Power Bank,Accessories,West,75.98,2,C1642,Cash
2024-09-07,Notebook,Office Supplies,West,26.97,3,C1632,PayPal
2024-09-07,Laptop,Electronics,South,1299.99,1,C1944,Debit Card
2024-09-07,Laptop,Electronics,North,3704.97,3,C1599,Credit Card
2024-09-07,LED Desk Lamp,Office Supplies,South,45.99,1,C2028,Cash
2024-09-07,USB Cable,Accessories,North,46.76,4,C2365,Debit Card
2024-09-07,USB Cable,Accessories,East,12.99,1,C1133,Cash
2024-09-07,USB Cable,Accessories,South,25.98,2,C2100,Cash
2024-09-07,Smartphone,Electronics,North,2399.97,3,C2404,Credit Card
2024-09-07,USB Cable,Accessories,South,24.68,2,C2149,Cash
2024-09-07,Webcam,Electronics,West,85.49,1,C1970,Credit Card
2024-09-07,Monitor,Electronics,South,1749.95,5,C1107,Credit Card
2024-09-07,Ergonomic Chair,Office Supplies,East,237.49,1,C1522,Cash
2024-09-07,Tablet,Electronics,East,999.98,2,C1926,Credit Card
2024-09-07,Smartphone,Electronics,North,799.99,1,C2417,Cash
2024-09-07,Smartphone,Electronics,North,1439.98,2,C1059,Credit Card
2024-09-07,USB Cable,Accessories,East,25.98,2,C1565,Credit Card
2024-09-08,Tablet,Electronics,West,474.99,1,C1112,PayPal
2024-09-08,Mouse,Accessories,North,24.99,1,C1951,PayPal
2024-09-08,Ergonomic Chair,Office Supplies,North,749.97,3,C2077,PayPal
2024-09-08,Laptop,Electronics,East,1299.99,1,C2130,Credit Card
2024-09-08,Headphones,Electronics,North,143.99,1,C2256,PayPal
2024-09-08,Webcam,Electronics,North,89.99,1,C1112,Debit Card
2024-09-08,Power Bank,Accessories,West,39.99,1,C1714,PayPal
2024-09-08,Monitor,Electronics,East,349.99,1,C1489,PayPal
2024-09-08,Power Bank,Accessories,North,39.99,1,C1312,Credit Card
2024-09-08,Ergonomic Chair,Office Supplies,South,249.99,1,C1132,Cash
2024-09-08,Power Bank,Accessories,South,35.99,1,C1447,PayPal
2024-09-08,Headphones,Electronics,South,159.99,1,C1323,Debit Card
2024-09-08,Desk Organizer,Office Supplies,East,28.49,1,C1559,PayPal
2024-09-08,LED Desk Lamp,Office Supplies,South,131.07,3,C2105,PayPal
2024-09-08,Smartphone,Electronics,East,799.99,1,C2098,Debit Card
2024-09-08,Power Bank,Accessories,South,79.98,2,C1033,Credit Card
2024-09-08,Laptop,Electronics,West,3704.97,3,C1624,PayPal
2024-09-08,Webcam,Electronics,East,179.98,2,C1147,Debit Card
2024-09-08,Laptop,Electronics,East,2339.98,2,C1309,Credit Card
2024-09-08,Webcam,Electronics,South,89.99,1,C1171,Cash
2024-09-08,Desk Organizer,Office Supplies,West,53.98,2,C1810,Cash
2024-09-08,Mouse,Accessories,North,47.48,2,C2308,Debit Card
2024-09-08,Ergonomic Chair,Office Supplies,North,249.99,1,C2019,PayPal
2024-09-08,Desk Organizer,Office Supplies,North,59.98,2,C2167,Cash
2024-09-08,Monitor,Electronics,West,349.99,1,C1458,Debit Card
2024-09-08,Keyboard,Accessories,South,71.99,1,C1837,Credit Card
2024-09-08,Monitor,Electronics,South,1049.97,3,C1783,Debit Card
2024-09-08,Notebook,Office Supplies,West,9.49,1,C1128,Cash
2024-09-08,Power Bank,Accessories,South,189.95,5,C1864,Debit Card
2024-09-09,Headphones,Electronics,West,319.98,2,C1407,PayPal
2024-09-09,Tablet,Electronics,South,449.99,1,C2031,PayPal
2024-09-09,Headphones,Electronics,North,287.98,2,C2158,PayPal
2024-09-09,Ergonomic Chair,Office Supplies,North,499.98,2,C1209,PayPal
2024-09-09,Power Bank,Accessories,South,37.99,1,C1527,PayPal
2024-09-09,Desk Organizer,Office Supplies,West,53.98,2,C2442,Cash
2024-09-09,Monitor,Electronics,West,664.98,2,C1081,Cash
2024-09-09,Desk Organizer,Office Supplies,East,28.49,1,C1263,Debit Card
2024-09-09,Desk Organizer,Office Supplies,East,59.98,2,C1582,Debit Card
2024-09-09,Desk Organizer,Office Supplies,West,59.98,2,C2177,Credit Card
2024-09-09,Smartphone,Electronics,South,719.99,1,C2027,Cash
2024-09-09,Mouse,Accessories,West,47.48,2,C1067,Debit Card
2024-09-09,Smartphone,Electronics,South,719.99,1,C1418,Debit Card
2024-09-09,Smartphone,Electronics,West,1439.98,2,C1410,Credit Card
2024-09-09,Laptop,Electronics,North,1234.99,1,C1466,Credit Card
2024-09-09,Laptop,Electronics,South,4939.96,4,C1796,Cash
2024-09-09,Webcam,Electronics,West,80.99,1,C2179,Debit Card
2024-09-09,LED Desk Lamp,Office Supplies,East,91.98,2,C1686,Cash
2024-09-09,Mouse,Accessories,West,24.99,1,C1653,PayPal
2024-09-09,Mouse,Accessories,South,224.91,10,C1725,Credit Card
2024-09-09,Ergonomic Chair,Office Supplies,North,499.98,2,C1053,Credit Card
2024-09-09,Mousepad,Accessories,East,79.96,4,C2278,PayPal
2024-09-09,LED Desk Lamp,Office Supplies,North,137.97,3,C2187,Cash
2024-09-09,Desk Organizer,Office Supplies,East,29.99,1,C1168,PayPal
2024-09-09,Headphones,Electronics,East,143.99,1,C1555,Debit Card
2024-09-09,Mouse,Accessories,South,44.98,2,C2291,Cash
2024-09-09,Mousepad,Accessories,West,19.99,1,C1210,Cash
2024-09-09,LED Desk Lamp,Office Supplies,North,45.99,1,C1952,Cash
2024-09-09,Smartphone,Electronics,East,3199.96,4,C1238,Cash
2024-09-09,Laptop,Electronics,East,1299.99,1,C1660,Debit Card
2024-09-10,Laptop,Electronics,East,4679.96,4,C1355,PayPal
2024-09-10,Ergonomic Chair,Office Supplies,South,249.99,1,C1752,Debit Card
2024-09-10,Ergonomic Chair,Office Supplies,South,224.99,1,C1163,Debit Card
2024-09-10,Monitor,Electronics,South,349.99,1,C2344,Credit Card
2024-09-10,Monitor,Electronics,North,1049.97,3,C1194,Cash
2024-09-10,Smartphone,Electronics,East,2879.96,4,C1612,Credit Card
2024-09-10,Mousepad,Accessories,South,19.99,1,C1178,Cash
2024-09-10,Monitor,Electronics,West,2799.92,8,C1097,Credit Card
2024-09-10,Power Bank,Accessories,East,35.99,1,C2463,Cash
2024-09-10,Power Bank,Accessories,West,39.99,1,C1939,Credit Card
2024-09-10,USB Cable,Accessories,North,25.98,2,C1610,Debit Card
2024-09-10,Power Bank,Accessories,South,75.98,2,C1432,Debit Card
2024-09-10,Notebook,Office Supplies,East,29.97,3,C2336,Credit Card
2024-09-10,Desk Organizer,Office Supplies,North,119.96,4,C1672,Cash
2024-09-10,Notebook,Office Supplies,East,19.98,2,C2169,PayPal
2024-09-10,Mousepad,Accessories,West,19.99,1,C1811,Cash
2024-09-10,Desk Organizer,Office Supplies,East,26.99,1,C2408,Cash
2024-09-10,USB Cable,Accessories,South,64.95,5,C1243,Cash
2024-09-10,Headphones,Electronics,East,1279.92,8,C1994,Cash
2024-09-10,Mousepad,Accessories,East,37.98,2,C1423,Cash
2024-09-10,Desk Organizer,Office Supplies,South,89.97,3,C1380,Cash
2024-09-10,Laptop,Electronics,South,1169.99,1,C2410,Cash
2024-09-10,Power Bank,Accessories,North,39.99,1,C2138,PayPal
2024-09-10,Monitor,Electronics,South,944.97,3,C2194,Debit Card
2024-09-10,USB Cable,Accessories,North,12.34,1,C1300,Debit Card
2024-09-10,Monitor,Electronics,North,699.98,2,C2246,Cash
2024-09-10,Mousepad,Accessories,East,39.98,2,C2280,PayPal
2024-09-10,Notebook,Office Supplies,North,9.49,1,C2190,Credit Card
2024-09-10,Keyboard,Accessories,West,239.97,3,C1442,Debit Card
2024-09-10,Ergonomic Chair,Office Supplies,East,224.99,1,C1142,Cash
2024-09-10,Desk Organizer,Office Supplies,West,29.99,1,C1607,Cash
2024-09-10,Desk Organizer,Office Supplies,West,53.98,2,C1435,PayPal
2024-09-10,Keyboard,Accessories,South,399.95,5,C2297,Cash
2024-09-10,Tablet,Electronics,North,999.98,2,C2392,Cash
2024-09-10,Monitor,Electronics,East,1749.95,5,C1026,Credit Card
2024-09-11,USB Cable,Accessories,South,12.99,1,C2305,PayPal
2024-09-11,Smartphone,Electronics,South,759.99,1,C1035,Cash
2024-09-11,Headphones,Electronics,West,455.97,3,C2055,PayPal
2024-09-11,Ergonomic Chair,Office Supplies,West,249.99,1,C1102,Credit Card
2024-09-11,Mouse,Accessories,West,24.99,1,C1789,Cash
2024-09-11,Notebook,Office Supplies,South,8.99,1,C1609,Cash
2024-09-11,Tablet,Electronics,East,499.99,1,C1286,Cash
2024-09-11,Smartphone,Electronics,South,2159.97,3,C2417,Cash
2024-09-11,Mousepad,Accessories,East,19.99,1,C1342,Debit Card
2024-09-11,Ergonomic Chair,Office Supplies,East,449.98,2,C1108,Cash
2024-09-11,Keyboard,Accessories,West,227.97,3,C2176,Credit Card
2024-09-11,Power Bank,Accessories,East,79.98,2,C1410,Cash
2024-09-11,USB Cable,Accessories,North,25.98,2,C1470,Cash
2024-09-11,Desk Organizer,Office Supplies,West,29.99,1,C1137,Credit Card
2024-09-11,Tablet,Electronics,West,999.98,2,C1286,Credit Card
2024-09-11,Monitor,Electronics,North,349.99,1,C1271,Cash
2024-09-11,Mousepad,Accessories,South,18.99,1,C1328,Debit Card
2024-09-11,Keyboard,Accessories,East,151.98,2,C2221,Debit Card
2024-09-11,Notebook,Office Supplies,West,29.97,3,C1531,Debit Card
2024-09-11,Power Bank,Accessories,East,39.99,1,C2449,Cash
2024-09-11,Monitor,Electronics,North,699.98,2,C1408,PayPal
2024-09-11,USB Cable,Accessories,North,12.99,1,C2394,PayPal
2024-09-11,Headphones,Electronics,East,607.96,4,C2123,Cash
2024-09-11,Headphones,Electronics,North,143.99,1,C1899,PayPal
2024-09-11,Desk Organizer,Office Supplies,South,29.99,1,C1942,Debit Card
2024-09-11,Mousepad,Accessories,North,39.98,2,C1412,Cash
2024-09-11,Keyboard,Accessories,South,79.99,1,C2033,Cash
2024-09-11,Webcam,Electronics,West,179.98,2,C2274,Debit Card
2024-09-12,Mousepad,Accessories,East,75.96,4,C1476,PayPal
2024-09-12,Smartphone,Electronics,East,2399.97,3,C1514,Credit Card
2024-09-12,Desk Organizer,Office Supplies,North,29.99,1,C2237,Credit Card
2024-09-12,Notebook,Office Supplies,West,19.98,2,C2487,Credit Card
2024-09-12,Tablet,Electronics,South,499.99,1,C1919,Debit Card
2024-09-12,Webcam,Electronics,East,89.99,1,C1799,Cash
2024-09-12,Webcam,Electronics,North,179.98,2,C1949,Cash
2024-09-12,Power Bank,Accessories,North,37.99,1,C1115,Debit Card
2024-09-12,USB Cable,Accessories,South,12.99,1,C1870,Credit Card
2024-09-12,Keyboard,Accessories,South,79.99,1,C2398,Cash
2024-09-12,LED Desk Lamp,Office Supplies,North,229.95,5,C1528,Credit Card
2024-09-12,LED Desk Lamp,Office Supplies,North,41.39,1,C1692,Credit Card
2024-09-12,Power Bank,Accessories,West,39.99,1,C1701,Cash
2024-09-12,Smartphone,Electronics,East,3599.95,5,C1123,Debit Card
2024-09-12,Power Bank,Accessories,West,79.98,2,C2479,Debit Card
2024-09-12,USB Cable,Accessories,West,12.99,1,C1053,PayPal
2024-09-12,Power Bank,Accessories,West,71.98,2,C2007,PayPal
2024-09-12,Ergonomic Chair,Office Supplies,South,249.99,1,C1472,Cash
2024-09-12,USB Cable,Accessories,North,93.53,8,C1211,Cash
2024-09-12,Mouse,Accessories,North,24.99,1,C1199,Cash
2024-09-12,Desk Organizer,Office Supplies,West,89.97,3,C1779,PayPal
2024-09-13,Smartphone,Electronics,West,759.99,1,C2447,PayPal
2024-09-13,Notebook,Office Supplies,North,9.99,1,C1306,PayPal
2024-09-13,Desk Organizer,Office Supplies,West,53.98,2,C2110,Credit Card
2024-09-13,USB Cable,Accessories,West,12.99,1,C2249,PayPal
2024-09-13,Notebook,Office Supplies,East,19.98,2,C1982,Debit Card
2024-09-13,Headphones,Electronics,South,319.98,2,C1538,Debit Card
2024-09-13,Mousepad,Accessories,South,94.95,5,C1222,PayPal
2024-09-13,Desk Organizer,Office Supplies,North,89.97,3,C2482,PayPal
2024-09-13,Monitor,Electronics,West,349.99,1,C2447,Cash
2024-09-13,Ergonomic Chair,Office Supplies,East,499.98,2,C1761,PayPal
2024-09-13,Desk Organizer,Office Supplies,North,149.95,5,C1880,Cash
2024-09-13,Monitor,Electronics,North,1749.95,5,C1445,Debit Card
2024-09-13,Mouse,Accessories,East,99.96,4,C1024,Cash
2024-09-13,Desk Organizer,Office Supplies,West,26.99,1,C1102,PayPal
2024-09-13,Power Bank,Accessories,East,113.97,3,C1842,Debit Card
2024-09-13,Desk Organizer,Office Supplies,East,85.47,3,C2093,Debit Card
2024-09-13,USB Cable,Accessories,North,23.38,2,C1590,PayPal
2024-09-13,Notebook,Office Supplies,South,8.99,1,C1563,PayPal
2024-09-14,Laptop,Electronics,North,1299.99,1,C1801,Debit Card
2024-09-14,Desk Organizer,Office Supplies,East,56.98,2,C1126,Cash
2024-09-14,Mouse,Accessories,South,94.96,4,C1444,Credit Card
2024-09-14,USB Cable,Accessories,West,38.97,3,C1673,Credit Card
2024-09-14,Monitor,Electronics,East,332.49,1,C1258,Debit Card
2024-09-14,Laptop,Electronics,East,5849.95,5,C2286,Cash
2024-09-14,Ergonomic Chair,Office Supplies,West,749.97,3,C2187,Cash
2024-09-14,Headphones,Electronics,South,303.98,2,C2097,Credit Card
2024-09-14,Keyboard,Accessories,North,79.99,1,C1753,Debit Card
2024-09-14,LED Desk Lamp,Office Supplies,East,43.69,1,C1913,Credit Card
2024-09-14,Monitor,Electronics,East,349.99,1,C1489,Cash
2024-09-14,Desk Organizer,Office Supplies,West,29.99,1,C1212,PayPal
2024-09-14,Notebook,Office Supplies,North,9.99,1,C1077,PayPal
2024-09-14,Ergonomic Chair,Office Supplies,North,749.97,3,C1984,Cash
2024-09-14,Mouse,Accessories,North,24.99,1,C1905,Cash
2024-09-14,Ergonomic Chair,Office Supplies,West,749.97,3,C1245,Cash
2024-09-14,Mousepad,Accessories,West,19.99,1,C2079,Debit Card
2024-09-14,Desk Organizer,Office Supplies,South,29.99,1,C2476,Debit Card
2024-09-14,Notebook,Office Supplies,North,29.97,3,C2365,Credit Card
2024-09-14,Ergonomic Chair,Office Supplies,South,499.98,2,C1893,PayPal
2024-09-14,Power Bank,Accessories,North,37.99,1,C1669,Cash
2024-09-14,Ergonomic Chair,Office Supplies,West,499.98,2,C2475,Credit Card
2024-09-14,Mousepad,Accessories,East,19.99,1,C1758,Credit Card
2024-09-14,Headphones,Electronics,East,159.99,1,C1717,Credit Card
2024-09-14,USB Cable,Accessories,East,38.97,3,C1097,Credit Card
2024-09-14,Keyboard,Accessories,North,71.99,1,C1442,PayPal
2024-09-14,Desk Organizer,Office Supplies,East,29.99,1,C1864,Debit Card
2024-09-14,Tablet,Electronics,South,449.99,1,C1600,Cash
2024-09-14,Desk Organizer,Office Supplies,East,59.98,2,C2427,PayPal
2024-09-15,Webcam,Electronics,South,85.49,1,C1322,PayPal
2024-09-15,Ergonomic Chair,Office Supplies,East,474.98,2,C2323,PayPal
2024-09-15,Notebook,Office Supplies,West,44.96,5,C2370,Debit Card
2024-09-15,Laptop,Electronics,South,1299.99,1,C2018,Credit Card
2024-09-15,Laptop,Electronics,North,1234.99,1,C2449,PayPal
2024-09-15,Webcam,Electronics,East,359.96,4,C1719,Credit Card
2024-09-15,LED Desk Lamp,Office Supplies,East,45.99,1,C2275,Cash
2024-09-15,Mousepad,Accessories,North,59.97,3,C1353,Debit Card
2024-09-15,Desk Organizer,Office Supplies,South,28.49,1,C1103,Debit Card
2024-09-15,Mousepad,Accessories,North,17.99,1,C1540,Cash
2024-09-15,Headphones,Electronics,South,639.96,4,C1496,Cash
2024-09-15,Mousepad,Accessories,West,19.99,1,C1787,Cash
2024-09-15,USB Cable,Accessories,North,25.98,2,C1990,Cash
2024-09-15,Ergonomic Chair,Office Supplies,South,474.98,2,C1086,Credit Card
2024-09-15,Smartphone,Electronics,West,2399.97,3,C2133,PayPal
2024-09-15,LED Desk Lamp,Office Supplies,South,91.98,2,C1686,PayPal
2024-09-15,Mousepad,Accessories,East,59.97,3,C2394,Credit Card
2024-09-15,Keyboard,Accessories,West,399.95,5,C2127,Debit Card
2024-09-15,Mouse,Accessories,North,44.98,2,C1430,Debit Card
2024-09-15,Smartphone,Electronics,North,2399.97,3,C2285,Debit Card
2024-09-15,Notebook,Office Supplies,West,9.99,1,C1310,PayPal
2024-09-15,Mouse,Accessories,North,24.99,1,C2217,Cash
2024-09-15,LED Desk Lamp,Office Supplies,North,82.78,2,C1506,Cash
2024-09-15,Mousepad,Accessories,West,17.99,1,C1720,PayPal
2024-09-15,Tablet,Electronics,East,899.98,2,C2421,Credit Card
2024-09-15,Tablet,Electronics,North,499.99,1,C1661,Credit Card
2024-09-16,Ergonomic Chair,Office Supplies,North,249.99,1,C1700,Cash
2024-09-16,Mouse,Accessories,North,24.99,1,C2169,Debit Card
2024-09-16,Smartphone,Electronics,East,799.99,1,C1467,Credit Card
2024-09-16,Mousepad,Accessories,West,18.99,1,C2393,Debit Card
2024-09-16,Power Bank,Accessories,East,39.99,1,C2136,PayPal
2024-09-16,USB Cable,Accessories,South,11.69,1,C1509,Debit Card
2024-09-16,Notebook,Office Supplies,North,19.98,2,C1923,Cash
2024-09-16,LED Desk Lamp,Office Supplies,East,41.39,1,C1755,Debit Card
2024-09-16,Mouse,Accessories,South,24.99,1,C1795,Credit Card
2024-09-16,Power Bank,Accessories,East,35.99,1,C1761,Credit Card
2024-09-16,Monitor,Electronics,South,349.99,1,C2413,PayPal
2024-09-16,Mousepad,Accessories,West,35.98,2,C1535,PayPal
2024-09-16,Keyboard,Accessories,South,79.99,1,C2427,Cash
2024-09-16,Desk Organizer,Office Supplies,South,26.99,1,C1050,Debit Card
2024-09-16,Headphones,Electronics,North,319.98,2,C1247,Debit Card
2024-09-16,Monitor,Electronics,North,314.99,1,C2169,PayPal
2024-09-16,Webcam,Electronics,East,89.99,1,C2310,Credit Card
2024-09-16,Keyboard,Accessories,North,71.99,1,C2203,Debit Card
2024-09-16,Notebook,Office Supplies,West,9.99,1,C2496,Cash
2024-09-16,Ergonomic Chair,Office Supplies,North,499.98,2,C1389,Cash
2024-09-16,Keyboard,Accessories,East,319.96,4,C2249,Credit Card
2024-09-16,Headphones,Electronics,West,159.99,1,C2166,Credit Card
2024-09-16,Tablet,Electronics,East,499.99,1,C1160,PayPal
2024-09-16,Power Bank,Accessories,South,79.98,2,C1301,Credit Card
2024-09-16,Monitor,Electronics,North,349.99,1,C1602,PayPal
2024-09-16,Desk Organizer,Office Supplies,South,28.49,1,C1925,Credit Card
2024-09-16,LED Desk Lamp,Office Supplies,South,45.99,1,C2131,PayPal
2024-09-16,Webcam,Electronics,West,80.99,1,C1756,Debit Card
2024-09-17,Power Bank,Accessories,South,79.98,2,C2346,Debit Card
2024-09-17,Mousepad,Accessories,East,19.99,1,C1367,Debit Card
2024-09-17,USB Cable,Accessories,East,35.07,3,C2053,PayPal
2024-09-17,Mouse,Accessories,North,71.22,3,C1980,PayPal
2024-09-17,Ergonomic Chair,Office Supplies,South,674.97,3,C1888,Debit Card
2024-09-17,USB Cable,Accessories,North,11.69,1,C1187,PayPal
2024-09-17,Notebook,Office Supplies,East,9.99,1,C1648,Credit Card
2024-09-17,Ergonomic Chair,Office Supplies,East,249.99,1,C1570,Cash
2024-09-17,Desk Organizer,Office Supplies,West,149.95,5,C1112,PayPal
2024-09-17,Mouse,Accessories,West,23.74,1,C1246,Credit Card
2024-09-17,Desk Organizer,Office Supplies,East,59.98,2,C1618,Debit Card
2024-09-17,Power Bank,Accessories,North,37.99,1,C1556,Debit Card
2024-09-17,Mousepad,Accessories,North,18.99,1,C1831,Credit Card
2024-09-17,Laptop,Electronics,South,3704.97,3,C1557,Debit Card
2024-09-17,Laptop,Electronics,South,3509.97,3,C1498,Credit Card
2024-09-17,Headphones,Electronics,South,143.99,1,C2286,Debit Card
2024-09-17,Headphones,Electronics,West,1599.9,10,C2290,Cash
2024-09-17,Webcam,Electronics,West,89.99,1,C1372,Credit Card
2024-09-17,Power Bank,Accessories,East,39.99,1,C1095,Credit Card
2024-09-17,Monitor,Electronics,North,664.98,2,C1827,Credit Card
2024-09-18,Monitor,Electronics,West,314.99,1,C1973,Credit Card
2024-09-18,Ergonomic Chair,Office Supplies,East,249.99,1,C2350,Credit Card
2024-09-18,Mousepad,Accessories,West,19.99,1,C1459,Cash
2024-09-18,Monitor,Electronics,East,664.98,2,C1215,Cash
2024-09-18,Ergonomic Chair,Office Supplies,North,999.96,4,C1854,Debit Card
2024-09-18,Ergonomic Chair,Office Supplies,West,499.98,2,C2396,Cash
2024-09-18,Webcam,Electronics,South,719.92,8,C1159,PayPal
2024-09-18,Tablet,Electronics,East,3999.92,8,C1587,Debit Card
2024-09-18,Mousepad,Accessories,East,17.99,1,C2357,PayPal
2024-09-18,Headphones,Electronics,South,431.97,3,C1294,Credit Card
2024-09-18,Webcam,Electronics,West,242.97,3,C1500,Credit Card
2024-09-18,USB Cable,Accessories,West,12.99,1,C1146,Debit Card
2024-09-18,LED Desk Lamp,Office Supplies,West,124.17,3,C1299,Debit Card
2024-09-18,Keyboard,Accessories,East,143.98,2,C1276,Cash
2024-09-18,Monitor,Electronics,West,349.99,1,C2213,Cash
2024-09-18,USB Cable,Accessories,West,11.69,1,C2327,PayPal
2024-09-18,Desk Organizer,Office Supplies,North,119.96,4,C1872,Credit Card
2024-09-18,Mouse,Accessories,East,49.98,2,C1843,Cash
2024-09-18,USB Cable,Accessories,West,58.46,5,C2033,PayPal
2024-09-18,Monitor,Electronics,West,699.98,2,C2500,Credit Card
2024-09-18,Mousepad,Accessories,South,39.98,2,C1321,Cash
2024-09-18,Mousepad,Accessories,West,189.9,10,C1258,PayPal
2024-09-18,Notebook,Office Supplies,North,9.99,1,C1915,PayPal
2024-09-18,Tablet,Electronics,West,999.98,2,C2303,Credit Card
2024-09-18,Monitor,Electronics,East,1049.97,3,C2436,PayPal
2024-09-18,Notebook,Office Supplies,West,18.98,2,C1183,Credit Card
2024-09-18,LED Desk Lamp,Office Supplies,South,82.78,2,C1335,Debit Card
2024-09-18,Mouse,Accessories,East,24.99,1,C1575,Debit Card
2024-09-18,Ergonomic Chair,Office Supplies,West,237.49,1,C1095,Credit Card
2024-09-18,Smartphone,Electronics,South,759.99,1,C1124,Cash
2024-09-18,Webcam,Electronics,West,161.98,2,C2216,PayPal
2024-09-18,Desk Organizer,Office Supplies,West,53.98,2,C1350,Debit Card
2024-09-18,Notebook,Office Supplies,West,9.49,1,C1483,Debit Card
2024-09-19,LED Desk Lamp,Office Supplies,East,43.69,1,C1413,Cash
2024-09-19,Webcam,Electronics,West,89.99,1,C1997,Debit Card
2024-09-19,Notebook,Office Supplies,North,9.99,1,C1308,PayPal
2024-09-19,Ergonomic Chair,Office Supplies,South,224.99,1,C2139,Credit Card
2024-09-19,Webcam,Electronics,West,242.97,3,C1137,Credit Card
2024-09-19,Webcam,Electronics,West,85.49,1,C1042,Credit Card
2024-09-19,LED Desk Lamp,Office Supplies,East,91.98,2,C2154,PayPal
2024-09-19,Tablet,Electronics,West,499.99,1,C2354,Debit Card
2024-09-19,Desk Organizer,Office Supplies,East,28.49,1,C1615,PayPal
2024-09-19,Notebook,Office Supplies,West,17.98,2,C2323,Debit Card
2024-09-19,Webcam,Electronics,South,449.95,5,C1486,Cash
2024-09-19,Tablet,Electronics,South,499.99,1,C1294,Debit Card
2024-09-19,Mousepad,Accessories,South,79.96,4,C2053,Debit Card
2024-09-19,Keyboard,Accessories,West,79.99,1,C2048,Credit Card
2024-09-19,Headphones,Electronics,North,759.95,5,C1924,Debit Card
2024-09-19,Monitor,Electronics,East,699.98,2,C1781,Credit Card
2024-09-19,Notebook,Office Supplies,East,9.49,1,C1205,Debit Card
2024-09-19,Ergonomic Chair,Office Supplies,North,999.96,4,C1063,PayPal
2024-09-19,Smartphone,Electronics,North,1599.98,2,C2271,Credit Card
2024-09-19,Mouse,Accessories,West,249.9,10,C1670,Cash
2024-09-19,Headphones,Electronics,West,319.98,2,C2209,PayPal
2024-09-19,Headphones,Electronics,North,319.98,2,C1527,Credit Card
2024-09-19,Laptop,Electronics,East,1234.99,1,C1631,Credit Card
2024-09-19,Notebook,Office Supplies,South,18.98,2,C1354,Credit Card
2024-09-19,Power Bank,Accessories,East,39.99,1,C2235,Debit Card
2024-09-19,LED Desk Lamp,Office Supplies,East,41.39,1,C1032,Cash
2024-09-19,Ergonomic Chair,Office Supplies,South,249.99,1,C2175,Debit Card
2024-09-19,Mouse,Accessories,East,24.99,1,C2421,Cash
2024-09-19,Mousepad,Accessories,West,39.98,2,C1304,PayPal
2024-09-19,Ergonomic Chair,Office Supplies,West,449.98,2,C1891,Cash
2024-09-19,Smartphone,Electronics,North,799.99,1,C1452,Cash
2024-09-19,Monitor,Electronics,East,2799.92,8,C1852,Credit Card
2024-09-20,Notebook,Office Supplies,West,9.49,1,C1015,Cash
2024-09-20,Laptop,Electronics,East,2339.98,2,C1205,Cash
2024-09-20,Desk Organizer,Office Supplies,South,26.99,1,C1540,PayPal
2024-09-20,LED Desk Lamp,Office Supplies,West,45.99,1,C1082,Credit Card
2024-09-20,Smartphone,Electronics,South,2399.97,3,C1343,Debit Card
2024-09-20,Mousepad,Accessories,West,18.99,1,C1586,Debit Card
2024-09-20,Notebook,Office Supplies,South,9.99,1,C1176,Cash
2024-09-20,Notebook,Office Supplies,East,18.98,2,C1812,Credit Card
2024-09-20,Mousepad,Accessories,North,17.99,1,C1292,Cash
2024-09-20,Keyboard,Accessories,South,359.95,5,C1567,Cash
2024-09-20,Laptop,Electronics,East,5199.96,4,C2368,PayPal
2024-09-20,Webcam,Electronics,South,89.99,1,C2423,PayPal
2024-09-20,Ergonomic Chair,Office Supplies,East,224.99,1,C2378,Cash
2024-09-20,Monitor,Electronics,East,664.98,2,C1581,Credit Card
2024-09-20,Tablet,Electronics,South,474.99,1,C1330,Cash
2024-09-20,Ergonomic Chair,Office Supplies,West,237.49,1,C1678,Cash
2024-09-20,Notebook,Office Supplies,South,9.99,1,C1609,PayPal
2024-09-20,Desk Organizer,Office Supplies,East,26.99,1,C2077,PayPal
2024-09-21,LED Desk Lamp,Office Supplies,North,91.98,2,C2325,Cash
2024-09-21,Headphones,Electronics,South,319.98,2,C2077,PayPal
2024-09-21,Laptop,Electronics,West,2469.98,2,C2478,Credit Card
2024-09-21,Desk Organizer,Office Supplies,West,269.91,10,C2318,Debit Card
2024-09-21,Smartphone,Electronics,East,759.99,1,C2214,Credit Card
2024-09-21,Laptop,Electronics,North,6499.95,5,C1852,Cash
2024-09-21,Tablet,Electronics,North,449.99,1,C2401,Debit Card
2024-09-21,Headphones,Electronics,South,287.98,2,C1819,Debit Card
2024-09-21,Mouse,Accessories,South,49.98,2,C1575,Cash
2024-09-21,Headphones,Electronics,North,639.96,4,C1637,Debit Card
2024-09-21,Smartphone,Electronics,North,719.99,1,C1338,PayPal
2024-09-21,LED Desk Lamp,Office Supplies,East,91.98,2,C2455,Debit Card
2024-09-21,Notebook,Office Supplies,West,9.99,1,C2210,Cash
2024-09-21,Headphones,Electronics,North,151.99,1,C1722,Cash
2024-09-21,Power Bank,Accessories,South,79.98,2,C1707,Cash
2024-09-21,Smartphone,Electronics,North,3799.95,5,C1102,Cash
2024-09-21,Mouse,Accessories,South,24.99,1,C1521,Debit Card
2024-09-21,Smartphone,Electronics,South,1599.98,2,C1604,Debit Card
2024-09-21,Ergonomic Chair,Office Supplies,East,499.98,2,C1551,Cash
2024-09-21,Desk Organizer,Office Supplies,North,29.99,1,C1825,Cash
2024-09-21,Mouse,Accessories,South,49.98,2,C2372,Debit Card
2024-09-21,LED Desk Lamp,Office Supplies,West,41.39,1,C1642,PayPal
2024-09-21,Notebook,Office Supplies,South,17.98,2,C2040,Cash
2024-09-21,Webcam,Electronics,East,85.49,1,C2441,Cash
2024-09-22,Webcam,Electronics,South,719.92,8,C1811,PayPal
2024-09-22,Laptop,Electronics,North,1299.99,1,C1725,Cash
2024-09-22,Keyboard,Accessories,West,71.99,1,C1692,Cash
2024-09-22,Desk Organizer,Office Supplies,South,29.99,1,C1987,Debit Card
2024-09-22,Laptop,Electronics,North,2599.98,2,C1886,Debit Card
2024-09-22,Mousepad,Accessories,North,19.99,1,C1266,Cash
2024-09-22,Desk Organizer,Office Supplies,East,89.97,3,C2304,Credit Card
2024-09-22,Keyboard,Accessories,North,639.92,8,C1251,PayPal
2024-09-22,Headphones,Electronics,South,143.99,1,C1869,PayPal
2024-09-22,Mousepad,Accessories,South,19.99,1,C1353,PayPal
2024-09-22,Notebook,Office Supplies,South,19.98,2,C2459,Debit Card
2024-09-22,Desk Organizer,Office Supplies,South,29.99,1,C1028,Cash
2024-09-22,LED Desk Lamp,Office Supplies,East,45.99,1,C2372,PayPal
2024-09-22,Mousepad,Accessories,East,99.95,5,C1086,Debit Card
2024-09-22,Tablet,Electronics,East,499.99,1,C1327,Cash
2024-09-22,Ergonomic Chair,Office Supplies,East,237.49,1,C2292,Debit Card
2024-09-22,Headphones,Electronics,West,159.99,1,C1903,Cash
2024-09-22,Smartphone,Electronics,South,719.99,1,C1333,Credit Card
2024-09-22,Desk Organizer,Office Supplies,South,28.49,1,C2193,Cash
2024-09-22,Notebook,Office Supplies,South,9.49,1,C1587,PayPal
2024-09-22,Tablet,Electronics,West,499.99,1,C1165,Debit Card
2024-09-22,Webcam,Electronics,North,161.98,2,C2497,Cash
2024-09-22,Mouse,Accessories,South,47.48,2,C1244,PayPal
2024-09-22,Ergonomic Chair,Office Supplies,East,499.98,2,C1482,PayPal
2024-09-22,LED Desk Lamp,Office Supplies,South,87.38,2,C1016,PayPal
2024-09-23,Smartphone,Electronics,East,3199.96,4,C2178,Cash
2024-09-23,Keyboard,Accessories,East,79.99,1,C1481,Debit Card
2024-09-23,Headphones,Electronics,East,159.99,1,C1157,Credit Card
2024-09-23,Desk Organizer,Office Supplies,East,59.98,2,C1558,Cash
2024-09-23,Headphones,Electronics,East,575.96,4,C1911,Cash
2024-09-23,Keyboard,Accessories,West,75.99,1,C1416,PayPal
2024-09-23,Desk Organizer,Office Supplies,East,59.98,2,C1741,PayPal
2024-09-23,Power Bank,Accessories,East,75.98,2,C1843,PayPal
2024-09-23,Tablet,Electronics,North,499.99,1,C2362,PayPal
2024-09-23,Monitor,Electronics,North,699.98,2,C2380,PayPal
2024-09-23,Smartphone,Electronics,North,2399.97,3,C1007,Debit Card
2024-09-23,Headphones,Electronics,West,431.97,3,C1504,Cash
2024-09-23,Desk Organizer,Office Supplies,South,28.49,1,C2114,Cash
2024-09-23,Headphones,Electronics,West,455.97,3,C2160,Credit Card
2024-09-23,Ergonomic Chair,Office Supplies,West,237.49,1,C1536,PayPal
2024-09-23,Webcam,Electronics,North,89.99,1,C2213,Cash
2024-09-23,Mousepad,Accessories,East,17.99,1,C1471,Debit Card
2024-09-23,Ergonomic Chair,Office Supplies,West,237.49,1,C1805,PayPal
2024-09-23,Mousepad,Accessories,West,17.99,1,C1073,PayPal
2024-09-23,Smartphone,Electronics,South,799.99,1,C2477,PayPal
2024-09-23,Laptop,Electronics,West,3899.97,3,C1943,Credit Card
2024-09-23,Ergonomic Chair,Office Supplies,West,499.98,2,C1996,Cash
2024-09-23,Desk Organizer,Office Supplies,West,28.49,1,C1874,Debit Card
2024-09-23,USB Cable,Accessories,North,12.99,1,C2385,PayPal
2024-09-23,Notebook,Office Supplies,South,8.99,1,C1618,Cash
2024-09-23,Monitor,Electronics,East,314.99,1,C1583,Credit Card
2024-09-23,Mousepad,Accessories,East,17.99,1,C1469,PayPal
2024-09-23,Mousepad,Accessories,North,59.97,3,C1965,PayPal
2024-09-23,Mouse,Accessories,South,124.95,5,C1886,Cash
2024-09-23,Monitor,Electronics,South,314.99,1,C2036,Cash
2024-09-23,Mousepad,Accessories,North,71.96,4,C1982,PayPal
2024-09-24,Ergonomic Chair,Office Supplies,South,249.99,1,C1242,Credit Card
2024-09-24,Smartphone,Electronics,South,799.99,1,C1732,Debit Card
2024-09-24,Keyboard,Accessories,West,71.99,1,C2359,PayPal
2024-09-24,Notebook,Office Supplies,East,18.98,2,C1978,Debit Card
2024-09-24,Webcam,Electronics,North,179.98,2,C1374,Debit Card
2024-09-24,Desk Organizer,Office Supplies,North,89.97,3,C1844,Debit Card
2024-09-24,Laptop,Electronics,South,2339.98,2,C1430,Debit Card
2024-09-24,Ergonomic Chair,Office Supplies,West,999.96,4,C1369,Credit Card
2024-09-24,Mousepad,Accessories,South,35.98,2,C1486,Credit Card
2024-09-24,Notebook,Office Supplies,West,29.97,3,C1511,Credit Card
2024-09-24,LED Desk Lamp,Office Supplies,North,91.98,2,C2418,PayPal
2024-09-24,LED Desk Lamp,Office Supplies,North,137.97,3,C1248,PayPal
2024-09-24,Power Bank,Accessories,West,39.99,1,C1001,Credit Card
2024-09-24,LED Desk Lamp,Office Supplies,South,91.98,2,C2409,Credit Card
2024-09-24,Mousepad,Accessories,East,37.98,2,C1290,Debit Card
2024-09-24,Desk Organizer,Office Supplies,East,59.98,2,C1967,Cash
2024-09-24,Laptop,Electronics,East,1299.99,1,C2437,Cash
2024-09-24,Desk Organizer,Office Supplies,West,239.92,8,C1897,Credit Card
2024-09-24,Notebook,Office Supplies,North,9.99,1,C1978,Cash
2024-09-24,Power Bank,Accessories,West,79.98,2,C1988,PayPal
2024-09-24,Laptop,Electronics,East,1299.99,1,C1622,Debit Card
2024-09-25,LED Desk Lamp,Office Supplies,South,91.98,2,C1840,Debit Card
2024-09-25,Notebook,Office Supplies,East,9.99,1,C1279,PayPal
2024-09-25,Mouse,Accessories,North,24.99,1,C1090,Cash
2024-09-25,Power Bank,Accessories,West,39.99,1,C2253,Debit Card
2024-09-25,Headphones,Electronics,East,455.97,3,C1104,Credit Card
2024-09-25,Monitor,Electronics,West,349.99,1,C1094,Credit Card
2024-09-25,Webcam,Electronics,West,359.96,4,C2346,Credit Card
2024-09-25,LED Desk Lamp,Office Supplies,South,45.99,1,C2039,Cash
2024-09-25,Smartphone,Electronics,East,2159.97,3,C1973,PayPal
2024-09-25,Smartphone,Electronics,West,799.99,1,C1424,Debit Card
2024-09-25,Power Bank,Accessories,South,79.98,2,C2465,Debit Card
2024-09-25,Notebook,Office Supplies,South,9.49,1,C1119,PayPal
2024-09-25,Notebook,Office Supplies,South,17.98,2,C1708,Debit Card
2024-09-25,Notebook,Office Supplies,East,9.99,1,C1849,Debit Card
2024-09-25,Power Bank,Accessories,South,35.99,1,C2129,PayPal
2024-09-25,Ergonomic Chair,Office Supplies,West,249.99,1,C1089,Cash
2024-09-25,Webcam,Electronics,South,85.49,1,C1314,Credit Card
2024-09-25,Tablet,Electronics,South,474.99,1,C1191,Credit Card
2024-09-25,Power Bank,Accessories,East,39.99,1,C1165,Debit Card
2024-09-25,Power Bank,Accessories,East,79.98,2,C2486,Credit Card
2024-09-25,LED Desk Lamp,Office Supplies,North,45.99,1,C2377,Cash
2024-09-25,LED Desk Lamp,Office Supplies,South,45.99,1,C1912,Cash
2024-09-25,Headphones,Electronics,South,159.99,1,C1194,Debit Card
2024-09-25,Headphones,Electronics,East,143.99,1,C1211,Credit Card
2024-09-25,Laptop,Electronics,South,4679.96,4,C1150,Credit Card
2024-09-25,Power Bank,Accessories,West,39.99,1,C1929,Debit Card
2024-09-25,Monitor,Electronics,South,699.98,2,C1726,Debit Card
2024-09-26,LED Desk Lamp,Office Supplies,North,174.76,4,C2185,Credit Card
2024-09-26,Webcam,Electronics,East,85.49,1,C1846,Debit Card
2024-09-26,Desk Organizer,Office Supplies,West,113.96,4,C2021,Credit Card
2024-09-26,Monitor,Electronics,South,699.98,2,C2253,Cash
2024-09-26,Notebook,Office Supplies,North,8.99,1,C2391,Credit Card
2024-09-26,LED Desk Lamp,Office Supplies,East,45.99,1,C1207,Debit Card
2024-09-26,Keyboard,Accessories,South,143.98,2,C1308,Debit Card
2024-09-26,Desk Organizer,Office Supplies,East,85.47,3,C1590,Cash
2024-09-26,Mousepad,Accessories,North,19.99,1,C1130,Credit Card
2024-09-26,USB Cable,Accessories,South,37.02,3,C1982,Cash
2024-09-26,Desk Organizer,Office Supplies,West,80.97,3,C1863,Credit Card
2024-09-26,Mouse,Accessories,East,94.96,4,C1268,Debit Card
2024-09-26,Keyboard,Accessories,West,71.99,1,C2336,Credit Card
2024-09-26,Headphones,Electronics,East,799.95,5,C1266,Debit Card
2024-09-26,Tablet,Electronics,West,449.99,1,C2207,Credit Card
2024-09-26,Mousepad,Accessories,West,39.98,2,C1049,Credit Card
2024-09-26,Ergonomic Chair,Office Supplies,East,749.97,3,C2269,Debit Card
2024-09-26,Ergonomic Chair,Office Supplies,West,249.99,1,C1308,Cash
2024-09-26,Webcam,Electronics,West,269.97,3,C2440,Debit Card
2024-09-26,Webcam,Electronics,North,256.47,3,C1300,Cash
2024-09-26,Keyboard,Accessories,South,71.99,1,C2090,Credit Card
2024-09-26,Ergonomic Chair,Office Supplies,West,999.96,4,C2259,Cash
2024-09-26,Mousepad,Accessories,West,19.99,1,C1751,Debit Card
2024-09-26,Power Bank,Accessories,North,79.98,2,C2406,PayPal
2024-09-26,Mouse,Accessories,South,24.99,1,C2472,Debit Card
2024-09-27,Ergonomic Chair,Office Supplies,East,249.99,1,C1950,Credit Card
2024-09-27,Laptop,Electronics,East,1169.99,1,C2164,Debit Card
2024-09-27,Smartphone,Electronics,North,2159.97,3,C1443,Credit Card
2024-09-27,Tablet,Electronics,East,999.98,2,C2255,PayPal
2024-09-27,Smartphone,Electronics,South,3799.95,5,C2101,Credit Card
2024-09-27,Ergonomic Chair,Office Supplies,North,899.96,4,C1127,PayPal
2024-09-27,Keyboard,Accessories,West,79.99,1,C1709,Cash
2024-09-27,Headphones,Electronics,West,319.98,2,C1820,Debit Card
2024-09-27,Headphones,Electronics,West,319.98,2,C1076,Debit Card
2024-09-27,Notebook,Office Supplies,West,89.91,10,C1407,Credit Card
2024-09-27,Webcam,Electronics,North,85.49,1,C2300,PayPal
2024-09-27,Power Bank,Accessories,North,35.99,1,C1620,PayPal
2024-09-27,Desk Organizer,Office Supplies,East,29.99,1,C2370,PayPal
2024-09-27,USB Cable,Accessories,North,12.99,1,C2010,Cash
2024-09-27,USB Cable,Accessories,West,25.98,2,C1928,Cash
2024-09-27,Notebook,Office Supplies,East,8.99,1,C1916,Credit Card
2024-09-27,LED Desk Lamp,Office Supplies,South,87.38,2,C1148,Credit Card
2024-09-27,Headphones,Electronics,East,159.99,1,C2479,PayPal
2024-09-28,USB Cable,Accessories,West,12.99,1,C2032,PayPal
2024-09-28,Tablet,Electronics,East,899.98,2,C2109,Debit Card
2024-09-28,Mouse,Accessories,South,24.99,1,C1967,PayPal
2024-09-28,Desk Organizer,Office Supplies,East,28.49,1,C1484,Credit Card
2024-09-28,Keyboard,Accessories,South,75.99,1,C2345,PayPal
2024-09-28,Ergonomic Chair,Office Supplies,North,499.98,2,C1190,Debit Card
2024-09-28,Headphones,Electronics,West,759.95,5,C2458,Debit Card
2024-09-28,Notebook,Office Supplies,North,39.96,4,C1885,Debit Card
2024-09-28,Power Bank,Accessories,South,159.96,4,C1909,Cash
2024-09-28,USB Cable,Accessories,East,23.38,2,C1644,PayPal
2024-09-28,Power Bank,Accessories,North,151.96,4,C1282,PayPal
2024-09-28,USB Cable,Accessories,West,38.97,3,C1602,Debit Card
2024-09-28,Tablet,Electronics,South,449.99,1,C2000,PayPal
2024-09-28,Webcam,Electronics,West,269.97,3,C2111,PayPal
2024-09-28,Notebook,Office Supplies,North,19.98,2,C1867,PayPal
2024-09-28,Smartphone,Electronics,West,799.99,1,C1368,Cash
2024-09-28,Tablet,Electronics,West,2499.95,5,C2382,Debit Card
2024-09-28,Webcam,Electronics,West,80.99,1,C1257,PayPal
2024-09-28,Desk Organizer,Office Supplies,East,59.98,2,C1722,PayPal
2024-09-28,Tablet,Electronics,East,899.98,2,C2190,Debit Card
2024-09-28,USB Cable,Accessories,South,12.99,1,C1339,Cash
2024-09-29,Notebook,Office Supplies,East,39.96,4,C2280,Cash
2024-09-29,Power Bank,Accessories,North,37.99,1,C1561,Credit Card
2024-09-29,Webcam,Electronics,North,170.98,2,C1298,Cash
2024-09-29,Power Bank,Accessories,East,379.91,10,C1159,Credit Card
2024-09-29,Power Bank,Accessories,South,119.97,3,C1473,Cash
2024-09-29,Notebook,Office Supplies,North,9.49,1,C2236,Credit Card
2024-09-29,Mouse,Accessories,West,74.97,3,C1158,Cash
2024-09-29,LED Desk Lamp,Office Supplies,West,137.97,3,C2124,Credit Card
2024-09-29,Desk Organizer,Office Supplies,West,29.99,1,C2080,PayPal
2024-09-29,LED Desk Lamp,Office Supplies,West,206.96,5,C2102,Cash
2024-09-29,Ergonomic Chair,Office Supplies,West,249.99,1,C2221,Debit Card
2024-09-29,Desk Organizer,Office Supplies,West,56.98,2,C1086,Debit Card
2024-09-29,Desk Organizer,Office Supplies,West,53.98,2,C1444,Credit Card
2024-09-29,Desk Organizer,Office Supplies,South,26.99,1,C1593,Cash
2024-09-29,Tablet,Electronics,North,999.98,2,C2250,PayPal
2024-09-29,Headphones,Electronics,East,1215.92,8,C1755,Debit Card
2024-09-29,USB Cable,Accessories,South,12.99,1,C2294,Credit Card
2024-09-29,Keyboard,Accessories,East,319.96,4,C1897,Credit Card
2024-09-29,Headphones,Electronics,North,319.98,2,C2106,Credit Card
2024-09-29,Mousepad,Accessories,East,17.99,1,C1789,PayPal
2024-09-29,Desk Organizer,Office Supplies,North,29.99,1,C2391,Debit Card
2024-09-30,Mouse,Accessories,East,44.98,2,C1402,PayPal
2024-09-30,Headphones,Electronics,West,159.99,1,C1524,Debit Card
2024-09-30,Laptop,Electronics,South,6499.95,5,C1539,PayPal
2024-09-30,Keyboard,Accessories,East,143.98,2,C1284,Debit Card
2024-09-30,Notebook,Office Supplies,South,9.49,1,C1075,Cash
2024-09-30,USB Cable,Accessories,East,12.99,1,C2097,PayPal
2024-09-30,Ergonomic Chair,Office Supplies,West,499.98,2,C1048,Debit Card
2024-09-30,Power Bank,Accessories,East,71.98,2,C1273,Credit Card
2024-09-30,Tablet,Electronics,East,999.98,2,C2486,PayPal
2024-09-30,LED Desk Lamp,Office Supplies,South,41.39,1,C2302,Credit Card
2024-09-30,Webcam,Electronics,North,269.97,3,C2416,Debit Card
2024-09-30,Notebook,Office Supplies,South,17.98,2,C1671,Debit Card
2024-09-30,Mouse,Accessories,West,47.48,2,C1923,Credit Card
2024-09-30,USB Cable,Accessories,East,51.96,4,C2421,PayPal
2024-09-30,LED Desk Lamp,Office Supplies,North,91.98,2,C1303,PayPal
2024-09-30,Mouse,Accessories,South,74.97,3,C1086,Credit Card
2024-09-30,Laptop,Electronics,South,1169.99,1,C1280,PayPal
2024-09-30,Headphones,Electronics,South,151.99,1,C1060,PayPal
2024-09-30,LED Desk Lamp,Office Supplies,North,137.97,3,C1459,Credit Card
2024-09-30,Smartphone,Electronics,East,3999.95,5,C2088,PayPal
2024-09-30,Headphones,Electronics,East,303.98,2,C2093,PayPal
2024-09-30,Notebook,Office Supplies,North,17.98,2,C1099,Credit Card
2024-09-30,Desk Organizer,Office Supplies,South,29.99,1,C2311,PayPal
2024-09-30,Notebook,Office Supplies,East,19.98,2,C2349,Cash
2024-09-30,Webcam,Electronics,West,179.98,2,C1056,PayPal
2024-09-30,LED Desk Lamp,Office Supplies,North,45.99,1,C1843,Credit Card
2024-10-01,LED Desk Lamp,Office Supplies,South,165.56,4,C2309,Cash
2024-10-01,Headphones,Electronics,East,799.95,5,C1404,Debit Card
2024-10-01,Ergonomic Chair,Office Supplies,North,249.99,1,C1414,Cash
2024-10-01,Laptop,Electronics,West,1234.99,1,C2028,Credit Card
2024-10-01,Smartphone,Electronics,West,2399.97,3,C1664,Cash
2024-10-01,LED Desk Lamp,Office Supplies,North,45.99,1,C2029,Credit Card
2024-10-01,Webcam,Electronics,North,269.97,3,C1654,Credit Card
2024-10-01,Tablet,Electronics,South,1999.96,4,C2185,Debit Card
2024-10-01,Laptop,Electronics,West,6499.95,5,C1787,Credit Card
2024-10-01,Mouse,Accessories,South,49.98,2,C1459,Cash
2024-10-01,Smartphone,Electronics,West,759.99,1,C2175,PayPal
2024-10-01,Headphones,Electronics,West,319.98,2,C1686,Cash
2024-10-01,Laptop,Electronics,East,1299.99,1,C2349,Credit Card
2024-10-01,Mouse,Accessories,West,71.22,3,C1220,Credit Card
2024-10-01,Tablet,Electronics,West,499.99,1,C2377,PayPal
2024-10-01,Webcam,Electronics,East,269.97,3,C1371,Cash
2024-10-01,Tablet,Electronics,North,899.98,2,C1816,Debit Card
2024-10-02,Tablet,Electronics,West,1499.97,3,C1654,PayPal
2024-10-02,Mouse,Accessories,North,24.99,1,C1410,Credit Card
2024-10-02,LED Desk Lamp,Office Supplies,South,41.39,1,C1527,Cash
2024-10-02,Ergonomic Chair,Office Supplies,North,674.97,3,C2120,Cash
2024-10-02,LED Desk Lamp,Office Supplies,East,87.38,2,C1321,Credit Card
2024-10-02,Ergonomic Chair,Office Supplies,North,749.97,3,C1053,PayPal
2024-10-02,LED Desk Lamp,Office Supplies,West,174.76,4,C1773,PayPal
2024-10-02,Laptop,Electronics,West,5199.96,4,C1699,Cash
2024-10-02,Monitor,Electronics,South,2799.92,8,C1483,PayPal
2024-10-02,Ergonomic Chair,Office Supplies,West,499.98,2,C2050,PayPal
2024-10-02,LED Desk Lamp,Office Supplies,East,41.39,1,C2446,Debit Card
2024-10-02,LED Desk Lamp,Office Supplies,East,229.95,5,C1783,Credit Card
2024-10-02,Desk Organizer,Office Supplies,West,29.99,1,C1995,Credit Card
2024-10-02,Power Bank,Accessories,South,79.98,2,C1155,Credit Card
2024-10-02,Monitor,Electronics,West,699.98,2,C2277,PayPal
2024-10-02,Tablet,Electronics,West,1349.97,3,C1956,PayPal
2024-10-02,Webcam,Electronics,South,179.98,2,C1411,Cash
2024-10-02,Notebook,Office Supplies,West,19.98,2,C2301,Credit Card
2024-10-02,Desk Organizer,Office Supplies,North,29.99,1,C2345,Credit Card
2024-10-02,Keyboard,Accessories,South,71.99,1,C1650,Credit Card
2024-10-02,Headphones,Electronics,South,319.98,2,C1700,Debit Card
2024-10-02,Laptop,Electronics,West,1299.99,1,C2351,PayPal
2024-10-02,Notebook,Office Supplies,North,9.49,1,C2404,Cash
2024-10-02,Tablet,Electronics,East,499.99,1,C1141,PayPal
2024-10-02,Mouse,Accessories,East,24.99,1,C2207,Credit Card
2024-10-02,Desk Organizer,Office Supplies,West,29.99,1,C1425,Debit Card
2024-10-02,Smartphone,Electronics,East,2399.97,3,C1938,Credit Card
2024-10-02,LED Desk Lamp,Office Supplies,West,91.98,2,C1442,Cash
2024-10-03,USB Cable,Accessories,West,25.98,2,C1053,Debit Card
2024-10-03,LED Desk Lamp,Office Supplies,North,45.99,1,C1399,PayPal
2024-10-03,Mousepad,Accessories,North,18.99,1,C2004,Cash
2024-10-03,Mousepad,Accessories,East,59.97,3,C1987,Debit Card
2024-10-03,LED Desk Lamp,Office Supplies,South,45.99,1,C1608,Cash
2024-10-03,Keyboard,Accessories,West,159.98,2,C1928,Cash
2024-10-03,Desk Organizer,Office Supplies,West,85.47,3,C1567,Credit Card
2024-10-03,LED Desk Lamp,Office Supplies,South,43.69,1,C1255,Debit Card
2024-10-03,Webcam,Electronics,East,89.99,1,C1437,Credit Card
2024-10-03,Webcam,Electronics,South,89.99,1,C1307,Credit Card
2024-10-03,Tablet,Electronics,East,499.99,1,C2346,PayPal
2024-10-03,Ergonomic Chair,Office Supplies,South,749.97,3,C2488,Cash
2024-10-03,Power Bank,Accessories,West,79.98,2,C1427,Credit Card
2024-10-03,Ergonomic Chair,Office Supplies,North,999.96,4,C2054,Cash
2024-10-03,LED Desk Lamp,Office Supplies,North,45.99,1,C2416,Cash
2024-10-03,Laptop,Electronics,North,1234.99,1,C1012,PayPal
2024-10-03,Keyboard,Accessories,West,71.99,1,C1008,Debit Card
2024-10-03,Power Bank,Accessories,West,35.99,1,C2385,PayPal
2024-10-03,Mousepad,Accessories,West,19.99,1,C1363,Cash
2024-10-03,Desk Organizer,Office Supplies,East,29.99,1,C1898,Cash
2024-10-03,Mouse,Accessories,South,22.49,1,C1217,Cash
2024-10-03,Laptop,Electronics,North,1234.99,1,C2354,Credit Card
2024-10-03,Mousepad,Accessories,West,19.99,1,C2018,PayPal
2024-10-03,Laptop,Electronics,North,1169.99,1,C1858,Cash
2024-10-03,Mouse,Accessories,East,49.98,2,C1866,Credit Card
2024-10-03,Mouse,Accessories,South,49.98,2,C1345,Debit Card
2024-10-03,Mousepad,Accessories,North,39.98,2,C1268,Credit Card
2024-10-03,Desk Organizer,Office Supplies,East,89.97,3,C1741,Debit Card
2024-10-03,Power Bank,Accessories,North,199.95,5,C1034,Credit Card
2024-10-03,Ergonomic Chair,Office Supplies,South,237.49,1,C2395,PayPal
2024-10-03,Laptop,Electronics,South,2599.98,2,C1480,Debit Card
2024-10-03,Smartphone,Electronics,West,799.99,1,C1630,Debit Card
2024-10-03,Mousepad,Accessories,North,19.99,1,C2259,Credit Card
2024-10-03,Power Bank,Accessories,South,79.98,2,C1122,Cash
2024-10-03,Keyboard,Accessories,South,215.97,3,C2416,Credit Card
2024-10-03,Headphones,Electronics,North,319.98,2,C1226,PayPal
2024-10-03,Tablet,Electronics,North,999.98,2,C1533,Credit Card
2024-10-04,LED Desk Lamp,Office Supplies,South,45.99,1,C1206,PayPal
2024-10-04,Headphones,Electronics,East,151.99,1,C1105,Credit Card
2024-10-04,Notebook,Office Supplies,North,26.97,3,C2369,Credit Card
2024-10-04,Keyboard,Accessories,East,79.99,1,C2045,Debit Card
2024-10-04,Monitor,Electronics,South,349.99,1,C2173,PayPal
2024-10-04,Mouse,Accessories,West,23.74,1,C2163,Credit Card
2024-10-04,LED Desk Lamp,Office Supplies,West,91.98,2,C1893,Credit Card
2024-10-04,Ergonomic Chair,Office Supplies,East,499.98,2,C2178,Cash
2024-10-04,Smartphone,Electronics,North,719.99,1,C1223,Credit Card
2024-10-04,Mousepad,Accessories,North,89.95,5,C1882,Credit Card
2024-10-04,Power Bank,Accessories,East,119.97,3,C2299,Debit Card
2024-10-04,Ergonomic Chair,Office Supplies,North,999.96,4,C1376,PayPal
2024-10-04,Ergonomic Chair,Office Supplies,North,499.98,2,C1170,Debit Card
2024-10-04,Headphones,Electronics,North,143.99,1,C1425,Debit Card
2024-10-04,Desk Organizer,Office Supplies,South,28.49,1,C1260,PayPal
2024-10-04,Smartphone,Electronics,East,2399.97,3,C1515,PayPal
2024-10-04,Notebook,Office Supplies,East,26.97,3,C1132,Credit Card
2024-10-04,LED Desk Lamp,Office Supplies,East,183.96,4,C1845,Credit Card
2024-10-04,Keyboard,Accessories,South,159.98,2,C1055,PayPal
2024-10-05,Keyboard,Accessories,South,75.99,1,C1014,Credit Card
2024-10-05,LED Desk Lamp,Office Supplies,East,183.96,4,C1405,Debit Card
2024-10-05,Mousepad,Accessories,West,199.9,10,C1018,Credit Card
2024-10-05,Headphones,Electronics,West,159.99,1,C1555,Cash
2024-10-05,Desk Organizer,Office Supplies,South,29.99,1,C1273,Debit Card
2024-10-05,LED Desk Lamp,Office Supplies,West,91.98,2,C2466,Debit Card
2024-10-05,Webcam,Electronics,West,80.99,1,C1651,Credit Card
2024-10-05,Desk Organizer,Office Supplies,East,59.98,2,C1126,Cash
2024-10-05,Laptop,Electronics,West,2469.98,2,C1549,Cash
2024-10-05,LED Desk Lamp,Office Supplies,South,183.96,4,C2044,Cash
2024-10-05,Notebook,Office Supplies,East,19.98,2,C1511,Credit Card
2024-10-05,Headphones,Electronics,North,159.99,1,C1500,Cash
2024-10-05,Notebook,Office Supplies,South,9.49,1,C2317,Debit Card
2024-10-05,Webcam,Electronics,South,89.99,1,C2346,Credit Card
2024-10-05,Desk Organizer,Office Supplies,North,56.98,2,C1102,Debit Card
2024-10-05,Keyboard,Accessories,North,79.99,1,C2339,Debit Card
2024-10-05,Webcam,Electronics,North,85.49,1,C2347,Debit Card
2024-10-05,Notebook,Office Supplies,East,9.99,1,C1454,PayPal
2024-10-05,Ergonomic Chair,Office Supplies,West,224.99,1,C1865,Credit Card
2024-10-05,LED Desk Lamp,Office Supplies,East,41.39,1,C1242,Credit Card
2024-10-05,Power Bank,Accessories,North,107.97,3,C2391,Credit Card
2024-10-05,Desk Organizer,Office Supplies,South,29.99,1,C1134,Cash
2024-10-05,Notebook,Office Supplies,West,19.98,2,C2054,Credit Card
2024-10-05,Headphones,Electronics,North,151.99,1,C2389,Credit Card
2024-10-05,Keyboard,Accessories,North,151.98,2,C1856,Cash
2024-10-05,Smartphone,Electronics,East,6079.92,8,C1381,Cash
2024-10-06,Smartphone,Electronics,West,1599.98,2,C2488,Credit Card
2024-10-06,Smartphone,Electronics,South,759.99,1,C2138,Cash
2024-10-06,LED Desk Lamp,Office Supplies,West,82.78,2,C2064,Cash
2024-10-06,Webcam,Electronics,East,269.97,3,C1902,PayPal
2024-10-06,Desk Organizer,Office Supplies,East,29.99,1,C1406,Debit Card
2024-10-06,Headphones,Electronics,South,159.99,1,C1029,Credit Card
2024-10-06,Power Bank,Accessories,East,39.99,1,C1131,Debit Card
2024-10-06,Keyboard,Accessories,East,239.97,3,C1218,PayPal
2024-10-06,Notebook,Office Supplies,West,9.99,1,C1298,Credit Card
2024-10-06,USB Cable,Accessories,North,38.97,3,C1668,Cash
2024-10-06,USB Cable,Accessories,North,12.99,1,C2390,PayPal
2024-10-06,Mousepad,Accessories,South,19.99,1,C1244,Cash
2024-10-06,Notebook,Office Supplies,South,8.99,1,C2370,Cash
2024-10-06,Webcam,Electronics,South,89.99,1,C2320,Cash
2024-10-06,Keyboard,Accessories,South,159.98,2,C1800,Credit Card
2024-10-06,Webcam,Electronics,West,80.99,1,C1989,PayPal
2024-10-06,Monitor,Electronics,East,332.49,1,C2394,Credit Card
2024-10-06,Keyboard,Accessories,South,399.95,5,C2151,Cash
2024-10-06,Keyboard,Accessories,East,319.96,4,C2212,Cash
2024-10-06,Headphones,Electronics,South,151.99,1,C1081,Debit Card
2024-10-06,Monitor,Electronics,South,1259.96,4,C1678,Credit Card
2024-10-07,Laptop,Electronics,West,1234.99,1,C2420,Credit Card
2024-10-07,Ergonomic Chair,Office Supplies,North,237.49,1,C2009,PayPal
2024-10-07,Laptop,Electronics,West,2469.98,2,C1739,Credit Card
2024-10-07,Mousepad,Accessories,West,19.99,1,C1968,Debit Card
2024-10-07,USB Cable,Accessories,North,24.68,2,C2500,Debit Card
2024-10-07,Headphones,Electronics,North,159.99,1,C1502,Cash
2024-10-07,Tablet,Electronics,North,499.99,1,C1484,PayPal
2024-10-07,Monitor,Electronics,North,1399.96,4,C2136,Cash
2024-10-07,Keyboard,Accessories,East,239.97,3,C2292,Debit Card
2024-10-07,USB Cable,Accessories,East,12.34,1,C1964,Credit Card
2024-10-07,Notebook,Office Supplies,North,99.9,10,C1134,Debit Card
2024-10-07,LED Desk Lamp,Office Supplies,South,229.95,5,C1261,PayPal
2024-10-07,Mousepad,Accessories,West,39.98,2,C2068,Debit Card
2024-10-07,Webcam,Electronics,West,85.49,1,C1498,Cash
2024-10-07,Smartphone,Electronics,South,3999.95,5,C1964,Debit Card
2024-10-07,Power Bank,Accessories,North,39.99,1,C1603,Debit Card
2024-10-07,Webcam,Electronics,South,89.99,1,C1541,Credit Card
2024-10-07,Keyboard,Accessories,West,319.96,4,C1809,PayPal
2024-10-07,Headphones,Electronics,West,151.99,1,C2422,Cash
2024-10-07,Notebook,Office Supplies,South,9.99,1,C1527,Credit Card
2024-10-07,LED Desk Lamp,Office Supplies,North,91.98,2,C2381,PayPal
2024-10-07,Mouse,Accessories,North,112.45,5,C2374,Cash
2024-10-07,Keyboard,Accessories,North,79.99,1,C2288,Debit Card
2024-10-07,Notebook,Office Supplies,West,9.99,1,C1518,Cash
2024-10-07,Laptop,Electronics,West,2599.98,2,C2232,Credit Card
2024-10-07,Mousepad,Accessories,South,39.98,2,C1983,PayPal
2024-10-07,USB Cable,Accessories,North,25.98,2,C1443,Debit Card
2024-10-08,Mouse,Accessories,East,23.74,1,C1743,Debit Card
2024-10-08,Headphones,Electronics,East,159.99,1,C2146,Cash
2024-10-08,Power Bank,Accessories,North,35.99,1,C2461,PayPal
2024-10-08,Mouse,Accessories,West,49.98,2,C1947,Credit Card
2024-10-08,LED Desk Lamp,Office Supplies,West,41.39,1,C1319,Credit Card
2024-10-08,Tablet,Electronics,East,499.99,1,C1630,Cash
2024-10-08,Keyboard,Accessories,North,79.99,1,C1849,Debit Card
2024-10-08,Monitor,Electronics,North,699.98,2,C2250,PayPal
2024-10-08,LED Desk Lamp,Office Supplies,South,82.78,2,C1725,Cash
2024-10-08,Laptop,Electronics,East,1299.99,1,C1064,PayPal
2024-10-08,Notebook,Office Supplies,North,9.99,1,C1752,Credit Card
2024-10-08,Notebook,Office Supplies,North,9.99,1,C1067,Credit Card
2024-10-08,Desk Organizer,Office Supplies,North,119.96,4,C2072,Credit Card
2024-10-08,Webcam,Electronics,North,89.99,1,C1667,Debit Card
2024-10-08,Monitor,Electronics,West,349.99,1,C1124,Cash
2024-10-08,Mouse,Accessories,East,23.74,1,C1198,Cash
2024-10-08,Tablet,Electronics,North,949.98,2,C2482,Debit Card
2024-10-08,LED Desk Lamp,Office Supplies,East,45.99,1,C1074,Cash
2024-10-08,LED Desk Lamp,Office Supplies,South,45.99,1,C1103,Debit Card
2024-10-08,USB Cable,Accessories,West,12.99,1,C1535,Credit Card
2024-10-08,Mouse,Accessories,West,24.99,1,C1912,Debit Card
2024-10-08,Power Bank,Accessories,West,37.99,1,C1060,Debit Card
2024-10-08,Tablet,Electronics,South,1499.97,3,C1241,PayPal
2024-10-08,Mousepad,Accessories,West,37.98,2,C2366,Cash
2024-10-08,Ergonomic Chair,Office Supplies,South,999.96,4,C1927,Cash
2024-10-08,Tablet,Electronics,North,999.98,2,C2474,Debit Card
2024-10-08,Webcam,Electronics,West,85.49,1,C1238,Cash
2024-10-08,Mouse,Accessories,West,24.99,1,C1595,Debit Card
2024-10-08,Mousepad,Accessories,East,18.99,1,C1435,Credit Card
2024-10-09,Webcam,Electronics,South,89.99,1,C1650,Credit Card
2024-10-09,Mouse,Accessories,East,24.99,1,C1736,Credit Card
2024-10-09,Desk Organizer,Office Supplies,South,26.99,1,C1255,PayPal
2024-10-09,LED Desk Lamp,Office Supplies,North,43.69,1,C2118,Credit Card
2024-10-09,Power Bank,Accessories,West,37.99,1,C1874,Credit Card
2024-10-09,Laptop,Electronics,East,1299.99,1,C1462,Debit Card
2024-10-09,Webcam,Electronics,West,427.45,5,C1830,PayPal
2024-10-09,Notebook,Office Supplies,East,39.96,4,C1506,PayPal
2024-10-09,Monitor,Electronics,North,349.99,1,C1963,Debit Card
2024-10-09,Monitor,Electronics,West,699.98,2,C1273,Cash
2024-10-09,Mouse,Accessories,South,112.45,5,C2458,PayPal
2024-10-09,Power Bank,Accessories,South,119.97,3,C1228,Credit Card
2024-10-09,Headphones,Electronics,East,319.98,2,C1667,Cash
2024-10-09,Monitor,Electronics,South,349.99,1,C1735,Debit Card
2024-10-09,Keyboard,Accessories,East,143.98,2,C1073,Cash
2024-10-09,LED Desk Lamp,Office Supplies,West,91.98,2,C1842,Credit Card
2024-10-09,Laptop,Electronics,East,2339.98,2,C2004,Cash
2024-10-09,Desk Organizer,Office Supplies,South,149.95,5,C1032,Credit Card
2024-10-09,Tablet,Electronics,West,999.98,2,C1197,Cash
2024-10-09,LED Desk Lamp,Office Supplies,South,41.39,1,C1917,PayPal
2024-10-09,Mouse,Accessories,North,47.48,2,C2493,Debit Card
2024-10-09,USB Cable,Accessories,West,38.97,3,C2172,Debit Card
2024-10-09,Tablet,Electronics,South,999.98,2,C1514,Credit Card
2024-10-10,Notebook,Office Supplies,North,9.99,1,C1433,Debit Card
2024-10-10,Mouse,Accessories,East,47.48,2,C1561,PayPal
2024-10-10,Notebook,Office Supplies,North,29.97,3,C2477,Credit Card
2024-10-10,Tablet,Electronics,West,899.98,2,C1466,Cash
2024-10-10,Mouse,Accessories,West,47.48,2,C1983,Cash
2024-10-10,Monitor,Electronics,West,1329.96,4,C1715,Debit Card
2024-10-10,Desk Organizer,Office Supplies,South,59.98,2,C1655,Debit Card
2024-10-10,Webcam,Electronics,North,719.92,8,C1689,Debit Card
2024-10-10,Tablet,Electronics,South,1424.97,3,C1852,PayPal
2024-10-10,Tablet,Electronics,North,499.99,1,C1419,PayPal
2024-10-10,LED Desk Lamp,Office Supplies,West,43.69,1,C1970,PayPal
2024-10-10,Monitor,Electronics,South,314.99,1,C1380,Debit Card
2024-10-10,Keyboard,Accessories,South,71.99,1,C2321,Cash
2024-10-10,Mousepad,Accessories,West,75.96,4,C2417,PayPal
2024-10-10,Notebook,Office Supplies,West,26.97,3,C1903,Debit Card
2024-10-10,Headphones,Electronics,South,287.98,2,C1613,Cash
2024-10-10,Mouse,Accessories,East,23.74,1,C2303,Debit Card
2024-10-10,Mouse,Accessories,South,23.74,1,C2400,Cash
2024-10-10,Tablet,Electronics,South,499.99,1,C1400,PayPal
2024-10-10,Laptop,Electronics,North,2599.98,2,C2180,Debit Card
2024-10-10,Mouse,Accessories,South,24.99,1,C1684,PayPal
2024-10-10,Mousepad,Accessories,North,19.99,1,C2209,Debit Card
2024-10-10,LED Desk Lamp,Office Supplies,South,45.99,1,C2476,Debit Card
2024-10-10,Mousepad,Accessories,East,19.99,1,C1763,PayPal
2024-10-10,LED Desk Lamp,Office Supplies,South,41.39,1,C1834,PayPal
2024-10-10,LED Desk Lamp,Office Supplies,North,41.39,1,C1884,Credit Card
2024-10-10,Ergonomic Chair,Office Supplies,North,249.99,1,C2088,Debit Card
2024-10-10,Desk Organizer,Office Supplies,South,142.45,5,C1913,Cash
2024-10-10,Keyboard,Accessories,South,151.98,2,C1128,Cash
2024-10-10,Desk Organizer,Office Supplies,East,29.99,1,C1929,Debit Card
2024-10-10,Ergonomic Chair,Office Supplies,East,499.98,2,C1322,Debit Card
2024-10-10,Webcam,Electronics,North,269.97,3,C1668,Cash
2024-10-10,Power Bank,Accessories,North,199.95,5,C1926,Cash
2024-10-10,Notebook,Office Supplies,North,18.98,2,C1199,Credit Card
2024-10-10,USB Cable,Accessories,South,11.69,1,C1112,PayPal
2024-10-10,Headphones,Electronics,South,575.96,4,C1274,Credit Card
2024-10-11,LED Desk Lamp,Office Supplies,West,43.69,1,C1763,Cash
2024-10-11,Laptop,Electronics,North,1299.99,1,C1966,PayPal
2024-10-11,Mouse,Accessories,East,124.95,5,C2075,Debit Card
2024-10-11,Laptop,Electronics,West,1299.99,1,C2064,Credit Card
2024-10-11,USB Cable,Accessories,East,24.68,2,C1774,PayPal
2024-10-11,Mousepad,Accessories,East,39.98,2,C1215,Debit Card
2024-10-11,Webcam,Electronics,North,89.99,1,C1760,Debit Card
2024-10-11,Tablet,Electronics,East,1349.97,3,C1310,Cash
2024-10-11,Monitor,Electronics,West,699.98,2,C1198,Debit Card
2024-10-11,Monitor,Electronics,West,314.99,1,C2453,Debit Card
2024-10-11,Tablet,Electronics,West,449.99,1,C1966,Credit Card
2024-10-11,LED Desk Lamp,Office Supplies,South,41.39,1,C1759,Cash
2024-10-11,Power Bank,Accessories,South,37.99,1,C2227,PayPal
2024-10-11,Notebook,Office Supplies,West,19.98,2,C1739,PayPal
2024-10-11,Mousepad,Accessories,South,19.99,1,C1593,Cash
2024-10-11,LED Desk Lamp,Office Supplies,East,137.97,3,C1796,Cash
2024-10-11,Ergonomic Chair,Office Supplies,South,499.98,2,C1826,Credit Card
2024-10-11,Mouse,Accessories,North,249.9,10,C1512,Cash
2024-10-11,Desk Organizer,Office Supplies,South,227.92,8,C1476,Debit Card
2024-10-11,USB Cable,Accessories,North,25.98,2,C1718,Credit Card
2024-10-11,LED Desk Lamp,Office Supplies,North,43.69,1,C1640,Cash
2024-10-11,Keyboard,Accessories,West,143.98,2,C2423,Debit Card
2024-10-11,Tablet,Electronics,North,499.99,1,C1372,Debit Card
2024-10-11,Monitor,Electronics,East,349.99,1,C2462,PayPal
2024-10-11,Monitor,Electronics,South,1399.96,4,C2330,PayPal
2024-10-12,Power Bank,Accessories,West,35.99,1,C1785,PayPal
2024-10-12,USB Cable,Accessories,East,23.38,2,C2333,PayPal
2024-10-12,Keyboard,Accessories,North,159.98,2,C1937,Credit Card
2024-10-12,LED Desk Lamp,Office Supplies,South,165.56,4,C2181,Debit Card
2024-10-12,Webcam,Electronics,West,427.45,5,C1798,Cash
2024-10-12,Keyboard,Accessories,South,79.99,1,C1307,PayPal
2024-10-12,Tablet,Electronics,East,449.99,1,C2237,Credit Card
2024-10-12,Desk Organizer,Office Supplies,East,28.49,1,C2047,Credit Card
2024-10-12,Tablet,Electronics,South,1999.96,4,C1795,Cash
2024-10-12,Webcam,Electronics,South,89.99,1,C1403,Credit Card
2024-10-12,Power Bank,Accessories,East,75.98,2,C1086,Credit Card
2024-10-12,USB Cable,Accessories,North,11.69,1,C1521,Debit Card
2024-10-12,Headphones,Electronics,North,151.99,1,C2405,Credit Card
2024-10-12,Desk Organizer,Office Supplies,North,113.96,4,C1903,PayPal
2024-10-12,Ergonomic Chair,Office Supplies,South,249.99,1,C2110,Debit Card
2024-10-12,USB Cable,Accessories,South,12.34,1,C1890,Credit Card
2024-10-12,Monitor,Electronics,West,314.99,1,C1122,Credit Card
2024-10-12,Ergonomic Chair,Office Supplies,North,224.99,1,C2433,Debit Card
2024-10-12,Ergonomic Chair,Office Supplies,South,237.49,1,C1640,Cash
2024-10-12,Mousepad,Accessories,North,19.99,1,C1162,Credit Card
2024-10-12,Mouse,Accessories,West,24.99,1,C1254,Cash
2024-10-12,Smartphone,Electronics,South,799.99,1,C2418,Debit Card
2024-10-12,LED Desk Lamp,Office Supplies,North,183.96,4,C1714,PayPal
2024-10-12,Ergonomic Chair,Office Supplies,North,449.98,2,C2233,Debit Card
2024-10-12,Notebook,Office Supplies,East,9.99,1,C2242,PayPal
2024-10-12,Monitor,Electronics,East,314.99,1,C1840,Credit Card
2024-10-13,Keyboard,Accessories,West,71.99,1,C1542,Credit Card
2024-10-13,Smartphone,Electronics,South,799.99,1,C1781,Debit Card
2024-10-13,Desk Organizer,Office Supplies,North,119.96,4,C1968,Credit Card
2024-10-13,Power Bank,Accessories,South,39.99,1,C1805,Debit Card
2024-10-13,Desk Organizer,Office Supplies,North,59.98,2,C1559,Debit Card
2024-10-13,Notebook,Office Supplies,North,8.99,1,C2060,Debit Card
2024-10-13,Power Bank,Accessories,South,199.95,5,C2356,PayPal
2024-10-13,Tablet,Electronics,South,949.98,2,C1285,Debit Card
2024-10-13,Mousepad,Accessories,North,79.96,4,C2307,Debit Card
2024-10-13,Monitor,Electronics,South,314.99,1,C1543,PayPal
2024-10-13,LED Desk Lamp,Office Supplies,North,183.96,4,C2168,PayPal
2024-10-13,Desk Organizer,Office Supplies,West,53.98,2,C1407,Credit Card
2024-10-13,Mouse,Accessories,South,112.45,5,C1437,Cash
2024-10-13,LED Desk Lamp,Office Supplies,West,87.38,2,C2291,Cash
2024-10-13,Monitor,Electronics,North,332.49,1,C1348,Cash
2024-10-13,Mouse,Accessories,East,23.74,1,C1642,Debit Card
2024-10-13,Notebook,Office Supplies,West,17.98,2,C1787,Debit Card
2024-10-13,Keyboard,Accessories,North,159.98,2,C1936,PayPal
2024-10-13,LED Desk Lamp,Office Supplies,South,183.96,4,C2117,Credit Card
2024-10-13,Monitor,Electronics,North,314.99,1,C1733,PayPal
2024-10-13,Power Bank,Accessories,South,37.99,1,C2104,PayPal
2024-10-13,Power Bank,Accessories,North,39.99,1,C1280,Credit Card
2024-10-13,LED Desk Lamp,Office Supplies,South,137.97,3,C1514,Cash
2024-10-13,LED Desk Lamp,Office Supplies,East,131.07,3,C1972,Debit Card
2024-10-13,Desk Organizer,Office Supplies,North,26.99,1,C1679,Debit Card
2024-10-13,Mouse,Accessories,East,44.98,2,C1264,Debit Card
2024-10-14,Notebook,Office Supplies,North,39.96,4,C1138,PayPal
2024-10-14,Headphones,Electronics,South,159.99,1,C2354,Debit Card
2024-10-14,Mouse,Accessories,East,99.96,4,C2252,Debit Card
2024-10-14,Power Bank,Accessories,East,39.99,1,C1640,PayPal
2024-10-14,Mousepad,Accessories,East,19.99,1,C1656,Cash
2024-10-14,Headphones,Electronics,West,319.98,2,C2135,PayPal
2024-10-14,Power Bank,Accessories,North,119.97,3,C2368,PayPal
2024-10-14,Webcam,Electronics,South,256.47,3,C1382,Credit Card
2024-10-14,Desk Organizer,Office Supplies,South,29.99,1,C1663,Credit Card
2024-10-14,Notebook,Office Supplies,North,9.99,1,C2110,Credit Card
2024-10-14,Ergonomic Chair,Office Supplies,East,237.49,1,C1548,Debit Card
2024-10-14,Mouse,Accessories,South,49.98,2,C1757,Debit Card
2024-10-14,Keyboard,Accessories,East,71.99,1,C1374,Cash
2024-10-14,LED Desk Lamp,Office Supplies,West,91.98,2,C1520,Cash
2024-10-14,Mouse,Accessories,South,22.49,1,C1819,PayPal
2024-10-14,LED Desk Lamp,Office Supplies,South,82.78,2,C1960,Debit Card
2024-10-14,USB Cable,Accessories,North,11.69,1,C1474,Credit Card
2024-10-14,Mouse,Accessories,South,22.49,1,C1803,PayPal
2024-10-14,Smartphone,Electronics,West,799.99,1,C1570,Credit Card
2024-10-14,Desk Organizer,Office Supplies,North,59.98,2,C2263,PayPal
2024-10-14,Notebook,Office Supplies,West,39.96,4,C1785,Debit Card
2024-10-14,Power Bank,Accessories,East,159.96,4,C2038,PayPal
2024-10-14,Notebook,Office Supplies,North,19.98,2,C1493,PayPal
2024-10-14,Webcam,Electronics,South,80.99,1,C1286,Cash
2024-10-15,LED Desk Lamp,Office Supplies,South,91.98,2,C1595,PayPal
2024-10-15,Notebook,Office Supplies,North,28.47,3,C1054,Cash
2024-10-15,Desk Organizer,Office Supplies,South,149.95,5,C1035,Credit Card
2024-10-15,LED Desk Lamp,Office Supplies,East,45.99,1,C2088,Cash
2024-10-15,Monitor,Electronics,East,1049.97,3,C2457,Debit Card
2024-10-15,Monitor,Electronics,South,314.99,1,C1240,PayPal
2024-10-15,Ergonomic Chair,Office Supplies,North,1124.96,5,C1016,Debit Card
2024-10-15,Smartphone,Electronics,East,3999.95,5,C1479,Cash
2024-10-15,Laptop,Electronics,North,1299.99,1,C1543,PayPal
2024-10-15,LED Desk Lamp,Office Supplies,East,45.99,1,C2276,Credit Card
2024-10-15,Mousepad,Accessories,North,18.99,1,C2414,Credit Card
2024-10-15,Monitor,Electronics,South,349.99,1,C2423,PayPal
2024-10-15,Mousepad,Accessories,North,53.97,3,C1570,Cash
2024-10-15,Keyboard,Accessories,West,79.99,1,C1448,PayPal
2024-10-15,Power Bank,Accessories,North,39.99,1,C1823,Debit Card
2024-10-15,Power Bank,Accessories,North,189.95,5,C1483,PayPal
2024-10-15,Mouse,Accessories,East,118.7,5,C2433,Credit Card
2024-10-15,USB Cable,Accessories,East,25.98,2,C1214,Cash
2024-10-15,Mouse,Accessories,North,24.99,1,C1018,Debit Card
2024-10-15,Keyboard,Accessories,East,215.97,3,C1399,Debit Card
2024-10-15,Desk Organizer,Office Supplies,North,26.99,1,C2379,Debit Card
2024-10-15,Notebook,Office Supplies,East,19.98,2,C1342,Debit Card
2024-10-15,Tablet,Electronics,West,474.99,1,C2103,Cash
2024-10-15,Webcam,Electronics,East,359.96,4,C1785,Cash
2024-10-15,Mouse,Accessories,East,22.49,1,C1770,Cash
2024-10-15,Headphones,Electronics,West,159.99,1,C2228,Credit Card
2024-10-15,Webcam,Electronics,North,80.99,1,C2033,Debit Card
2024-10-15,Desk Organizer,Office Supplies,West,53.98,2,C1358,PayPal
2024-10-15,Monitor,Electronics,North,699.98,2,C2002,PayPal
2024-10-15,Webcam,Electronics,North,179.98,2,C1685,Credit Card
2024-10-16,Tablet,Electronics,East,899.98,2,C1836,Debit Card
2024-10-16,Tablet,Electronics,North,499.99,1,C1974,Debit Card
2024-10-16,LED Desk Lamp,Office Supplies,South,45.99,1,C1617,Debit Card
2024-10-16,Desk Organizer,Office Supplies,South,29.99,1,C1402,Credit Card
2024-10-16,Notebook,Office Supplies,South,9.99,1,C1785,Debit Card
2024-10-16,Smartphone,Electronics,West,1439.98,2,C1155,Cash
2024-10-16,Ergonomic Chair,Office Supplies,East,1187.45,5,C1010,Debit Card
2024-10-16,Tablet,Electronics,North,499.99,1,C2162,PayPal
2024-10-16,Monitor,Electronics,West,1749.95,5,C2044,Cash
2024-10-16,USB Cable,Accessories,North,12.99,1,C1485,PayPal
2024-10-16,Mouse,Accessories,North,94.96,4,C2495,Credit Card
2024-10-16,Desk Organizer,Office Supplies,South,85.47,3,C2459,Credit Card
2024-10-16,Keyboard,Accessories,West,319.96,4,C1769,Debit Card
2024-10-16,Laptop,Electronics,South,4939.96,4,C1509,Cash
2024-10-16,Notebook,Office Supplies,South,9.49,1,C1493,PayPal
2024-10-16,LED Desk Lamp,Office Supplies,West,41.39,1,C2360,Credit Card
2024-10-16,Notebook,Office Supplies,West,9.49,1,C2209,Credit Card
2024-10-16,Mouse,Accessories,North,24.99,1,C2434,Cash
2024-10-16,LED Desk Lamp,Office Supplies,East,91.98,2,C1083,PayPal
2024-10-16,Desk Organizer,Office Supplies,South,29.99,1,C1784,PayPal
2024-10-16,Headphones,Electronics,East,287.98,2,C2201,PayPal
2024-10-16,Notebook,Office Supplies,South,9.99,1,C1930,Credit Card
2024-10-16,Desk Organizer,Office Supplies,East,29.99,1,C1239,Debit Card
2024-10-16,Mouse,Accessories,East,47.48,2,C1977,Debit Card
2024-10-17,Mouse,Accessories,East,124.95,5,C1432,Debit Card
2024-10-17,LED Desk Lamp,Office Supplies,East,87.38,2,C2295,PayPal
2024-10-17,Monitor,Electronics,East,349.99,1,C1124,Credit Card
2024-10-17,Power Bank,Accessories,East,35.99,1,C2294,Debit Card
2024-10-17,Webcam,Electronics,East,89.99,1,C2017,PayPal
2024-10-17,USB Cable,Accessories,West,25.98,2,C1225,PayPal
2024-10-17,USB Cable,Accessories,North,12.99,1,C1772,PayPal
2024-10-17,Laptop,Electronics,West,1299.99,1,C1154,Cash
2024-10-17,LED Desk Lamp,Office Supplies,West,41.39,1,C1929,Credit Card
2024-10-17,Ergonomic Chair,Office Supplies,West,499.98,2,C1317,PayPal
2024-10-17,Laptop,Electronics,South,5199.96,4,C1219,PayPal
2024-10-17,Mouse,Accessories,West,124.95,5,C1438,Credit Card
2024-10-17,USB Cable,Accessories,North,64.95,5,C2404,PayPal
2024-10-17,Smartphone,Electronics,South,759.99,1,C2238,Debit Card
2024-10-17,Notebook,Office Supplies,North,9.99,1,C1102,Credit Card
2024-10-17,LED Desk Lamp,Office Supplies,West,91.98,2,C1437,Cash
2024-10-17,Ergonomic Chair,Office Supplies,East,224.99,1,C1590,PayPal
2024-10-17,Keyboard,Accessories,North,79.99,1,C1435,PayPal
2024-10-17,Laptop,Electronics,West,1299.99,1,C2402,Cash
2024-10-17,Mouse,Accessories,West,118.7,5,C1505,Debit Card
2024-10-17,Mousepad,Accessories,North,56.97,3,C2069,Debit Card
2024-10-17,Notebook,Office Supplies,East,9.49,1,C2065,Cash
2024-10-17,Mouse,Accessories,South,124.95,5,C1890,Debit Card
2024-10-18,Laptop,Electronics,South,1299.99,1,C2386,Cash
2024-10-18,USB Cable,Accessories,North,12.34,1,C1789,PayPal
2024-10-18,Mousepad,Accessories,North,99.95,5,C1667,Credit Card
2024-10-18,Desk Organizer,Office Supplies,West,59.98,2,C1734,Cash
2024-10-18,Monitor,Electronics,East,1749.95,5,C1931,Debit Card
2024-10-18,Notebook,Office Supplies,South,9.49,1,C1117,PayPal
2024-10-18,Monitor,Electronics,North,1049.97,3,C1662,Credit Card
2024-10-18,USB Cable,Accessories,South,35.07,3,C1035,Credit Card
2024-10-18,Desk Organizer,Office Supplies,West,53.98,2,C1247,PayPal
2024-10-18,Webcam,Electronics,West,89.99,1,C1847,Cash
2024-10-18,LED Desk Lamp,Office Supplies,South,91.98,2,C2377,PayPal
2024-10-18,USB Cable,Accessories,East,23.38,2,C1018,PayPal
2024-10-18,Mousepad,Accessories,North,19.99,1,C1391,Credit Card
2024-10-18,LED Desk Lamp,Office Supplies,West,41.39,1,C1782,Credit Card
2024-10-18,USB Cable,Accessories,East,51.96,4,C2239,Debit Card
2024-10-18,Notebook,Office Supplies,South,9.99,1,C2378,Cash
2024-10-18,Mouse,Accessories,North,44.98,2,C2102,PayPal
2024-10-18,Notebook,Office Supplies,South,19.98,2,C2361,Credit Card
2024-10-18,Monitor,Electronics,South,349.99,1,C1746,Debit Card
2024-10-18,USB Cable,Accessories,East,35.07,3,C1006,Cash
2024-10-18,Notebook,Office Supplies,North,9.99,1,C2122,Credit Card
2024-10-18,Mousepad,Accessories,South,18.99,1,C2390,Credit Card
2024-10-18,Headphones,Electronics,East,159.99,1,C2482,Cash
2024-10-18,Mouse,Accessories,South,22.49,1,C1672,Cash
2024-10-18,Mouse,Accessories,West,49.98,2,C2186,Credit Card
2024-10-18,Tablet,Electronics,North,999.98,2,C2347,Debit Card
2024-10-18,LED Desk Lamp,Office Supplies,North,183.96,4,C2000,Debit Card
2024-10-18,Mouse,Accessories,West,49.98,2,C2069,Cash
2024-10-19,Power Bank,Accessories,South,119.97,3,C1014,Debit Card
2024-10-19,Mouse,Accessories,West,118.7,5,C1561,Credit Card
2024-10-19,USB Cable,Accessories,East,64.95,5,C1476,Credit Card
2024-10-19,Webcam,Electronics,West,89.99,1,C1783,Debit Card
2024-10-19,Power Bank,Accessories,East,199.95,5,C1962,Cash
2024-10-19,Keyboard,Accessories,West,79.99,1,C2445,Cash
2024-10-19,Desk Organizer,Office Supplies,East,59.98,2,C1309,Credit Card
2024-10-19,Notebook,Office Supplies,East,9.49,1,C1377,PayPal
2024-10-19,USB Cable,Accessories,North,11.69,1,C1412,Debit Card
2024-10-19,USB Cable,Accessories,South,12.99,1,C1258,PayPal
2024-10-19,Monitor,Electronics,North,629.98,2,C1538,Cash
2024-10-19,Notebook,Office Supplies,West,19.98,2,C2448,Debit Card
2024-10-19,LED Desk Lamp,Office Supplies,East,45.99,1,C1301,Credit Card
2024-10-19,Mousepad,Accessories,North,19.99,1,C1594,Debit Card
2024-10-19,Desk Organizer,Office Supplies,East,28.49,1,C1554,Credit Card
2024-10-19,Mouse,Accessories,West,24.99,1,C2487,PayPal
2024-10-19,Laptop,Electronics,South,2469.98,2,C2495,Debit Card
2024-10-19,Tablet,Electronics,South,1499.97,3,C1483,Cash
2024-10-19,Desk Organizer,Office Supplies,East,29.99,1,C1352,PayPal
2024-10-19,Smartphone,Electronics,West,2159.97,3,C1730,PayPal
2024-10-19,LED Desk Lamp,Office Supplies,South,137.97,3,C1390,Credit Card
2024-10-19,Ergonomic Chair,Office Supplies,West,237.49,1,C1833,PayPal
2024-10-19,Mouse,Accessories,South,49.98,2,C1998,Debit Card
2024-10-19,LED Desk Lamp,Office Supplies,West,183.96,4,C1790,Cash
2024-10-19,Desk Organizer,Office Supplies,North,29.99,1,C2190,PayPal
2024-10-19,Notebook,Office Supplies,West,9.49,1,C2441,Cash
2024-10-19,Power Bank,Accessories,West,79.98,2,C1403,PayPal
2024-10-19,Keyboard,Accessories,North,239.97,3,C1688,Debit Card
2024-10-19,LED Desk Lamp,Office Supplies,North,45.99,1,C1295,Cash
2024-10-19,Laptop,Electronics,East,1299.99,1,C1877,Debit Card
2024-10-19,Notebook,Office Supplies,East,8.99,1,C1488,Credit Card
2024-10-19,Notebook,Office Supplies,West,9.99,1,C2028,Cash
2024-10-20,LED Desk Lamp,Office Supplies,West,43.69,1,C1290,Cash
2024-10-20,Mousepad,Accessories,East,19.99,1,C1014,Debit Card
2024-10-20,Ergonomic Chair,Office Supplies,East,249.99,1,C2238,PayPal
2024-10-20,Laptop,Electronics,West,1299.99,1,C2431,Cash
2024-10-20,Laptop,Electronics,South,1299.99,1,C1217,Credit Card
2024-10-20,Power Bank,Accessories,South,107.97,3,C1767,Credit Card
2024-10-20,Desk Organizer,Office Supplies,East,59.98,2,C1344,PayPal
2024-10-20,Monitor,Electronics,West,349.99,1,C1230,Credit Card
2024-10-20,Power Bank,Accessories,East,379.91,10,C2303,Debit Card
2024-10-20,LED Desk Lamp,Office Supplies,North,459.9,10,C2262,Credit Card
2024-10-20,Desk Organizer,Office Supplies,North,119.96,4,C1999,Debit Card
2024-10-20,Headphones,Electronics,North,159.99,1,C2033,Credit Card
2024-10-20,Laptop,Electronics,North,1299.99,1,C1626,PayPal
2024-10-20,Keyboard,Accessories,East,79.99,1,C2491,Cash
2024-10-20,Notebook,Office Supplies,West,9.49,1,C2381,PayPal
2024-10-20,Ergonomic Chair,Office Supplies,North,249.99,1,C1334,PayPal
2024-10-20,Power Bank,Accessories,South,35.99,1,C2462,PayPal
2024-10-20,Desk Organizer,Office Supplies,West,56.98,2,C1935,Cash
2024-10-20,Mouse,Accessories,North,24.99,1,C1041,Credit Card
2024-10-20,Mousepad,Accessories,East,37.98,2,C1549,Credit Card
2024-10-20,Notebook,Office Supplies,North,79.92,8,C1058,Credit Card
2024-10-20,Mouse,Accessories,West,24.99,1,C1938,PayPal
2024-10-20,Headphones,Electronics,East,479.97,3,C1005,Cash
2024-10-20,Webcam,Electronics,West,256.47,3,C1136,Debit Card
2024-10-20,Power Bank,Accessories,West,39.99,1,C1354,Debit Card
2024-10-20,LED Desk Lamp,Office Supplies,South,45.99,1,C1946,Credit Card
2024-10-20,Webcam,Electronics,West,269.97,3,C1234,Cash
2024-10-20,Desk Organizer,Office Supplies,South,29.99,1,C1905,Credit Card
2024-10-20,Headphones,Electronics,North,151.99,1,C1016,Credit Card
2024-10-20,Keyboard,Accessories,West,79.99,1,C1868,Credit Card
2024-10-20,Notebook,Office Supplies,South,18.98,2,C1006,Credit Card
2024-10-20,Keyboard,Accessories,North,159.98,2,C2176,PayPal
2024-10-21,Power Bank,Accessories,North,199.95,5,C1799,Cash
2024-10-21,Headphones,Electronics,West,303.98,2,C2084,Debit Card
2024-10-21,Ergonomic Chair,Office Supplies,East,237.49,1,C1164,Cash
2024-10-21,Smartphone,Electronics,South,799.99,1,C1464,Debit Card
2024-10-21,Power Bank,Accessories,North,75.98,2,C1224,PayPal
2024-10-21,Mouse,Accessories,South,74.97,3,C2487,Cash
2024-10-21,Keyboard,Accessories,North,79.99,1,C2244,Cash
2024-10-21,Webcam,Electronics,East,89.99,1,C1897,PayPal
2024-10-21,Mouse,Accessories,West,23.74,1,C1661,Cash
2024-10-21,USB Cable,Accessories,North,12.99,1,C2391,Credit Card
2024-10-21,USB Cable,Accessories,North,12.34,1,C1152,Credit Card
2024-10-21,LED Desk Lamp,Office Supplies,East,45.99,1,C1332,Credit Card
2024-10-21,Keyboard,Accessories,East,75.99,1,C2138,Debit Card
2024-10-21,Smartphone,Electronics,North,799.99,1,C1711,Debit Card
2024-10-21,Headphones,Electronics,South,479.97,3,C1062,Credit Card
2024-10-21,Laptop,Electronics,South,4939.96,4,C1793,Debit Card
2024-10-21,Power Bank,Accessories,South,71.98,2,C1065,PayPal
2024-10-21,Ergonomic Chair,Office Supplies,North,999.96,4,C1664,Credit Card
2024-10-21,LED Desk Lamp,Office Supplies,South,87.38,2,C1520,Cash
2024-10-21,Smartphone,Electronics,North,1439.98,2,C1734,Credit Card
2024-10-21,Headphones,Electronics,West,159.99,1,C2284,Credit Card
2024-10-21,Smartphone,Electronics,East,799.99,1,C1624,Debit Card
2024-10-21,Mouse,Accessories,South,67.47,3,C2346,Credit Card
2024-10-21,Desk Organizer,Office Supplies,East,29.99,1,C1321,PayPal
2024-10-21,Notebook,Office Supplies,East,49.95,5,C2191,Credit Card
2024-10-21,Power Bank,Accessories,North,79.98,2,C1798,Debit Card
2024-10-21,Ergonomic Chair,Office Supplies,West,249.99,1,C2380,Debit Card
2024-10-22,Desk Organizer,Office Supplies,West,53.98,2,C1881,PayPal
2024-10-22,USB Cable,Accessories,South,12.34,1,C1373,Cash
2024-10-22,Laptop,Electronics,South,2599.98,2,C1790,Credit Card
2024-10-22,Monitor,Electronics,South,332.49,1,C1207,Credit Card
2024-10-22,Desk Organizer,Office Supplies,North,56.98,2,C1496,Cash
2024-10-22,Webcam,Electronics,North,161.98,2,C2065,PayPal
2024-10-22,Webcam,Electronics,North,89.99,1,C2311,Cash
2024-10-22,Desk Organizer,Office Supplies,North,26.99,1,C1030,Cash
2024-10-22,Notebook,Office Supplies,South,9.99,1,C1623,Credit Card
2024-10-22,Smartphone,Electronics,North,759.99,1,C1593,Credit Card
2024-10-22,Ergonomic Chair,Office Supplies,South,237.49,1,C2353,PayPal
2024-10-22,Notebook,Office Supplies,South,19.98,2,C1287,PayPal
2024-10-22,Tablet,Electronics,East,1499.97,3,C1508,Credit Card
2024-10-22,Ergonomic Chair,Office Supplies,South,1249.95,5,C1274,Credit Card
2024-10-22,Power Bank,Accessories,West,75.98,2,C1034,Cash
2024-10-22,Keyboard,Accessories,South,159.98,2,C2110,PayPal
2024-10-22,Smartphone,Electronics,South,799.99,1,C1463,Cash
2024-10-22,Mouse,Accessories,East,49.98,2,C2250,PayPal
2024-10-22,Monitor,Electronics,South,349.99,1,C2005,PayPal
2024-10-22,Desk Organizer,Office Supplies,South,29.99,1,C1272,Cash
2024-10-22,Headphones,Electronics,South,639.96,4,C2306,Debit Card
2024-10-22,Desk Organizer,Office Supplies,West,29.99,1,C2426,Cash
2024-10-22,Power Bank,Accessories,East,37.99,1,C1959,Credit Card
2024-10-22,Tablet,Electronics,South,474.99,1,C1938,Credit Card
2024-10-22,Tablet,Electronics,North,499.99,1,C1638,Credit Card
2024-10-22,Power Bank,Accessories,North,35.99,1,C1744,Credit Card
2024-10-23,Power Bank,Accessories,North,319.92,8,C1571,Credit Card
2024-10-23,Desk Organizer,Office Supplies,North,29.99,1,C1269,Credit Card
2024-10-23,Mouse,Accessories,West,24.99,1,C2203,Debit Card
2024-10-23,Laptop,Electronics,West,1299.99,1,C2118,Credit Card
2024-10-23,Webcam,Electronics,East,269.97,3,C1849,Cash
2024-10-23,Desk Organizer,Office Supplies,South,56.98,2,C1556,Cash
2024-10-23,Power Bank,Accessories,South,113.97,3,C1908,Credit Card
2024-10-23,Webcam,Electronics,North,179.98,2,C2035,Debit Card
2024-10-23,Monitor,Electronics,West,349.99,1,C2176,Credit Card
2024-10-23,Laptop,Electronics,West,2599.98,2,C1884,Debit Card
2024-10-23,Smartphone,Electronics,West,799.99,1,C1257,Credit Card
2024-10-23,Mousepad,Accessories,East,39.98,2,C2040,Cash
2024-10-23,Power Bank,Accessories,North,39.99,1,C2014,Cash
2024-10-23,Smartphone,Electronics,West,759.99,1,C1723,PayPal
2024-10-23,Headphones,Electronics,South,455.97,3,C2404,Cash
2024-10-23,Headphones,Electronics,East,319.98,2,C1091,Credit Card
2024-10-23,Laptop,Electronics,West,3899.97,3,C1244,Credit Card
2024-10-23,USB Cable,Accessories,South,25.98,2,C1975,Credit Card
2024-10-23,Laptop,Electronics,East,1169.99,1,C1283,Cash
2024-10-23,Smartphone,Electronics,South,799.99,1,C1291,PayPal
2024-10-23,Notebook,Office Supplies,West,49.95,5,C2223,Cash
2024-10-23,Webcam,Electronics,South,161.98,2,C2445,PayPal
2024-10-23,Monitor,Electronics,North,314.99,1,C2169,PayPal
2024-10-23,Smartphone,Electronics,South,719.99,1,C1846,Credit Card
2024-10-23,Smartphone,Electronics,South,1599.98,2,C2275,Debit Card
2024-10-23,Laptop,Electronics,South,1299.99,1,C1887,Debit Card
2024-10-24,Monitor,Electronics,North,349.99,1,C1778,Debit Card
2024-10-24,LED Desk Lamp,Office Supplies,West,82.78,2,C1712,Cash
2024-10-24,Headphones,Electronics,East,143.99,1,C2135,PayPal
2024-10-24,Monitor,Electronics,North,699.98,2,C1414,PayPal
2024-10-24,LED Desk Lamp,Office Supplies,East,124.17,3,C2395,Credit Card
2024-10-24,Mouse,Accessories,South,67.47,3,C1865,PayPal
2024-10-24,Mouse,Accessories,North,49.98,2,C1595,Debit Card
2024-10-24,Headphones,Electronics,West,799.95,5,C1592,PayPal
2024-10-24,Desk Organizer,Office Supplies,North,28.49,1,C1453,Credit Card
2024-10-24,USB Cable,Accessories,West,103.92,8,C1303,Cash
2024-10-24,Tablet,Electronics,South,999.98,2,C1154,Credit Card
2024-10-24,Webcam,Electronics,North,89.99,1,C1431,Cash
2024-10-24,Monitor,Electronics,West,699.98,2,C1155,Cash
2024-10-24,Smartphone,Electronics,East,2879.96,4,C1640,Credit Card
2024-10-24,Ergonomic Chair,Office Supplies,South,474.98,2,C1395,PayPal
2024-10-24,Webcam,Electronics,North,170.98,2,C1986,Cash
2024-10-24,USB Cable,Accessories,North,58.46,5,C1102,PayPal
2024-10-24,Mousepad,Accessories,North,18.99,1,C1926,PayPal
2024-10-24,Desk Organizer,Office Supplies,South,28.49,1,C2260,Credit Card
2024-10-24,Notebook,Office Supplies,West,19.98,2,C2228,PayPal
2024-10-24,Ergonomic Chair,Office Supplies,South,249.99,1,C1694,PayPal
2024-10-24,Mouse,Accessories,North,49.98,2,C1588,Credit Card
2024-10-24,Mouse,Accessories,West,24.99,1,C1286,Cash
2024-10-24,LED Desk Lamp,Office Supplies,South,41.39,1,C1510,PayPal
2024-10-24,LED Desk Lamp,Office Supplies,South,183.96,4,C1534,Cash
2024-10-24,Desk Organizer,Office Supplies,South,29.99,1,C1365,Debit Card
2024-10-24,Mouse,Accessories,West,24.99,1,C1968,PayPal
2024-10-24,Ergonomic Chair,Office Supplies,West,499.98,2,C2312,Cash
2024-10-24,Smartphone,Electronics,South,3039.96,4,C2435,Credit Card
2024-10-24,Power Bank,Accessories,West,119.97,3,C2374,PayPal
2024-10-24,Monitor,Electronics,East,1049.97,3,C2391,Credit Card
2024-10-24,Ergonomic Chair,Office Supplies,East,749.97,3,C2054,PayPal
2024-10-24,Ergonomic Chair,Office Supplies,South,249.99,1,C2314,Credit Card
2024-10-25,LED Desk Lamp,Office Supplies,East,124.17,3,C2255,Credit Card
2024-10-25,Ergonomic Chair,Office Supplies,North,224.99,1,C1405,Cash
2024-10-25,USB Cable,Accessories,South,12.99,1,C1485,PayPal
2024-10-25,USB Cable,Accessories,South,37.02,3,C2054,Debit Card
2024-10-25,Tablet,Electronics,East,499.99,1,C1120,Cash
2024-10-25,USB Cable,Accessories,North,12.99,1,C1535,PayPal
2024-10-25,Mousepad,Accessories,East,56.97,3,C1382,Debit Card
2024-10-25,Mousepad,Accessories,South,53.97,3,C1346,PayPal
2024-10-25,Mouse,Accessories,East,24.99,1,C1446,Credit Card
2024-10-25,Headphones,Electronics,North,159.99,1,C1517,Cash
2024-10-25,Webcam,Electronics,West,242.97,3,C1120,Cash
2024-10-25,Notebook,Office Supplies,South,26.97,3,C2360,Cash
2024-10-25,Notebook,Office Supplies,West,44.96,5,C1138,Debit Card
2024-10-25,USB Cable,Accessories,South,12.99,1,C1871,Credit Card
2024-10-25,Laptop,Electronics,South,2469.98,2,C1341,Credit Card
2024-10-25,Mouse,Accessories,East,199.92,8,C2297,PayPal
2024-10-25,Mouse,Accessories,North,23.74,1,C1616,PayPal
2024-10-25,LED Desk Lamp,Office Supplies,West,43.69,1,C1112,Debit Card
2024-10-25,Smartphone,Electronics,North,759.99,1,C1011,Debit Card
2024-10-25,Notebook,Office Supplies,West,26.97,3,C2458,Debit Card
2024-10-25,Notebook,Office Supplies,West,39.96,4,C1824,Cash
2024-10-25,Monitor,Electronics,West,349.99,1,C2057,Cash
2024-10-25,Smartphone,Electronics,South,1599.98,2,C2439,PayPal
2024-10-25,Smartphone,Electronics,West,1599.98,2,C1981,Debit Card
2024-10-25,USB Cable,Accessories,South,123.41,10,C2044,Cash
2024-10-25,Ergonomic Chair,Office Supplies,East,474.98,2,C2112,Cash
2024-10-25,Tablet,Electronics,East,499.99,1,C1990,Cash
2024-10-25,Notebook,Office Supplies,East,17.98,2,C2414,Cash
2024-10-25,Monitor,Electronics,South,349.99,1,C1659,Debit Card
2024-10-25,Keyboard,Accessories,North,79.99,1,C2059,Cash
2024-10-25,Desk Organizer,Office Supplies,East,56.98,2,C2406,Cash
2024-10-26,Notebook,Office Supplies,East,37.96,4,C1655,PayPal
2024-10-26,Notebook,Office Supplies,East,19.98,2,C1846,Cash
2024-10-26,Laptop,Electronics,South,1299.99,1,C2476,Debit Card
2024-10-26,Laptop,Electronics,South,1299.99,1,C1557,PayPal
2024-10-26,Webcam,Electronics,North,179.98,2,C1238,Credit Card
2024-10-26,Monitor,Electronics,West,314.99,1,C1610,Cash
2024-10-26,Ergonomic Chair,Office Supplies,North,249.99,1,C2154,Credit Card
2024-10-26,Smartphone,Electronics,West,2159.97,3,C1795,Cash
2024-10-26,Webcam,Electronics,North,89.99,1,C1705,Debit Card
2024-10-26,Ergonomic Chair,Office Supplies,East,249.99,1,C2023,Credit Card
2024-10-26,Mousepad,Accessories,North,19.99,1,C2492,Cash
2024-10-26,Webcam,Electronics,North,179.98,2,C1350,Debit Card
2024-10-26,Mousepad,Accessories,South,59.97,3,C1627,Cash
2024-10-26,Mousepad,Accessories,East,19.99,1,C2071,Cash
2024-10-26,Ergonomic Chair,Office Supplies,North,237.49,1,C1217,Credit Card
2024-10-26,Tablet,Electronics,South,1424.97,3,C1791,PayPal
2024-10-26,Monitor,Electronics,West,349.99,1,C1724,Cash
2024-10-26,Laptop,Electronics,East,1299.99,1,C1821,Debit Card
2024-10-26,Smartphone,Electronics,East,1599.98,2,C1031,Credit Card
2024-10-26,Webcam,Electronics,West,85.49,1,C1671,PayPal
2024-10-26,Laptop,Electronics,South,6499.95,5,C1258,Cash
2024-10-26,Mouse,Accessories,East,44.98,2,C2161,Credit Card
2024-10-26,Mouse,Accessories,North,44.98,2,C1026,PayPal
2024-10-26,Ergonomic Chair,Office Supplies,North,249.99,1,C1291,PayPal
2024-10-26,Desk Organizer,Office Supplies,South,29.99,1,C2337,Credit Card
2024-10-26,Headphones,Electronics,West,319.98,2,C1532,Cash
2024-10-26,Monitor,Electronics,South,944.97,3,C1527,PayPal
2024-10-27,USB Cable,Accessories,South,25.98,2,C1426,Cash
2024-10-27,Ergonomic Chair,Office Supplies,South,237.49,1,C1471,Cash
2024-10-27,Mouse,Accessories,South,112.45,5,C2195,Debit Card
2024-10-27,Power Bank,Accessories,North,159.96,4,C1016,PayPal
2024-10-27,Laptop,Electronics,East,1169.99,1,C1703,Debit Card
2024-10-27,Power Bank,Accessories,South,39.99,1,C1761,Credit Card
2024-10-27,LED Desk Lamp,Office Supplies,East,82.78,2,C2215,PayPal
2024-10-27,Keyboard,Accessories,South,79.99,1,C2005,Cash
2024-10-27,Laptop,Electronics,North,2469.98,2,C1399,PayPal
2024-10-27,Mouse,Accessories,East,22.49,1,C2128,Cash
2024-10-27,LED Desk Lamp,Office Supplies,South,91.98,2,C2177,Cash
2024-10-27,Mouse,Accessories,North,67.47,3,C2136,Debit Card
2024-10-27,LED Desk Lamp,Office Supplies,East,137.97,3,C1159,Debit Card
2024-10-27,Laptop,Electronics,South,11699.91,10,C1945,Debit Card
2024-10-27,Power Bank,Accessories,North,39.99,1,C1706,PayPal
2024-10-27,USB Cable,Accessories,North,11.69,1,C2411,Debit Card
2024-10-27,Desk Organizer,Office Supplies,North,29.99,1,C1986,PayPal
2024-10-27,Headphones,Electronics,South,799.95,5,C2192,Debit Card
2024-10-27,Webcam,Electronics,North,80.99,1,C1651,Credit Card
2024-10-27,USB Cable,Accessories,East,49.36,4,C1145,Cash
2024-10-27,LED Desk Lamp,Office Supplies,East,91.98,2,C1145,Cash
2024-10-27,Monitor,Electronics,North,349.99,1,C1584,Debit Card
2024-10-27,USB Cable,Accessories,East,25.98,2,C1412,Debit Card
2024-10-27,Notebook,Office Supplies,East,9.49,1,C1226,Debit Card
2024-10-27,Ergonomic Chair,Office Supplies,North,1249.95,5,C1853,Credit Card
2024-10-28,Keyboard,Accessories,North,71.99,1,C1593,Credit Card
2024-10-28,Webcam,Electronics,East,899.9,10,C1341,PayPal
2024-10-28,USB Cable,Accessories,East,11.69,1,C1951,Cash
2024-10-28,Mousepad,Accessories,South,19.99,1,C1155,Credit Card
2024-10-28,Power Bank,Accessories,North,71.98,2,C2053,Cash
2024-10-28,Headphones,Electronics,South,159.99,1,C2272,Cash
2024-10-28,Notebook,Office Supplies,South,9.49,1,C2414,PayPal
2024-10-28,Notebook,Office Supplies,West,9.49,1,C2248,Credit Card
2024-10-28,Tablet,Electronics,South,1899.96,4,C1780,Debit Card
2024-10-28,Headphones,Electronics,East,287.98,2,C1649,Cash
2024-10-28,LED Desk Lamp,Office Supplies,East,91.98,2,C1902,Cash
2024-10-28,LED Desk Lamp,Office Supplies,South,183.96,4,C1236,Cash
2024-10-28,Desk Organizer,Office Supplies,South,29.99,1,C1978,Cash
2024-10-28,Desk Organizer,Office Supplies,East,29.99,1,C1911,Credit Card
2024-10-28,Ergonomic Chair,Office Supplies,South,474.98,2,C2419,Debit Card
2024-10-28,Desk Organizer,Office Supplies,South,28.49,1,C2399,Credit Card
2024-10-28,USB Cable,Accessories,North,12.99,1,C1787,Cash
2024-10-28,Desk Organizer,Office Supplies,South,29.99,1,C1222,Credit Card
2024-10-28,Ergonomic Chair,Office Supplies,West,237.49,1,C1424,PayPal
2024-10-28,Desk Organizer,Office Supplies,South,59.98,2,C1726,Credit Card
2024-10-28,LED Desk Lamp,Office Supplies,West,331.13,8,C1121,Debit Card
2024-10-28,Keyboard,Accessories,North,79.99,1,C1194,Debit Card
2024-10-28,Keyboard,Accessories,North,71.99,1,C2190,Cash
2024-10-28,Laptop,Electronics,North,2339.98,2,C1469,Credit Card
2024-10-29,Mousepad,Accessories,South,19.99,1,C1545,PayPal
2024-10-29,Power Bank,Accessories,South,39.99,1,C1015,Credit Card
2024-10-29,Desk Organizer,Office Supplies,West,28.49,1,C1536,PayPal
2024-10-29,Tablet,Electronics,West,474.99,1,C1975,PayPal
2024-10-29,Desk Organizer,Office Supplies,South,29.99,1,C1759,PayPal
2024-10-29,Notebook,Office Supplies,South,47.45,5,C1141,Credit Card
2024-10-29,Power Bank,Accessories,West,37.99,1,C1124,Cash
2024-10-29,Headphones,Electronics,South,159.99,1,C2088,Credit Card
2024-10-29,Ergonomic Chair,Office Supplies,West,249.99,1,C1427,Debit Card
2024-10-29,Ergonomic Chair,Office Supplies,West,224.99,1,C1142,Cash
2024-10-29,Notebook,Office Supplies,North,9.99,1,C1920,Cash
2024-10-29,Mouse,Accessories,North,71.22,3,C1443,Cash
2024-10-29,Webcam,Electronics,East,89.99,1,C1732,Debit Card
2024-10-29,Ergonomic Chair,Office Supplies,East,1249.95,5,C2390,Debit Card
2024-10-29,Laptop,Electronics,North,1169.99,1,C2436,Debit Card
2024-10-29,Notebook,Office Supplies,North,18.98,2,C1977,Credit Card
2024-10-29,USB Cable,Accessories,South,25.98,2,C1153,Debit Card
2024-10-29,Mouse,Accessories,South,99.96,4,C1800,Cash
2024-10-29,Tablet,Electronics,West,499.99,1,C1083,PayPal
2024-10-29,Monitor,Electronics,North,997.47,3,C1952,Credit Card
2024-10-29,Mouse,Accessories,North,23.74,1,C2035,Credit Card
2024-10-29,Mousepad,Accessories,East,19.99,1,C2106,Debit Card
2024-10-30,USB Cable,Accessories,North,12.34,1,C1790,Debit Card
2024-10-30,USB Cable,Accessories,South,25.98,2,C1506,Debit Card
2024-10-30,Ergonomic Chair,Office Supplies,North,249.99,1,C2171,Cash
2024-10-30,Headphones,Electronics,West,143.99,1,C1029,Debit Card
2024-10-30,Ergonomic Chair,Office Supplies,South,249.99,1,C1458,Cash
2024-10-30,Keyboard,Accessories,West,143.98,2,C2250,Credit Card
2024-10-30,Monitor,Electronics,North,629.98,2,C2026,Credit Card
2024-10-30,LED Desk Lamp,Office Supplies,West,87.38,2,C1765,Debit Card
2024-10-30,Desk Organizer,Office Supplies,South,59.98,2,C2485,Cash
2024-10-30,Mousepad,Accessories,North,19.99,1,C2234,Credit Card
2024-10-30,Power Bank,Accessories,North,75.98,2,C1571,Credit Card
2024-10-30,Notebook,Office Supplies,West,19.98,2,C1531,Debit Card
2024-10-30,Desk Organizer,Office Supplies,North,26.99,1,C2365,Debit Card
2024-10-30,Desk Organizer,Office Supplies,North,28.49,1,C1404,Credit Card
2024-10-30,Monitor,Electronics,North,314.99,1,C1420,Debit Card
2024-10-30,Keyboard,Accessories,West,71.99,1,C1494,Cash
2024-10-30,Smartphone,Electronics,South,2279.97,3,C1121,PayPal
2024-10-30,Power Bank,Accessories,North,359.91,10,C1225,Credit Card
2024-10-30,Laptop,Electronics,East,1299.99,1,C2178,Cash
2024-10-30,Power Bank,Accessories,North,179.96,5,C1525,Cash
2024-10-30,Headphones,Electronics,West,455.97,3,C2190,Debit Card
2024-10-31,Notebook,Office Supplies,South,9.99,1,C2130,Debit Card
2024-10-31,Headphones,Electronics,East,159.99,1,C1933,Credit Card
2024-10-31,Webcam,Electronics,East,449.95,5,C1924,PayPal
2024-10-31,USB Cable,Accessories,North,12.99,1,C1814,Debit Card
2024-10-31,Laptop,Electronics,West,1299.99,1,C1082,PayPal
2024-10-31,Smartphone,Electronics,East,2879.96,4,C1206,Debit Card
2024-10-31,Laptop,Electronics,East,2469.98,2,C1707,Credit Card
2024-10-31,Keyboard,Accessories,West,319.96,4,C2478,PayPal
2024-10-31,Ergonomic Chair,Office Supplies,South,249.99,1,C1513,PayPal
2024-10-31,LED Desk Lamp,Office Supplies,South,91.98,2,C2405,Debit Card
2024-10-31,Keyboard,Accessories,West,79.99,1,C1919,Debit Card
2024-10-31,Keyboard,Accessories,West,159.98,2,C1228,Credit Card
2024-10-31,Monitor,Electronics,North,349.99,1,C1934,Debit Card
2024-10-31,Mousepad,Accessories,West,19.99,1,C2428,Credit Card
2024-10-31,Desk Organizer,Office Supplies,West,29.99,1,C1014,Cash
2024-10-31,Tablet,Electronics,East,1999.96,4,C1220,Credit Card
2024-10-31,Desk Organizer,Office Supplies,North,89.97,3,C1691,Cash
2024-10-31,Notebook,Office Supplies,West,39.96,4,C2482,Cash
2024-10-31,Mousepad,Accessories,West,35.98,2,C2396,Credit Card
2024-10-31,Notebook,Office Supplies,South,29.97,3,C1547,PayPal
2024-10-31,Monitor,Electronics,North,349.99,1,C1673,Debit Card
2024-10-31,Notebook,Office Supplies,East,49.95,5,C1928,Debit Card
2024-10-31,Notebook,Office Supplies,West,18.98,2,C1987,Cash
2024-10-31,Notebook,Office Supplies,East,9.99,1,C2263,Cash
2024-10-31,Headphones,Electronics,West,143.99,1,C1287,PayPal
2024-10-31,Ergonomic Chair,Office Supplies,East,749.97,3,C1523,PayPal
2024-10-31,Tablet,Electronics,West,499.99,1,C1941,Credit Card
2024-10-31,Monitor,Electronics,West,349.99,1,C1999,Cash
2024-10-31,Mousepad,Accessories,North,19.99,1,C2497,PayPal
2024-11-01,Notebook,Office Supplies,South,28.47,3,C1120,Cash
2024-11-01,Mousepad,Accessories,North,35.98,2,C1482,Cash
2024-11-01,Notebook,Office Supplies,East,18.98,2,C2073,Debit Card
2024-11-01,Monitor,Electronics,North,349.99,1,C1844,Credit Card
2024-11-01,Mouse,Accessories,West,44.98,2,C1976,Cash
2024-11-01,Smartphone,Electronics,South,2399.97,3,C1090,Credit Card
2024-11-01,Ergonomic Chair,Office Supplies,West,249.99,1,C1795,Credit Card
2024-11-01,Power Bank,Accessories,West,37.99,1,C1283,PayPal
2024-11-01,Smartphone,Electronics,West,3199.96,4,C2393,PayPal
2024-11-01,Mouse,Accessories,North,74.97,3,C1795,Cash
2024-11-01,Mousepad,Accessories,West,19.99,1,C2039,Credit Card
2024-11-01,Keyboard,Accessories,East,239.97,3,C1670,Debit Card
2024-11-01,USB Cable,Accessories,South,11.69,1,C1650,Cash
2024-11-01,Tablet,Electronics,North,2374.95,5,C1457,Cash
2024-11-01,Tablet,Electronics,West,1499.97,3,C1301,Credit Card
2024-11-01,Keyboard,Accessories,North,79.99,1,C2222,PayPal
2024-11-01,LED Desk Lamp,Office Supplies,East,43.69,1,C2257,PayPal
2024-11-01,Laptop,Electronics,North,1234.99,1,C1355,Credit Card
2024-11-01,Power Bank,Accessories,West,39.99,1,C2191,Debit Card
2024-11-01,Keyboard,Accessories,South,239.97,3,C1678,PayPal
2024-11-01,USB Cable,Accessories,East,12.99,1,C1237,Cash
2024-11-01,Keyboard,Accessories,West,159.98,2,C2185,PayPal
2024-11-01,LED Desk Lamp,Office Supplies,North,45.99,1,C1381,Cash
2024-11-01,Laptop,Electronics,South,2599.98,2,C2393,PayPal
2024-11-01,USB Cable,Accessories,South,12.34,1,C1565,Cash
2024-11-01,Ergonomic Chair,Office Supplies,South,749.97,3,C1730,Credit Card
2024-11-02,USB Cable,Accessories,West,12.99,1,C1609,Credit Card
2024-11-02,Power Bank,Accessories,North,39.99,1,C1630,PayPal
2024-11-02,Tablet,Electronics,East,499.99,1,C2408,Cash
2024-11-02,Ergonomic Chair,Office Supplies,West,499.98,2,C2287,Cash
2024-11-02,Mousepad,Accessories,North,19.99,1,C2281,Debit Card
2024-11-02,Keyboard,Accessories,West,79.99,1,C1709,PayPal
2024-11-02,Webcam,Electronics,North,89.99,1,C1103,Cash
2024-11-02,Mousepad,Accessories,East,39.98,2,C1527,Credit Card
2024-11-02,Notebook,Office Supplies,East,47.45,5,C1920,Cash
2024-11-02,Desk Organizer,Office Supplies,West,89.97,3,C2308,Debit Card
2024-11-02,Desk Organizer,Office Supplies,East,89.97,3,C2169,PayPal
2024-11-02,Mousepad,Accessories,West,53.97,3,C1169,Credit Card
2024-11-02,Ergonomic Chair,Office Supplies,North,224.99,1,C2453,Debit Card
2024-11-02,LED Desk Lamp,Office Supplies,North,43.69,1,C1341,Cash
2024-11-02,Power Bank,Accessories,West,199.95,5,C1277,PayPal
2024-11-02,USB Cable,Accessories,North,23.38,2,C2475,Cash
2024-11-02,Notebook,Office Supplies,South,19.98,2,C1899,PayPal
2024-11-02,Webcam,Electronics,West,89.99,1,C1966,PayPal
2024-11-02,Headphones,Electronics,South,159.99,1,C2050,PayPal
2024-11-02,Headphones,Electronics,North,159.99,1,C2246,Credit Card
2024-11-02,Tablet,Electronics,East,1799.96,4,C1612,Cash
2024-11-02,LED Desk Lamp,Office Supplies,East,124.17,3,C1204,Debit Card
2024-11-02,Headphones,Electronics,North,1279.92,8,C2288,Debit Card
2024-11-02,Laptop,Electronics,East,5199.96,4,C1708,Debit Card
2024-11-02,Notebook,Office Supplies,East,9.99,1,C2225,Credit Card
2024-11-02,Mousepad,Accessories,East,94.95,5,C2411,Cash
2024-11-02,Power Bank,Accessories,East,143.96,4,C2339,Cash
2024-11-02,LED Desk Lamp,Office Supplies,North,91.98,2,C1646,Debit Card
2024-11-02,Tablet,Electronics,South,499.99,1,C2317,Cash
2024-11-02,Desk Organizer,Office Supplies,West,29.99,1,C1988,Debit Card
2024-11-02,Laptop,Electronics,West,3704.97,3,C1768,PayPal
2024-11-02,Headphones,Electronics,West,143.99,1,C2189,Credit Card
2024-11-02,Ergonomic Chair,Office Supplies,West,249.99,1,C1254,Credit Card
2024-11-02,Mouse,Accessories,South,47.48,2,C1988,Credit Card
2024-11-02,Mousepad,Accessories,West,59.97,3,C2063,Debit Card
2024-11-03,Headphones,Electronics,East,159.99,1,C1851,PayPal
2024-11-03,Ergonomic Chair,Office Supplies,South,249.99,1,C1373,Cash
2024-11-03,Mousepad,Accessories,South,39.98,2,C1613,Debit Card
2024-11-03,Mousepad,Accessories,West,19.99,1,C2471,PayPal
2024-11-03,Notebook,Office Supplies,North,9.99,1,C1228,PayPal
2024-11-03,Ergonomic Chair,Office Supplies,East,249.99,1,C1124,PayPal
2024-11-03,LED Desk Lamp,Office Supplies,South,43.69,1,C2282,Cash
2024-11-03,Smartphone,Electronics,East,1599.98,2,C2261,Credit Card
2024-11-03,Keyboard,Accessories,South,79.99,1,C2307,Debit Card
2024-11-03,Keyboard,Accessories,North,79.99,1,C2015,PayPal
2024-11-03,Keyboard,Accessories,East,319.96,4,C1411,PayPal
2024-11-03,Monitor,Electronics,North,699.98,2,C2493,Credit Card
2024-11-03,Notebook,Office Supplies,West,9.99,1,C2235,Debit Card
2024-11-03,Laptop,Electronics,South,1169.99,1,C2166,PayPal
2024-11-03,Keyboard,Accessories,East,75.99,1,C2392,Credit Card
2024-11-03,Keyboard,Accessories,North,79.99,1,C1441,Cash
2024-11-03,Keyboard,Accessories,South,159.98,2,C1577,Debit Card
2024-11-03,Desk Organizer,Office Supplies,South,59.98,2,C2175,Credit Card
2024-11-03,Keyboard,Accessories,North,239.97,3,C1657,Debit Card
2024-11-03,Ergonomic Chair,Office Supplies,West,249.99,1,C1170,Cash
2024-11-04,Mousepad,Accessories,West,79.96,4,C1446,PayPal
2024-11-04,Tablet,Electronics,North,999.98,2,C1556,Cash
2024-11-04,Mouse,Accessories,North,49.98,2,C1807,Credit Card
2024-11-04,Ergonomic Chair,Office Supplies,North,249.99,1,C1204,PayPal
2024-11-04,LED Desk Lamp,Office Supplies,East,91.98,2,C2430,Credit Card
2024-11-04,Smartphone,Electronics,North,759.99,1,C1328,Credit Card
2024-11-04,Laptop,Electronics,East,1169.99,1,C1777,PayPal
2024-11-04,Desk Organizer,Office Supplies,South,29.99,1,C1290,PayPal
2024-11-04,Power Bank,Accessories,North,79.98,2,C1111,Cash
2024-11-04,Power Bank,Accessories,North,39.99,1,C2041,Debit Card
2024-11-04,Keyboard,Accessories,West,71.99,1,C2052,Cash
2024-11-04,Headphones,Electronics,West,151.99,1,C2223,Debit Card
2024-11-04,Tablet,Electronics,North,999.98,2,C2104,Credit Card
2024-11-04,Keyboard,Accessories,West,79.99,1,C2393,Cash
2024-11-04,Ergonomic Chair,Office Supplies,West,249.99,1,C1753,Cash
2024-11-04,Tablet,Electronics,East,499.99,1,C2189,Cash
2024-11-04,Power Bank,Accessories,East,39.99,1,C1466,PayPal
2024-11-04,Mouse,Accessories,East,89.96,4,C1432,Debit Card
2024-11-04,Notebook,Office Supplies,East,9.99,1,C2239,Credit Card
2024-11-04,LED Desk Lamp,Office Supplies,South,91.98,2,C1506,PayPal
2024-11-04,Power Bank,Accessories,East,319.92,8,C1714,Debit Card
2024-11-04,Ergonomic Chair,Office Supplies,East,499.98,2,C2296,PayPal
2024-11-04,Mouse,Accessories,North,67.47,3,C2175,PayPal
2024-11-05,Desk Organizer,Office Supplies,South,56.98,2,C1614,Credit Card
2024-11-05,Mousepad,Accessories,East,19.99,1,C1710,Debit Card
2024-11-05,Smartphone,Electronics,West,719.99,1,C1051,Debit Card
2024-11-05,Mousepad,Accessories,South,143.93,8,C1757,Credit Card
2024-11-05,Ergonomic Chair,Office Supplies,East,249.99,1,C2348,PayPal
2024-11-05,Monitor,Electronics,East,1259.96,4,C2443,Credit Card
2024-11-05,Laptop,Electronics,East,1299.99,1,C1463,PayPal
2024-11-05,Desk Organizer,Office Supplies,West,239.92,8,C2468,Debit Card
2024-11-05,Mouse,Accessories,North,22.49,1,C1377,Debit Card
2024-11-05,Monitor,Electronics,West,1049.97,3,C1968,PayPal
2024-11-05,Power Bank,Accessories,South,37.99,1,C2190,PayPal
2024-11-05,Tablet,Electronics,East,1999.96,4,C1908,Cash
2024-11-05,Desk Organizer,Office Supplies,West,29.99,1,C1266,PayPal
2024-11-05,Headphones,Electronics,South,799.95,5,C1490,Credit Card
2024-11-05,Notebook,Office Supplies,South,9.99,1,C1993,Debit Card
2024-11-05,Smartphone,Electronics,North,1599.98,2,C1540,Credit Card
2024-11-05,Desk Organizer,Office Supplies,East,28.49,1,C2148,Credit Card
2024-11-05,Headphones,Electronics,North,287.98,2,C1565,Debit Card
2024-11-05,Mouse,Accessories,South,24.99,1,C1128,PayPal
2024-11-05,Laptop,Electronics,East,3704.97,3,C1812,PayPal
2024-11-05,Headphones,Electronics,West,303.98,2,C2131,PayPal
2024-11-05,Monitor,Electronics,East,349.99,1,C1115,Debit Card
2024-11-05,Notebook,Office Supplies,East,19.98,2,C2404,Credit Card
2024-11-05,Headphones,Electronics,North,159.99,1,C1860,PayPal
2024-11-05,Smartphone,Electronics,South,1599.98,2,C1471,Credit Card
2024-11-05,Tablet,Electronics,West,1424.97,3,C2459,Debit Card
2024-11-05,Mouse,Accessories,South,24.99,1,C2203,Credit Card
2024-11-05,Tablet,Electronics,South,499.99,1,C2393,Cash
2024-11-06,Keyboard,Accessories,East,215.97,3,C2406,Debit Card
2024-11-06,Headphones,Electronics,East,143.99,1,C1355,PayPal
2024-11-06,Desk Organizer,Office Supplies,South,53.98,2,C2000,PayPal
2024-11-06,Ergonomic Chair,Office Supplies,East,224.99,1,C2156,Cash
2024-11-06,Webcam,Electronics,East,179.98,2,C1443,PayPal
2024-11-06,USB Cable,Accessories,West,38.97,3,C2119,PayPal
2024-11-06,Desk Organizer,Office Supplies,South,26.99,1,C1736,Credit Card
2024-11-06,Notebook,Office Supplies,East,19.98,2,C1240,Debit Card
2024-11-06,Mousepad,Accessories,South,37.98,2,C1525,Debit Card
2024-11-06,Mouse,Accessories,East,49.98,2,C1090,Debit Card
2024-11-06,LED Desk Lamp,Office Supplies,East,131.07,3,C2244,Debit Card
2024-11-06,Monitor,Electronics,West,1049.97,3,C1306,Debit Card
2024-11-06,Mousepad,Accessories,West,18.99,1,C2179,Debit Card
2024-11-06,Power Bank,Accessories,North,119.97,3,C2029,Debit Card
2024-11-06,USB Cable,Accessories,West,51.96,4,C1964,Debit Card
2024-11-06,Power Bank,Accessories,North,71.98,2,C1513,PayPal
2024-11-06,Notebook,Office Supplies,South,9.99,1,C1774,PayPal
2024-11-06,Tablet,Electronics,North,949.98,2,C1443,Debit Card
2024-11-06,Notebook,Office Supplies,South,8.99,1,C1001,Credit Card
2024-11-06,Headphones,Electronics,West,143.99,1,C1698,Credit Card
2024-11-06,Notebook,Office Supplies,West,9.99,1,C1141,PayPal
2024-11-06,Keyboard,Accessories,South,79.99,1,C1274,Debit Card
2024-11-06,Mouse,Accessories,North,24.99,1,C2246,Credit Card
2024-11-06,Power Bank,Accessories,East,71.98,2,C2083,Debit Card
2024-11-06,Keyboard,Accessories,West,319.96,4,C1807,Cash
2024-11-06,Smartphone,Electronics,East,799.99,1,C2362,PayPal
2024-11-06,LED Desk Lamp,Office Supplies,West,43.69,1,C2420,Debit Card
2024-11-06,Keyboard,Accessories,North,79.99,1,C2387,PayPal
2024-11-06,Tablet,Electronics,West,1349.97,3,C1434,PayPal
2024-11-06,Smartphone,Electronics,North,1599.98,2,C1190,Credit Card
2024-11-06,USB Cable,Accessories,East,12.99,1,C1659,PayPal
2024-11-06,Tablet,Electronics,East,4999.9,10,C2450,Credit Card
2024-11-06,USB Cable,Accessories,North,12.99,1,C2068,Debit Card
2024-11-06,USB Cable,Accessories,West,12.99,1,C1479,Cash
2024-11-06,Headphones,Electronics,South,143.99,1,C2019,Cash
2024-11-07,Desk Organizer,Office Supplies,South,56.98,2,C1500,Cash
2024-11-07,Ergonomic Chair,Office Supplies,West,224.99,1,C1604,PayPal
2024-11-07,Laptop,Electronics,South,5199.96,4,C1663,Credit Card
2024-11-07,Keyboard,Accessories,South,159.98,2,C1930,Cash
2024-11-07,Laptop,Electronics,East,1299.99,1,C1389,Credit Card
2024-11-07,Webcam,Electronics,West,89.99,1,C2027,PayPal
2024-11-07,Smartphone,Electronics,West,3999.95,5,C2258,Debit Card
2024-11-07,Monitor,Electronics,East,349.99,1,C1004,Cash
2024-11-07,Laptop,Electronics,North,1299.99,1,C1051,Cash
2024-11-07,Laptop,Electronics,West,1169.99,1,C1152,Debit Card
2024-11-07,Mouse,Accessories,North,24.99,1,C2262,Credit Card
2024-11-07,Monitor,Electronics,East,1749.95,5,C1899,Cash
2024-11-07,Ergonomic Chair,Office Supplies,North,249.99,1,C1696,Debit Card
2024-11-07,Mousepad,Accessories,East,17.99,1,C1133,Cash
2024-11-07,Notebook,Office Supplies,East,9.99,1,C1375,Cash
2024-11-07,Desk Organizer,Office Supplies,West,26.99,1,C1533,Cash
2024-11-07,Mousepad,Accessories,South,59.97,3,C1352,Cash
2024-11-07,LED Desk Lamp,Office Supplies,North,45.99,1,C1661,PayPal
2024-11-07,LED Desk Lamp,Office Supplies,South,367.92,8,C1586,Debit Card
2024-11-07,LED Desk Lamp,Office Supplies,East,45.99,1,C2217,Credit Card
2024-11-07,Ergonomic Chair,Office Supplies,West,499.98,2,C1854,Credit Card
2024-11-08,Ergonomic Chair,Office Supplies,North,249.99,1,C2442,Cash
2024-11-08,Notebook,Office Supplies,North,9.99,1,C1252,Cash
2024-11-08,Power Bank,Accessories,West,35.99,1,C2250,Debit Card
2024-11-08,Notebook,Office Supplies,South,19.98,2,C1181,Debit Card
2024-11-08,Mouse,Accessories,West,24.99,1,C1644,Debit Card
2024-11-08,Desk Organizer,Office Supplies,West,56.98,2,C1665,Debit Card
2024-11-08,Desk Organizer,Office Supplies,West,56.98,2,C1220,Cash
2024-11-08,Ergonomic Chair,Office Supplies,North,249.99,1,C1566,Debit Card
2024-11-08,LED Desk Lamp,Office Supplies,South,45.99,1,C1006,Credit Card
2024-11-08,Desk Organizer,Office Supplies,North,29.99,1,C2007,Debit Card
2024-11-08,Keyboard,Accessories,North,75.99,1,C1655,PayPal
2024-11-08,Monitor,Electronics,East,664.98,2,C1033,Debit Card
2024-11-08,LED Desk Lamp,Office Supplies,North,45.99,1,C1336,Cash
2024-11-08,Desk Organizer,Office Supplies,West,29.99,1,C2250,Credit Card
2024-11-08,Desk Organizer,Office Supplies,South,80.97,3,C2335,PayPal
2024-11-08,Notebook,Office Supplies,South,9.99,1,C2153,PayPal
2024-11-08,Notebook,Office Supplies,West,19.98,2,C1257,Cash
2024-11-08,Desk Organizer,Office Supplies,East,149.95,5,C2339,Cash
2024-11-08,LED Desk Lamp,Office Supplies,North,41.39,1,C2146,Credit Card
2024-11-08,Webcam,Electronics,West,170.98,2,C1394,Debit Card
2024-11-09,Ergonomic Chair,Office Supplies,North,249.99,1,C2099,Credit Card
2024-11-09,LED Desk Lamp,Office Supplies,North,41.39,1,C1379,PayPal
2024-11-09,USB Cable,Accessories,North,24.68,2,C2032,PayPal
2024-11-09,Ergonomic Chair,Office Supplies,North,249.99,1,C1395,Credit Card
2024-11-09,Mouse,Accessories,West,74.97,3,C1590,PayPal
2024-11-09,Headphones,Electronics,West,303.98,2,C1235,Cash
2024-11-09,Ergonomic Chair,Office Supplies,East,499.98,2,C2149,Credit Card
2024-11-09,Power Bank,Accessories,West,35.99,1,C1103,PayPal
2024-11-09,Smartphone,Electronics,East,799.99,1,C1081,Credit Card
2024-11-09,Smartphone,Electronics,East,799.99,1,C2460,Debit Card
2024-11-09,LED Desk Lamp,Office Supplies,East,45.99,1,C1403,Debit Card
2024-11-09,Webcam,Electronics,West,179.98,2,C1779,Debit Card
2024-11-09,LED Desk Lamp,Office Supplies,South,137.97,3,C1706,PayPal
2024-11-09,Tablet,Electronics,South,449.99,1,C2438,Cash
2024-11-09,Mouse,Accessories,East,24.99,1,C1311,Credit Card
2024-11-09,Keyboard,Accessories,West,799.9,10,C2216,Debit Card
2024-11-09,USB Cable,Accessories,West,12.34,1,C1931,Debit Card
2024-11-09,USB Cable,Accessories,South,64.95,5,C2460,Debit Card
2024-11-09,Headphones,Electronics,West,479.97,3,C2175,Cash
2024-11-09,Webcam,Electronics,North,179.98,2,C1053,Cash
2024-11-09,Headphones,Electronics,South,455.97,3,C2446,Debit Card
2024-11-09,USB Cable,Accessories,East,12.99,1,C1508,Debit Card
2024-11-09,Webcam,Electronics,North,89.99,1,C1961,Debit Card
2024-11-09,Mousepad,Accessories,North,39.98,2,C1667,Debit Card
2024-11-09,Desk Organizer,Office Supplies,North,80.97,3,C1005,Credit Card
2024-11-09,LED Desk Lamp,Office Supplies,West,91.98,2,C1284,Credit Card
2024-11-09,LED Desk Lamp,Office Supplies,South,91.98,2,C1241,PayPal
2024-11-09,Mousepad,Accessories,South,37.98,2,C2256,PayPal
2024-11-09,Keyboard,Accessories,South,159.98,2,C2098,Cash
2024-11-09,Desk Organizer,Office Supplies,North,28.49,1,C2017,Cash
2024-11-09,Power Bank,Accessories,South,39.99,1,C1989,PayPal
2024-11-10,Smartphone,Electronics,East,719.99,1,C1125,Cash
2024-11-10,LED Desk Lamp,Office Supplies,East,41.39,1,C2298,Cash
2024-11-10,Desk Organizer,Office Supplies,East,59.98,2,C1188,PayPal
2024-11-10,LED Desk Lamp,Office Supplies,North,45.99,1,C1956,Debit Card
2024-11-10,Monitor,Electronics,South,349.99,1,C1069,Cash
2024-11-10,Headphones,Electronics,South,1279.92,8,C1983,PayPal
2024-11-10,Tablet,Electronics,North,1499.97,3,C1396,Cash
2024-11-10,Ergonomic Chair,Office Supplies,South,249.99,1,C1744,Credit Card
2024-11-10,USB Cable,Accessories,West,116.91,10,C2177,Debit Card
2024-11-10,Power Bank,Accessories,West,35.99,1,C2426,Cash
2024-11-10,Notebook,Office Supplies,East,39.96,4,C1785,PayPal
2024-11-10,Power Bank,Accessories,North,39.99,1,C1344,Credit Card
2024-11-10,LED Desk Lamp,Office Supplies,West,43.69,1,C2249,PayPal
2024-11-10,Ergonomic Chair,Office Supplies,South,449.98,2,C1893,PayPal
2024-11-10,Mousepad,Accessories,East,19.99,1,C2153,Debit Card
2024-11-10,Laptop,Electronics,West,1234.99,1,C1634,Credit Card
2024-11-10,Power Bank,Accessories,South,119.97,3,C1864,Cash
2024-11-10,Mousepad,Accessories,South,37.98,2,C1278,PayPal
2024-11-10,Notebook,Office Supplies,North,9.99,1,C1925,Credit Card
2024-11-10,Smartphone,Electronics,North,719.99,1,C1323,Credit Card
2024-11-10,Webcam,Electronics,North,242.97,3,C1250,Credit Card
2024-11-10,Notebook,Office Supplies,South,19.98,2,C1250,PayPal
2024-11-10,Desk Organizer,Office Supplies,South,28.49,1,C2160,PayPal
2024-11-10,Power Bank,Accessories,North,39.99,1,C1757,PayPal
2024-11-11,Webcam,Electronics,East,161.98,2,C1339,PayPal
2024-11-11,Mouse,Accessories,East,179.93,8,C1098,PayPal
2024-11-11,LED Desk Lamp,Office Supplies,West,124.17,3,C2021,Credit Card
2024-11-11,Power Bank,Accessories,East,39.99,1,C1087,Cash
2024-11-11,LED Desk Lamp,Office Supplies,North,45.99,1,C2254,Credit Card
2024-11-11,Ergonomic Chair,Office Supplies,East,224.99,1,C2210,Credit Card
2024-11-11,Smartphone,Electronics,North,799.99,1,C1380,Debit Card
2024-11-11,LED Desk Lamp,Office Supplies,West,45.99,1,C1550,Debit Card
2024-11-11,Mouse,Accessories,East,24.99,1,C1519,Credit Card
2024-11-11,Tablet,Electronics,West,499.99,1,C2372,Debit Card
2024-11-11,Tablet,Electronics,West,999.98,2,C2421,Credit Card
2024-11-11,Desk Organizer,Office Supplies,West,89.97,3,C2285,Debit Card
2024-11-11,USB Cable,Accessories,East,38.97,3,C1161,Cash
2024-11-11,Notebook,Office Supplies,South,9.99,1,C2285,PayPal
2024-11-11,Tablet,Electronics,East,449.99,1,C1051,Cash
2024-11-11,Mouse,Accessories,West,47.48,2,C2241,Debit Card
2024-11-11,USB Cable,Accessories,East,11.69,1,C2237,PayPal
2024-11-11,USB Cable,Accessories,West,51.96,4,C1830,Credit Card
2024-11-11,Desk Organizer,Office Supplies,South,29.99,1,C1463,PayPal
2024-11-11,Desk Organizer,Office Supplies,East,29.99,1,C2437,Debit Card
2024-11-11,Mouse,Accessories,South,24.99,1,C1449,Credit Card
2024-11-11,Mouse,Accessories,West,22.49,1,C1292,Credit Card
2024-11-11,Desk Organizer,Office Supplies,East,28.49,1,C1766,Debit Card
2024-11-11,Smartphone,Electronics,North,1599.98,2,C1477,Debit Card
2024-11-11,USB Cable,Accessories,South,23.38,2,C1478,Credit Card
2024-11-11,Mouse,Accessories,West,49.98,2,C2116,Credit Card
2024-11-11,LED Desk Lamp,Office Supplies,West,43.69,1,C1550,Cash
2024-11-11,Webcam,Electronics,North,89.99,1,C1595,PayPal
2024-11-11,Monitor,Electronics,South,699.98,2,C1284,PayPal
2024-11-11,Monitor,Electronics,East,349.99,1,C1977,Cash
2024-11-12,Smartphone,Electronics,East,3199.96,4,C1320,Cash
2024-11-12,Smartphone,Electronics,South,1599.98,2,C1785,PayPal
2024-11-12,Ergonomic Chair,Office Supplies,East,712.47,3,C1048,Debit Card
2024-11-12,Mouse,Accessories,East,24.99,1,C1673,Debit Card
2024-11-12,Mouse,Accessories,South,22.49,1,C1549,Credit Card
2024-11-12,Headphones,Electronics,North,159.99,1,C2057,Credit Card
2024-11-12,Desk Organizer,Office Supplies,East,28.49,1,C1213,PayPal
2024-11-12,Tablet,Electronics,East,499.99,1,C1349,PayPal
2024-11-12,Mousepad,Accessories,North,56.97,3,C1818,PayPal
2024-11-12,LED Desk Lamp,Office Supplies,East,43.69,1,C1329,Debit Card
2024-11-12,Desk Organizer,Office Supplies,West,59.98,2,C1440,Cash
2024-11-12,Mousepad,Accessories,East,39.98,2,C2135,Debit Card
2024-11-12,Monitor,Electronics,North,664.98,2,C1814,Credit Card
2024-11-12,Tablet,Electronics,West,499.99,1,C1062,Credit Card
2024-11-12,Tablet,Electronics,North,499.99,1,C1119,PayPal
2024-11-12,Monitor,Electronics,West,314.99,1,C1237,Debit Card
2024-11-12,Monitor,Electronics,South,944.97,3,C1038,Cash
2024-11-12,Mousepad,Accessories,South,37.98,2,C1742,PayPal
2024-11-12,Notebook,Office Supplies,West,39.96,4,C1839,PayPal
2024-11-12,Laptop,Electronics,West,9359.93,8,C2466,Cash
2024-11-12,Monitor,Electronics,East,3149.91,10,C1889,Credit Card
2024-11-12,Laptop,Electronics,North,4939.96,4,C1514,PayPal
2024-11-12,LED Desk Lamp,Office Supplies,West,131.07,3,C2380,Credit Card
2024-11-12,Headphones,Electronics,North,143.99,1,C2229,Debit Card
2024-11-12,Mouse,Accessories,East,74.97,3,C2228,Credit Card
2024-11-12,Mousepad,Accessories,North,19.99,1,C1898,Cash
2024-11-12,Laptop,Electronics,North,1299.99,1,C1030,Debit Card
2024-11-12,Ergonomic Chair,Office Supplies,South,999.96,4,C1970,PayPal
2024-11-12,Ergonomic Chair,Office Supplies,South,249.99,1,C2161,PayPal
2024-11-12,Webcam,Electronics,West,161.98,2,C1156,Debit Card
2024-11-13,Desk Organizer,Office Supplies,South,85.47,3,C1845,Credit Card
2024-11-13,LED Desk Lamp,Office Supplies,East,45.99,1,C1760,Cash
2024-11-13,Desk Organizer,Office Supplies,North,89.97,3,C2220,Credit Card
2024-11-13,Keyboard,Accessories,North,71.99,1,C1073,Debit Card
2024-11-13,Headphones,Electronics,West,159.99,1,C1357,PayPal
2024-11-13,Ergonomic Chair,Office Supplies,West,499.98,2,C1912,PayPal
2024-11-13,USB Cable,Accessories,West,12.99,1,C2382,Debit Card
2024-11-13,USB Cable,Accessories,West,12.99,1,C1539,Cash
2024-11-13,LED Desk Lamp,Office Supplies,South,91.98,2,C1601,Cash
2024-11-13,Mouse,Accessories,West,71.22,3,C1055,Credit Card
2024-11-13,Notebook,Office Supplies,South,19.98,2,C2428,PayPal
2024-11-13,Smartphone,Electronics,West,799.99,1,C2015,Debit Card
2024-11-13,Desk Organizer,Office Supplies,South,28.49,1,C1828,Cash
2024-11-13,Webcam,Electronics,North,179.98,2,C1794,PayPal
2024-11-13,Ergonomic Chair,Office Supplies,North,499.98,2,C2299,PayPal
2024-11-13,LED Desk Lamp,Office Supplies,South,41.39,1,C2064,Debit Card
2024-11-13,Desk Organizer,Office Supplies,West,29.99,1,C1423,PayPal
2024-11-13,Notebook,Office Supplies,South,19.98,2,C1017,PayPal
2024-11-13,Mouse,Accessories,South,99.96,4,C1179,Credit Card
2024-11-13,Power Bank,Accessories,North,39.99,1,C1460,PayPal
2024-11-13,Power Bank,Accessories,South,107.97,3,C1019,PayPal
2024-11-13,LED Desk Lamp,Office Supplies,South,41.39,1,C2333,Debit Card
2024-11-14,Desk Organizer,Office Supplies,North,29.99,1,C1090,Debit Card
2024-11-14,Webcam,Electronics,South,179.98,2,C1048,PayPal
2024-11-14,Power Bank,Accessories,North,119.97,3,C2425,Debit Card
2024-11-14,Mousepad,Accessories,West,17.99,1,C2271,Debit Card
2024-11-14,Notebook,Office Supplies,West,8.99,1,C1937,Cash
2024-11-14,Mousepad,Accessories,West,19.99,1,C1767,Credit Card
2024-11-14,Laptop,Electronics,North,2599.98,2,C2135,Credit Card
2024-11-14,Webcam,Electronics,North,170.98,2,C1355,PayPal
2024-11-14,Desk Organizer,Office Supplies,North,29.99,1,C1794,Debit Card
2024-11-14,Monitor,Electronics,South,314.99,1,C2156,PayPal
2024-11-14,Notebook,Office Supplies,East,19.98,2,C2168,Cash
2024-11-14,Desk Organizer,Office Supplies,South,119.96,4,C2105,Cash
2024-11-14,Monitor,Electronics,East,332.49,1,C2211,Credit Card
2024-11-14,Webcam,Electronics,East,179.98,2,C1947,Credit Card
2024-11-14,Laptop,Electronics,West,1234.99,1,C1483,Credit Card
2024-11-14,USB Cable,Accessories,East,51.96,4,C2107,Debit Card
2024-11-14,Headphones,Electronics,North,319.98,2,C1520,Cash
2024-11-14,Webcam,Electronics,East,80.99,1,C2232,Credit Card
2024-11-14,Tablet,Electronics,East,449.99,1,C1238,PayPal
2024-11-14,Ergonomic Chair,Office Supplies,South,474.98,2,C1310,Debit Card
2024-11-14,USB Cable,Accessories,West,93.53,8,C1891,Credit Card
2024-11-14,Webcam,Electronics,East,179.98,2,C2450,Debit Card
2024-11-14,Headphones,Electronics,West,799.95,5,C1865,PayPal
2024-11-14,Power Bank,Accessories,West,159.96,4,C2091,Cash
2024-11-14,Ergonomic Chair,Office Supplies,South,499.98,2,C2128,Debit Card
2024-11-14,Ergonomic Chair,Office Supplies,East,749.97,3,C1080,PayPal
2024-11-14,Notebook,Office Supplies,East,71.93,8,C2060,Debit Card
2024-11-14,Desk Organizer,Office Supplies,West,80.97,3,C2048,Credit Card
2024-11-14,Webcam,Electronics,East,256.47,3,C1235,Credit Card
2024-11-14,Headphones,Electronics,East,319.98,2,C1401,PayPal
2024-11-14,Webcam,Electronics,South,179.98,2,C2204,Credit Card
2024-11-14,Mousepad,Accessories,North,75.96,4,C1201,Cash
2024-11-14,Notebook,Office Supplies,South,28.47,3,C1506,Cash
2024-11-15,Desk Organizer,Office Supplies,South,29.99,1,C2500,Credit Card
2024-11-15,Headphones,Electronics,North,607.96,4,C1409,Debit Card
2024-11-15,Tablet,Electronics,West,2249.95,5,C1476,PayPal
2024-11-15,Monitor,Electronics,East,997.47,3,C1358,PayPal
2024-11-15,Keyboard,Accessories,West,71.99,1,C1556,Cash
2024-11-15,Notebook,Office Supplies,East,9.49,1,C2483,Credit Card
2024-11-15,Notebook,Office Supplies,South,9.99,1,C1326,Credit Card
2024-11-15,Ergonomic Chair,Office Supplies,North,224.99,1,C2036,Cash
2024-11-15,Notebook,Office Supplies,East,9.99,1,C2346,Debit Card
2024-11-15,Desk Organizer,Office Supplies,East,59.98,2,C1193,PayPal
2024-11-15,Ergonomic Chair,Office Supplies,West,1999.92,8,C1319,Cash
2024-11-15,USB Cable,Accessories,North,12.99,1,C2040,Cash
2024-11-15,Notebook,Office Supplies,East,9.49,1,C1219,Cash
2024-11-15,USB Cable,Accessories,North,12.99,1,C2356,Debit Card
2024-11-15,Smartphone,Electronics,West,1599.98,2,C1444,Cash
2024-11-15,Notebook,Office Supplies,South,37.96,4,C1288,Debit Card
2024-11-15,Webcam,Electronics,North,179.98,2,C1853,PayPal
2024-11-15,LED Desk Lamp,Office Supplies,South,165.56,4,C1519,Credit Card
2024-11-15,Mouse,Accessories,West,24.99,1,C1138,Cash
2024-11-15,Smartphone,Electronics,South,3999.95,5,C2362,Credit Card
2024-11-15,Desk Organizer,Office Supplies,South,59.98,2,C1563,Debit Card
2024-11-15,Ergonomic Chair,Office Supplies,South,237.49,1,C1214,Cash
2024-11-15,Mousepad,Accessories,West,17.99,1,C1582,Cash
2024-11-15,Keyboard,Accessories,East,143.98,2,C1386,PayPal
2024-11-15,Keyboard,Accessories,West,71.99,1,C2086,Credit Card
2024-11-16,Power Bank,Accessories,East,75.98,2,C1010,PayPal
2024-11-16,Laptop,Electronics,East,2599.98,2,C1559,Credit Card
2024-11-16,Mousepad,Accessories,South,39.98,2,C1221,Debit Card
2024-11-16,Mouse,Accessories,South,23.74,1,C1590,Cash
2024-11-16,Mousepad,Accessories,East,159.92,8,C1186,Debit Card
2024-11-16,LED Desk Lamp,Office Supplies,North,91.98,2,C2030,Debit Card
2024-11-16,Mouse,Accessories,West,24.99,1,C2234,Cash
2024-11-16,Ergonomic Chair,Office Supplies,South,499.98,2,C2021,PayPal
2024-11-16,Monitor,Electronics,East,664.98,2,C2452,Credit Card
2024-11-16,Tablet,Electronics,South,499.99,1,C1246,Cash
2024-11-16,Tablet,Electronics,East,499.99,1,C1041,Credit Card
2024-11-16,Power Bank,Accessories,North,303.92,8,C1219,Debit Card
2024-11-16,Mouse,Accessories,South,24.99,1,C2044,Cash
2024-11-16,Power Bank,Accessories,West,39.99,1,C1049,Cash
2024-11-16,Monitor,Electronics,West,349.99,1,C1430,Debit Card
2024-11-16,Webcam,Electronics,South,179.98,2,C1020,Debit Card
2024-11-16,Desk Organizer,Office Supplies,West,89.97,3,C2240,PayPal
2024-11-16,Keyboard,Accessories,West,143.98,2,C1003,PayPal
2024-11-16,Headphones,Electronics,East,143.99,1,C1823,Debit Card
2024-11-16,LED Desk Lamp,Office Supplies,East,43.69,1,C2215,PayPal
2024-11-17,LED Desk Lamp,Office Supplies,East,91.98,2,C1540,Cash
2024-11-17,LED Desk Lamp,Office Supplies,North,91.98,2,C1783,Debit Card
2024-11-17,Laptop,Electronics,East,1299.99,1,C1554,Credit Card
2024-11-17,Smartphone,Electronics,West,2399.97,3,C1650,Cash
2024-11-17,Power Bank,Accessories,North,39.99,1,C1226,Debit Card
2024-11-17,Keyboard,Accessories,East,79.99,1,C2452,Cash
2024-11-17,Power Bank,Accessories,East,37.99,1,C1758,Debit Card
2024-11-17,Notebook,Office Supplies,West,18.98,2,C1512,PayPal
2024-11-17,Notebook,Office Supplies,East,26.97,3,C2187,Debit Card
2024-11-17,Notebook,Office Supplies,West,19.98,2,C1625,Cash
2024-11-17,Notebook,Office Supplies,South,75.92,8,C2206,Debit Card
2024-11-17,Tablet,Electronics,North,1499.97,3,C1355,Cash
2024-11-17,Mousepad,Accessories,North,89.95,5,C1636,Credit Card
2024-11-17,Tablet,Electronics,North,499.99,1,C2171,Cash
2024-11-17,LED Desk Lamp,Office Supplies,West,82.78,2,C2312,PayPal
2024-11-17,Desk Organizer,Office Supplies,South,28.49,1,C1517,Debit Card
2024-11-17,Notebook,Office Supplies,East,9.49,1,C1480,Credit Card
2024-11-17,Mousepad,Accessories,East,19.99,1,C2280,PayPal
2024-11-17,Ergonomic Chair,Office Supplies,East,449.98,2,C2412,PayPal
2024-11-17,USB Cable,Accessories,West,25.98,2,C1844,Cash
2024-11-17,Monitor,Electronics,South,699.98,2,C2010,Debit Card
2024-11-17,Notebook,Office Supplies,North,26.97,3,C2116,Debit Card
2024-11-18,Tablet,Electronics,South,2499.95,5,C2065,Debit Card
2024-11-18,Smartphone,Electronics,South,759.99,1,C1021,Cash
2024-11-18,Notebook,Office Supplies,East,9.99,1,C1949,Cash
2024-11-18,Monitor,Electronics,South,699.98,2,C2098,PayPal
2024-11-18,Keyboard,Accessories,North,79.99,1,C1643,Credit Card
2024-11-18,Ergonomic Chair,Office Supplies,North,749.97,3,C1172,PayPal
2024-11-18,Mousepad,Accessories,West,35.98,2,C1153,Debit Card
2024-11-18,Notebook,Office Supplies,East,39.96,4,C2093,PayPal
2024-11-18,Keyboard,Accessories,East,159.98,2,C2146,Credit Card
2024-11-18,Notebook,Office Supplies,East,35.96,4,C1888,Credit Card
2024-11-18,Notebook,Office Supplies,West,9.99,1,C2085,PayPal
2024-11-18,Power Bank,Accessories,East,113.97,3,C1376,Credit Card
2024-11-18,Mouse,Accessories,North,49.98,2,C2491,Credit Card
2024-11-18,Notebook,Office Supplies,North,9.99,1,C1407,Debit Card
2024-11-18,Notebook,Office Supplies,North,18.98,2,C1396,Cash
2024-11-18,Power Bank,Accessories,East,35.99,1,C2096,Credit Card
2024-11-18,Mouse,Accessories,West,49.98,2,C2425,Cash
2024-11-18,Headphones,Electronics,East,799.95,5,C2126,Debit Card
2024-11-18,Keyboard,Accessories,West,159.98,2,C2264,PayPal
2024-11-18,USB Cable,Accessories,East,129.9,10,C1805,Credit Card
2024-11-18,Monitor,Electronics,North,3499.9,10,C1506,Debit Card
2024-11-18,Power Bank,Accessories,North,79.98,2,C2068,Cash
2024-11-18,Desk Organizer,Office Supplies,East,85.47,3,C1819,Cash
2024-11-18,Tablet,Electronics,South,999.98,2,C1391,Cash
2024-11-18,Tablet,Electronics,South,499.99,1,C2269,Debit Card
2024-11-18,Notebook,Office Supplies,West,29.97,3,C2359,Cash
2024-11-18,Smartphone,Electronics,East,1439.98,2,C1562,Debit Card
2024-11-18,Power Bank,Accessories,West,79.98,2,C2457,Cash
2024-11-18,Power Bank,Accessories,South,119.97,3,C1390,Cash
2024-11-19,Smartphone,Electronics,East,3199.96,4,C1426,PayPal
2024-11-19,Webcam,Electronics,East,179.98,2,C2398,Credit Card
2024-11-19,Mouse,Accessories,East,74.97,3,C1213,Cash
2024-11-19,Ergonomic Chair,Office Supplies,South,499.98,2,C2066,Debit Card
2024-11-19,Monitor,Electronics,South,349.99,1,C1903,Cash
2024-11-19,USB Cable,Accessories,North,12.99,1,C1534,Debit Card
2024-11-19,Smartphone,Electronics,South,719.99,1,C1157,Credit Card
2024-11-19,LED Desk Lamp,Office Supplies,South,43.69,1,C1409,PayPal
2024-11-19,Desk Organizer,Office Supplies,West,28.49,1,C1989,PayPal
2024-11-19,Headphones,Electronics,East,319.98,2,C1121,Debit Card
2024-11-19,Laptop,Electronics,East,2469.98,2,C1554,PayPal
2024-11-19,LED Desk Lamp,Office Supplies,South,183.96,4,C1073,Cash
2024-11-19,Ergonomic Chair,Office Supplies,West,249.99,1,C1931,Credit Card
2024-11-19,Ergonomic Chair,Office Supplies,East,249.99,1,C1541,PayPal
2024-11-19,Webcam,Electronics,East,179.98,2,C1307,Debit Card
2024-11-19,LED Desk Lamp,Office Supplies,East,183.96,4,C2106,PayPal
2024-11-19,Notebook,Office Supplies,East,17.98,2,C1697,Cash
2024-11-19,Keyboard,Accessories,South,71.99,1,C2283,Credit Card
2024-11-19,Headphones,Electronics,South,639.96,4,C1519,Cash
2024-11-19,Headphones,Electronics,East,575.96,4,C1098,PayPal
2024-11-19,Headphones,Electronics,South,159.99,1,C1037,Cash
2024-11-19,LED Desk Lamp,Office Supplies,South,45.99,1,C1166,Credit Card
2024-11-19,Desk Organizer,Office Supplies,North,149.95,5,C1790,PayPal
2024-11-19,Notebook,Office Supplies,West,29.97,3,C1629,Debit Card
2024-11-19,Headphones,Electronics,South,159.99,1,C1816,PayPal
2024-11-19,Webcam,Electronics,South,89.99,1,C1482,Credit Card
2024-11-19,Monitor,Electronics,West,314.99,1,C1858,Debit Card
2024-11-19,USB Cable,Accessories,East,12.99,1,C1390,PayPal
2024-11-19,Ergonomic Chair,Office Supplies,West,674.97,3,C1924,Debit Card
2024-11-19,Webcam,Electronics,East,269.97,3,C1476,Debit Card
2024-11-19,Desk Organizer,Office Supplies,East,26.99,1,C1262,Debit Card
2024-11-20,LED Desk Lamp,Office Supplies,South,82.78,2,C1200,Debit Card
2024-11-20,Mousepad,Accessories,North,18.99,1,C1861,PayPal
2024-11-20,Mousepad,Accessories,North,39.98,2,C1434,PayPal
2024-11-20,Power Bank,Accessories,East,79.98,2,C2125,Debit Card
2024-11-20,Headphones,Electronics,East,159.99,1,C2054,Credit Card
2024-11-20,Keyboard,Accessories,West,159.98,2,C2424,Debit Card
2024-11-20,Power Bank,Accessories,West,199.95,5,C1010,Credit Card
2024-11-20,Notebook,Office Supplies,West,39.96,4,C1246,Cash
2024-11-20,LED Desk Lamp,Office Supplies,East,45.99,1,C1648,Cash
2024-11-20,Notebook,Office Supplies,West,9.99,1,C1060,Credit Card
2024-11-20,LED Desk Lamp,Office Supplies,North,45.99,1,C1497,PayPal
2024-11-20,USB Cable,Accessories,East,11.69,1,C1262,Credit Card
2024-11-20,Tablet,Electronics,East,474.99,1,C1709,PayPal
2024-11-20,Power Bank,Accessories,South,39.99,1,C1791,Cash
2024-11-20,Laptop,Electronics,East,6174.95,5,C1449,PayPal
2024-11-20,Mouse,Accessories,North,24.99,1,C1642,Debit Card
2024-11-20,USB Cable,Accessories,East,12.99,1,C2317,PayPal
2024-11-20,Notebook,Office Supplies,East,8.99,1,C1223,Credit Card
2024-11-20,USB Cable,Accessories,West,25.98,2,C2175,Cash
2024-11-20,Mouse,Accessories,South,22.49,1,C1728,Cash
2024-11-20,Keyboard,Accessories,East,79.99,1,C2017,Debit Card
2024-11-20,Desk Organizer,Office Supplies,North,142.45,5,C1024,Cash
2024-11-20,Tablet,Electronics,North,449.99,1,C1476,Cash
2024-11-20,Power Bank,Accessories,South,79.98,2,C2401,Debit Card
2024-11-20,Desk Organizer,Office Supplies,South,56.98,2,C1796,PayPal
2024-11-20,Ergonomic Chair,Office Supplies,South,249.99,1,C2145,Debit Card
2024-11-20,USB Cable,Accessories,West,12.99,1,C2267,Cash
2024-11-20,LED Desk Lamp,Office Supplies,East,137.97,3,C2344,Debit Card
2024-11-20,Webcam,Electronics,East,404.95,5,C2134,PayPal
2024-11-20,USB Cable,Accessories,West,12.99,1,C1493,PayPal
2024-11-20,Headphones,Electronics,East,319.98,2,C1932,Cash
2024-11-21,Smartphone,Electronics,West,799.99,1,C1215,PayPal
2024-11-21,Headphones,Electronics,North,159.99,1,C1079,Debit Card
2024-11-21,Mousepad,Accessories,South,18.99,1,C1643,Cash
2024-11-21,USB Cable,Accessories,East,23.38,2,C1506,Credit Card
2024-11-21,Desk Organizer,Office Supplies,East,59.98,2,C1972,PayPal
2024-11-21,Notebook,Office Supplies,South,49.95,5,C1941,Debit Card
2024-11-21,Laptop,Electronics,South,3899.97,3,C1305,Debit Card
2024-11-21,Ergonomic Chair,Office Supplies,North,224.99,1,C1598,PayPal
2024-11-21,Ergonomic Chair,Office Supplies,South,749.97,3,C1352,Debit Card
2024-11-21,Ergonomic Chair,Office Supplies,North,499.98,2,C1506,PayPal
2024-11-21,Mouse,Accessories,West,24.99,1,C1658,Credit Card
2024-11-21,Ergonomic Chair,Office Supplies,South,499.98,2,C2022,Credit Card
2024-11-21,LED Desk Lamp,Office Supplies,North,45.99,1,C1224,Debit Card
2024-11-21,Mousepad,Accessories,East,53.97,3,C2288,Credit Card
2024-11-21,Tablet,Electronics,West,2374.95,5,C2328,Credit Card
2024-11-21,LED Desk Lamp,Office Supplies,South,41.39,1,C2089,Credit Card
2024-11-21,Ergonomic Chair,Office Supplies,South,499.98,2,C1457,Debit Card
2024-11-21,Mousepad,Accessories,East,19.99,1,C2405,Credit Card
2024-11-21,Headphones,Electronics,North,479.97,3,C1061,Cash
2024-11-21,Tablet,Electronics,West,1999.96,4,C1127,Credit Card
2024-11-21,Ergonomic Chair,Office Supplies,West,249.99,1,C1026,Debit Card
2024-11-21,USB Cable,Accessories,West,11.69,1,C1077,Debit Card
2024-11-21,Tablet,Electronics,West,1424.97,3,C1356,Cash
2024-11-21,Power Bank,Accessories,North,39.99,1,C1493,Cash
2024-11-21,Keyboard,Accessories,South,227.97,3,C1191,Cash
2024-11-21,LED Desk Lamp,Office Supplies,North,45.99,1,C1946,Cash
2024-11-21,Monitor,Electronics,West,664.98,2,C1253,PayPal
2024-11-21,Monitor,Electronics,West,629.98,2,C2475,Debit Card
2024-11-21,Notebook,Office Supplies,West,9.99,1,C1894,Cash
2024-11-21,Ergonomic Chair,Office Supplies,West,499.98,2,C1447,Cash
2024-11-21,Notebook,Office Supplies,West,79.92,8,C1655,Debit Card
2024-11-21,USB Cable,Accessories,South,12.99,1,C1941,Cash
2024-11-21,Ergonomic Chair,Office Supplies,North,674.97,3,C1754,Debit Card
2024-11-22,Ergonomic Chair,Office Supplies,East,249.99,1,C1911,PayPal
2024-11-22,Mousepad,Accessories,South,35.98,2,C1236,Debit Card
2024-11-22,Headphones,Electronics,South,159.99,1,C1347,Cash
2024-11-22,Desk Organizer,Office Supplies,East,59.98,2,C1492,PayPal
2024-11-22,Keyboard,Accessories,East,399.95,5,C1008,PayPal
2024-11-22,Notebook,Office Supplies,North,79.92,8,C1271,Cash
2024-11-22,Keyboard,Accessories,West,159.98,2,C1209,Debit Card
2024-11-22,Keyboard,Accessories,West,227.97,3,C2101,Credit Card
2024-11-22,Desk Organizer,Office Supplies,West,53.98,2,C1475,PayPal
2024-11-22,Power Bank,Accessories,North,71.98,2,C1996,PayPal
2024-11-22,Webcam,Electronics,South,170.98,2,C2244,Debit Card
2024-11-22,USB Cable,Accessories,West,23.38,2,C2221,Cash
2024-11-22,Mousepad,Accessories,West,39.98,2,C1199,Cash
2024-11-22,Desk Organizer,Office Supplies,South,29.99,1,C2391,Debit Card
2024-11-22,Power Bank,Accessories,South,151.96,4,C1599,Cash
2024-11-22,Desk Organizer,Office Supplies,West,142.45,5,C2251,Credit Card
2024-11-22,Desk Organizer,Office Supplies,South,29.99,1,C1475,Debit Card
2024-11-22,Notebook,Office Supplies,East,9.99,1,C1569,PayPal
2024-11-22,Notebook,Office Supplies,North,9.99,1,C1252,Credit Card
2024-11-22,Webcam,Electronics,West,170.98,2,C1767,Debit Card
2024-11-22,Mouse,Accessories,South,47.48,2,C1110,PayPal
2024-11-22,Monitor,Electronics,South,629.98,2,C1154,PayPal
2024-11-22,USB Cable,Accessories,North,25.98,2,C1476,Debit Card
2024-11-22,Tablet,Electronics,North,999.98,2,C2498,Cash
2024-11-22,USB Cable,Accessories,West,11.69,1,C1266,Debit Card
2024-11-22,USB Cable,Accessories,North,12.99,1,C1420,Debit Card
2024-11-22,Desk Organizer,Office Supplies,South,26.99,1,C1603,Credit Card
2024-11-22,Laptop,Electronics,South,1299.99,1,C2183,Cash
2024-11-23,Tablet,Electronics,West,949.98,2,C1213,Debit Card
2024-11-23,Laptop,Electronics,East,1234.99,1,C1210,Credit Card
2024-11-23,Headphones,Electronics,West,159.99,1,C1190,Debit Card
2024-11-23,Laptop,Electronics,South,3704.97,3,C1789,Cash
2024-11-23,Keyboard,Accessories,West,151.98,2,C1899,Debit Card
2024-11-23,Laptop,Electronics,East,2599.98,2,C1588,Debit Card
2024-11-23,Keyboard,Accessories,South,151.98,2,C2294,Debit Card
2024-11-23,LED Desk Lamp,Office Supplies,West,45.99,1,C1399,Cash
2024-11-23,Notebook,Office Supplies,South,9.99,1,C1230,Credit Card
2024-11-23,Keyboard,Accessories,South,159.98,2,C1443,Cash
2024-11-23,Ergonomic Chair,Office Supplies,West,449.98,2,C2227,Cash
2024-11-23,USB Cable,Accessories,West,25.98,2,C1415,Debit Card
2024-11-23,Keyboard,Accessories,East,159.98,2,C1257,Cash
2024-11-23,Smartphone,Electronics,South,799.99,1,C2193,Credit Card
2024-11-23,Tablet,Electronics,West,499.99,1,C1634,Debit Card
2024-11-23,Headphones,Electronics,North,159.99,1,C2062,PayPal
2024-11-23,Mousepad,Accessories,East,19.99,1,C1585,Cash
2024-11-23,Desk Organizer,Office Supplies,East,107.96,4,C1994,Cash
2024-11-23,Monitor,Electronics,East,349.99,1,C1538,Debit Card
2024-11-23,Smartphone,Electronics,East,799.99,1,C1857,Credit Card
2024-11-23,Notebook,Office Supplies,West,8.99,1,C1488,Debit Card
2024-11-23,Mousepad,Accessories,West,39.98,2,C1928,Cash
2024-11-23,Mouse,Accessories,South,74.97,3,C1297,Cash
2024-11-23,LED Desk Lamp,Office Supplies,West,183.96,4,C1107,Cash
2024-11-23,Mousepad,Accessories,North,19.99,1,C2100,Debit Card
2024-11-23,Desk Organizer,Office Supplies,South,28.49,1,C2105,Credit Card
2024-11-23,Mousepad,Accessories,West,19.99,1,C2068,Debit Card
2024-11-23,Smartphone,Electronics,South,799.99,1,C1315,PayPal
2024-11-24,Monitor,Electronics,West,699.98,2,C1416,PayPal
2024-11-24,Monitor,Electronics,East,664.98,2,C2296,Cash
2024-11-24,Notebook,Office Supplies,East,9.99,1,C1562,Credit Card
2024-11-24,Notebook,Office Supplies,North,17.98,2,C1733,Credit Card
2024-11-24,Monitor,Electronics,West,699.98,2,C1275,Debit Card
2024-11-24,Webcam,Electronics,East,85.49,1,C1055,Credit Card
2024-11-24,Mousepad,Accessories,North,99.95,5,C1688,PayPal
2024-11-24,Power Bank,Accessories,West,107.97,3,C2083,Credit Card
2024-11-24,Notebook,Office Supplies,North,9.99,1,C1670,Debit Card
2024-11-24,Power Bank,Accessories,South,79.98,2,C1460,Debit Card
2024-11-24,Mouse,Accessories,North,24.99,1,C1789,PayPal
2024-11-24,Mousepad,Accessories,South,19.99,1,C1960,PayPal
2024-11-24,LED Desk Lamp,Office Supplies,East,124.17,3,C1922,Credit Card
2024-11-24,Keyboard,Accessories,North,239.97,3,C1326,Credit Card
2024-11-24,Power Bank,Accessories,South,37.99,1,C1446,PayPal
2024-11-24,Webcam,Electronics,East,89.99,1,C2332,Debit Card
2024-11-24,USB Cable,Accessories,West,46.76,4,C1366,Credit Card
2024-11-24,Keyboard,Accessories,North,79.99,1,C2188,Credit Card
2024-11-24,Desk Organizer,Office Supplies,North,26.99,1,C2014,PayPal
2024-11-24,Smartphone,Electronics,East,3039.96,4,C1877,Credit Card
2024-11-24,Mouse,Accessories,East,22.49,1,C1726,Cash
2024-11-24,Smartphone,Electronics,North,2399.97,3,C1795,PayPal
2024-11-24,Tablet,Electronics,North,1499.97,3,C1863,PayPal
2024-11-24,Desk Organizer,Office Supplies,East,59.98,2,C1365,Cash
2024-11-24,Keyboard,Accessories,North,215.97,3,C2017,Credit Card
2024-11-25,USB Cable,Accessories,East,64.95,5,C2080,Debit Card
2024-11-25,Desk Organizer,Office Supplies,West,28.49,1,C1477,PayPal
2024-11-25,Notebook,Office Supplies,South,9.49,1,C1823,PayPal
2024-11-25,Monitor,Electronics,East,349.99,1,C1434,PayPal
2024-11-25,Power Bank,Accessories,West,79.98,2,C1895,PayPal
2024-11-25,Monitor,Electronics,West,997.47,3,C2071,Cash
2024-11-25,Desk Organizer,Office Supplies,North,89.97,3,C1593,Credit Card
2024-11-25,Tablet,Electronics,West,4999.9,10,C1834,Debit Card
2024-11-25,Mouse,Accessories,East,74.97,3,C1965,Cash
2024-11-25,Power Bank,Accessories,North,119.97,3,C1726,Credit Card
2024-11-25,Desk Organizer,Office Supplies,East,89.97,3,C2365,Credit Card
2024-11-25,Ergonomic Chair,Office Supplies,West,499.98,2,C1500,Cash
2024-11-25,Headphones,Electronics,West,759.95,5,C2384,PayPal
2024-11-25,USB Cable,Accessories,West,25.98,2,C1993,Debit Card
2024-11-25,Monitor,Electronics,West,699.98,2,C1205,Credit Card
2024-11-25,Keyboard,Accessories,North,159.98,2,C2042,Debit Card
2024-11-25,Tablet,Electronics,West,949.98,2,C2058,Debit Card
2024-11-25,LED Desk Lamp,Office Supplies,West,229.95,5,C2472,Cash
2024-11-25,Power Bank,Accessories,East,37.99,1,C1608,Credit Card
2024-11-25,LED Desk Lamp,Office Supplies,South,43.69,1,C2253,Credit Card
2024-11-25,Monitor,Electronics,North,349.99,1,C1590,PayPal
2024-11-26,Mousepad,Accessories,North,18.99,1,C1901,Credit Card
2024-11-26,Notebook,Office Supplies,North,9.99,1,C2131,PayPal
2024-11-26,LED Desk Lamp,Office Supplies,West,124.17,3,C1603,PayPal
2024-11-26,Laptop,Electronics,South,1169.99,1,C2179,Debit Card
2024-11-26,Notebook,Office Supplies,East,29.97,3,C1354,Cash
2024-11-26,Ergonomic Chair,Office Supplies,East,224.99,1,C1109,PayPal
2024-11-26,Webcam,Electronics,West,89.99,1,C1856,Cash
2024-11-26,Power Bank,Accessories,South,319.92,8,C1188,Cash
2024-11-26,Power Bank,Accessories,West,119.97,3,C1470,Cash
2024-11-26,Headphones,Electronics,South,159.99,1,C2261,Debit Card
2024-11-26,Laptop,Electronics,West,1299.99,1,C2482,Debit Card
2024-11-26,Desk Organizer,Office Supplies,South,59.98,2,C1707,Cash
2024-11-26,Power Bank,Accessories,East,35.99,1,C2061,Debit Card
2024-11-26,Headphones,Electronics,North,151.99,1,C1876,Cash
2024-11-26,Smartphone,Electronics,North,759.99,1,C1649,Debit Card
2024-11-26,Ergonomic Chair,Office Supplies,West,749.97,3,C2220,Debit Card
2024-11-26,Power Bank,Accessories,West,75.98,2,C2180,Debit Card
2024-11-27,LED Desk Lamp,Office Supplies,West,137.97,3,C2010,PayPal
2024-11-27,Power Bank,Accessories,South,79.98,2,C1410,Debit Card
2024-11-27,Keyboard,Accessories,West,319.96,4,C1461,Credit Card
2024-11-27,Webcam,Electronics,East,89.99,1,C2040,Cash
2024-11-27,USB Cable,Accessories,West,12.99,1,C1191,Debit Card
2024-11-27,Ergonomic Chair,Office Supplies,West,249.99,1,C1172,Credit Card
2024-11-27,Monitor,Electronics,North,664.98,2,C2318,Credit Card
2024-11-27,Headphones,Electronics,East,319.98,2,C1851,Cash
2024-11-27,Ergonomic Chair,Office Supplies,West,749.97,3,C1835,PayPal
2024-11-27,Webcam,Electronics,North,85.49,1,C1708,Credit Card
2024-11-27,Headphones,Electronics,North,455.97,3,C2038,Debit Card
2024-11-27,Desk Organizer,Office Supplies,South,89.97,3,C1890,Cash
2024-11-27,Mousepad,Accessories,North,71.96,4,C1625,Credit Card
2024-11-27,Mousepad,Accessories,West,39.98,2,C1977,Credit Card
2024-11-27,Mouse,Accessories,South,24.99,1,C2214,PayPal
2024-11-27,Laptop,Electronics,North,2599.98,2,C2257,PayPal
2024-11-27,Desk Organizer,Office Supplies,West,59.98,2,C1172,Debit Card
2024-11-27,Power Bank,Accessories,West,159.96,4,C1125,Credit Card
2024-11-27,USB Cable,Accessories,South,12.99,1,C1118,Debit Card
2024-11-27,Smartphone,Electronics,South,799.99,1,C2052,Credit Card
2024-11-27,Webcam,Electronics,West,80.99,1,C1462,Debit Card
2024-11-27,Desk Organizer,Office Supplies,East,89.97,3,C1927,Debit Card
2024-11-27,Webcam,Electronics,East,179.98,2,C2010,Debit Card
2024-11-27,Monitor,Electronics,West,629.98,2,C1850,Cash
2024-11-28,Desk Organizer,Office Supplies,North,28.49,1,C1330,Credit Card
2024-11-28,LED Desk Lamp,Office Supplies,West,43.69,1,C1973,Debit Card
2024-11-28,Webcam,Electronics,North,269.97,3,C1987,Debit Card
2024-11-28,LED Desk Lamp,Office Supplies,East,206.96,5,C1685,Debit Card
2024-11-28,Laptop,Electronics,South,1234.99,1,C1821,Debit Card
2024-11-28,LED Desk Lamp,Office Supplies,South,91.98,2,C1026,Cash
2024-11-28,Mousepad,Accessories,South,56.97,3,C1657,Debit Card
2024-11-28,Mousepad,Accessories,West,59.97,3,C1559,Debit Card
2024-11-28,Ergonomic Chair,Office Supplies,North,999.96,4,C2168,PayPal
2024-11-28,USB Cable,Accessories,East,38.97,3,C1544,Cash
2024-11-28,Power Bank,Accessories,South,143.96,4,C1971,Debit Card
2024-11-28,Notebook,Office Supplies,North,9.49,1,C2030,Credit Card
2024-11-28,Power Bank,Accessories,South,107.97,3,C1392,Credit Card
2024-11-28,Mouse,Accessories,West,24.99,1,C2213,PayPal
2024-11-28,Keyboard,Accessories,West,79.99,1,C2463,Credit Card
2024-11-28,LED Desk Lamp,Office Supplies,North,45.99,1,C1699,Credit Card
2024-11-28,LED Desk Lamp,Office Supplies,East,43.69,1,C2293,Debit Card
2024-11-28,Power Bank,Accessories,West,39.99,1,C1873,Debit Card
2024-11-28,Power Bank,Accessories,South,37.99,1,C1900,Debit Card
2024-11-28,Power Bank,Accessories,North,37.99,1,C1605,PayPal
2024-11-29,Notebook,Office Supplies,West,9.99,1,C1193,PayPal
2024-11-29,Laptop,Electronics,East,2339.98,2,C1166,Cash
2024-11-29,Headphones,Electronics,North,319.98,2,C1546,Debit Card
2024-11-29,Desk Organizer,Office Supplies,South,85.47,3,C1851,Credit Card
2024-11-29,Desk Organizer,Office Supplies,South,85.47,3,C1476,Debit Card
2024-11-29,USB Cable,Accessories,West,38.97,3,C1869,PayPal
2024-11-29,LED Desk Lamp,Office Supplies,North,124.17,3,C2291,Cash
2024-11-29,Smartphone,Electronics,North,2159.97,3,C1847,Credit Card
2024-11-29,Mousepad,Accessories,North,71.96,4,C1320,PayPal
2024-11-29,Desk Organizer,Office Supplies,North,26.99,1,C1126,Credit Card
2024-11-29,Ergonomic Chair,Office Supplies,East,749.97,3,C2157,Debit Card
2024-11-29,Smartphone,Electronics,East,2399.97,3,C1330,Cash
2024-11-29,Tablet,Electronics,West,1499.97,3,C1449,Credit Card
2024-11-29,Power Bank,Accessories,East,79.98,2,C2059,Debit Card
2024-11-29,Headphones,Electronics,South,319.98,2,C1132,Credit Card
2024-11-29,LED Desk Lamp,Office Supplies,East,45.99,1,C2103,Cash
2024-11-29,Power Bank,Accessories,North,75.98,2,C1249,Credit Card
2024-11-29,Notebook,Office Supplies,West,19.98,2,C1395,Credit Card
2024-11-29,Webcam,Electronics,East,179.98,2,C2405,PayPal
2024-11-29,Monitor,Electronics,South,1049.97,3,C1771,Cash
2024-11-29,Smartphone,Electronics,South,1599.98,2,C1193,PayPal
2024-11-29,Headphones,Electronics,West,479.97,3,C1405,PayPal
2024-11-29,USB Cable,Accessories,East,25.98,2,C1896,Debit Card
2024-11-29,Tablet,Electronics,East,449.99,1,C1382,PayPal
2024-11-29,Monitor,Electronics,East,349.99,1,C2068,Cash
2024-11-29,Ergonomic Chair,Office Supplies,West,1187.45,5,C1125,Cash
2024-11-29,Monitor,Electronics,West,699.98,2,C2260,Credit Card
2024-11-29,USB Cable,Accessories,South,12.34,1,C1116,Debit Card
2024-11-29,Tablet,Electronics,East,999.98,2,C1495,Credit Card
2024-11-29,Headphones,Electronics,West,159.99,1,C1140,Debit Card
2024-11-30,Mouse,Accessories,South,24.99,1,C2043,Cash
2024-11-30,Ergonomic Chair,Office Supplies,North,237.49,1,C1376,Cash
2024-11-30,Webcam,Electronics,West,89.99,1,C1596,PayPal
2024-11-30,LED Desk Lamp,Office Supplies,West,45.99,1,C2325,Cash
2024-11-30,Mousepad,Accessories,South,56.97,3,C1665,Debit Card
2024-11-30,Tablet,Electronics,West,449.99,1,C1064,Credit Card
2024-11-30,Tablet,Electronics,East,499.99,1,C2032,Credit Card
2024-11-30,Mouse,Accessories,North,22.49,1,C1809,Cash
2024-11-30,Laptop,Electronics,East,3509.97,3,C1174,Credit Card
2024-11-30,LED Desk Lamp,Office Supplies,North,41.39,1,C1383,Cash
2024-11-30,Smartphone,Electronics,East,2399.97,3,C1501,Cash
2024-11-30,Mouse,Accessories,North,94.96,4,C2024,Cash
2024-11-30,Mouse,Accessories,East,49.98,2,C1725,Cash
2024-11-30,LED Desk Lamp,Office Supplies,East,459.9,10,C2063,PayPal
2024-11-30,Keyboard,Accessories,North,159.98,2,C1629,PayPal
2024-11-30,Mouse,Accessories,North,49.98,2,C2366,Debit Card
2024-11-30,Laptop,Electronics,West,2599.98,2,C1451,Cash
2024-11-30,Smartphone,Electronics,South,799.99,1,C2396,Cash
2024-11-30,Webcam,Electronics,South,256.47,3,C1671,PayPal
2024-11-30,Headphones,Electronics,North,759.95,5,C1012,PayPal
2024-11-30,LED Desk Lamp,Office Supplies,West,43.69,1,C1251,Debit Card
2024-11-30,Ergonomic Chair,Office Supplies,North,249.99,1,C1014,Debit Card
2024-12-01,Webcam,Electronics,West,179.98,2,C1505,Debit Card
2024-12-01,Power Bank,Accessories,East,79.98,2,C1612,Credit Card
2024-12-01,Monitor,Electronics,East,314.99,1,C1177,Credit Card
2024-12-01,Mouse,Accessories,North,94.96,4,C1569,Debit Card
2024-12-01,Notebook,Office Supplies,North,29.97,3,C1069,Debit Card
2024-12-01,Tablet,Electronics,East,1424.97,3,C2068,Cash
2024-12-01,Monitor,Electronics,East,349.99,1,C1662,PayPal
2024-12-01,Notebook,Office Supplies,East,9.99,1,C1859,Debit Card
2024-12-01,LED Desk Lamp,Office Supplies,West,91.98,2,C2297,Debit Card
2024-12-01,Monitor,Electronics,North,629.98,2,C1682,Credit Card
2024-12-01,Tablet,Electronics,East,449.99,1,C1394,Debit Card
2024-12-01,Power Bank,Accessories,North,39.99,1,C2097,Debit Card
2024-12-01,Notebook,Office Supplies,North,9.99,1,C1543,Debit Card
2024-12-01,USB Cable,Accessories,West,23.38,2,C1487,Debit Card
2024-12-01,Desk Organizer,Office Supplies,South,56.98,2,C1325,Debit Card
2024-12-01,Desk Organizer,Office Supplies,East,53.98,2,C1178,Credit Card
2024-12-01,LED Desk Lamp,Office Supplies,West,41.39,1,C1456,Cash
2024-12-01,Tablet,Electronics,North,1899.96,4,C1745,Cash
2024-12-01,Desk Organizer,Office Supplies,East,29.99,1,C1380,Credit Card
2024-12-01,Desk Organizer,Office Supplies,West,28.49,1,C1848,Debit Card
2024-12-01,Ergonomic Chair,Office Supplies,West,449.98,2,C1136,Debit Card
2024-12-01,Monitor,Electronics,East,349.99,1,C1862,Debit Card
2024-12-01,Smartphone,Electronics,South,799.99,1,C1507,Cash
2024-12-01,USB Cable,Accessories,East,51.96,4,C1796,Credit Card
2024-12-01,Notebook,Office Supplies,North,9.99,1,C2374,Credit Card
2024-12-01,Mouse,Accessories,South,24.99,1,C2039,Cash
2024-12-01,Notebook,Office Supplies,East,29.97,3,C2453,PayPal
2024-12-02,Mouse,Accessories,East,24.99,1,C1856,PayPal
2024-12-02,Ergonomic Chair,Office Supplies,North,249.99,1,C1402,PayPal
2024-12-02,Power Bank,Accessories,North,71.98,2,C2479,PayPal
2024-12-02,Notebook,Office Supplies,East,9.99,1,C1185,Cash
2024-12-02,Mouse,Accessories,West,49.98,2,C2478,PayPal
2024-12-02,Webcam,Electronics,East,449.95,5,C2265,Cash
2024-12-02,Mousepad,Accessories,North,53.97,3,C1535,PayPal
2024-12-02,Webcam,Electronics,East,179.98,2,C1249,PayPal
2024-12-02,LED Desk Lamp,Office Supplies,North,137.97,3,C1470,Debit Card
2024-12-02,Webcam,Electronics,South,161.98,2,C2265,Debit Card
2024-12-02,Monitor,Electronics,South,699.98,2,C2245,Cash
2024-12-02,Power Bank,Accessories,East,79.98,2,C2368,PayPal
2024-12-02,Keyboard,Accessories,North,79.99,1,C1753,Credit Card
2024-12-02,Mouse,Accessories,East,23.74,1,C1244,Debit Card
2024-12-02,Mouse,Accessories,North,22.49,1,C2260,Debit Card
2024-12-02,Power Bank,Accessories,West,107.97,3,C1631,PayPal
2024-12-02,Notebook,Office Supplies,West,28.47,3,C1844,Debit Card
2024-12-02,Mousepad,Accessories,East,18.99,1,C2241,Credit Card
2024-12-02,Ergonomic Chair,Office Supplies,East,249.99,1,C2223,Debit Card
2024-12-02,Ergonomic Chair,Office Supplies,South,249.99,1,C2046,PayPal
2024-12-02,USB Cable,Accessories,South,12.99,1,C2358,PayPal
2024-12-02,Mousepad,Accessories,North,75.96,4,C2153,Debit Card
2024-12-02,Notebook,Office Supplies,West,9.49,1,C2409,Credit Card
2024-12-02,USB Cable,Accessories,North,12.99,1,C1203,Debit Card
2024-12-02,Notebook,Office Supplies,West,9.49,1,C1238,Debit Card
2024-12-02,Monitor,Electronics,South,349.99,1,C1593,Credit Card
2024-12-02,Smartphone,Electronics,East,6079.92,8,C1626,PayPal
2024-12-02,USB Cable,Accessories,West,11.69,1,C1106,Credit Card
2024-12-02,Desk Organizer,Office Supplies,North,89.97,3,C2366,Credit Card
2024-12-02,Desk Organizer,Office Supplies,West,53.98,2,C1509,PayPal
2024-12-02,LED Desk Lamp,Office Supplies,West,45.99,1,C1741,Cash
2024-12-03,Notebook,Office Supplies,South,49.95,5,C2143,Credit Card
2024-12-03,Mousepad,Accessories,North,35.98,2,C2110,Debit Card
2024-12-03,Ergonomic Chair,Office Supplies,North,237.49,1,C2446,Debit Card
2024-12-03,Desk Organizer,Office Supplies,North,29.99,1,C1124,PayPal
2024-12-03,Monitor,Electronics,South,349.99,1,C2321,Cash
2024-12-03,Laptop,Electronics,West,2599.98,2,C1943,Debit Card
2024-12-03,Mousepad,Accessories,South,35.98,2,C1134,Debit Card
2024-12-03,Ergonomic Chair,Office Supplies,West,249.99,1,C1019,Credit Card
2024-12-03,Notebook,Office Supplies,North,29.97,3,C1832,Cash
2024-12-03,Smartphone,Electronics,North,1599.98,2,C2097,PayPal
2024-12-03,Laptop,Electronics,South,1299.99,1,C2422,PayPal
2024-12-03,Notebook,Office Supplies,East,17.98,2,C1834,Credit Card
2024-12-03,Power Bank,Accessories,West,35.99,1,C2133,PayPal
2024-12-03,Mouse,Accessories,South,23.74,1,C1708,Cash
2024-12-03,Tablet,Electronics,North,499.99,1,C2270,Cash
2024-12-03,Smartphone,Electronics,North,799.99,1,C1136,Cash
2024-12-03,LED Desk Lamp,Office Supplies,East,91.98,2,C1997,Debit Card
2024-12-03,Desk Organizer,Office Supplies,West,26.99,1,C1961,Debit Card
2024-12-03,Headphones,Electronics,South,151.99,1,C1275,Cash
2024-12-03,Power Bank,Accessories,South,39.99,1,C1299,PayPal
2024-12-03,LED Desk Lamp,Office Supplies,South,137.97,3,C1774,Cash
2024-12-03,Power Bank,Accessories,East,113.97,3,C2207,Cash
2024-12-03,Ergonomic Chair,Office Supplies,North,899.96,4,C1054,Cash
2024-12-03,Monitor,Electronics,North,997.47,3,C1777,Cash
2024-12-03,Mousepad,Accessories,South,18.99,1,C1514,Cash
2024-12-04,Headphones,Electronics,North,455.97,3,C2169,Credit Card
2024-12-04,Headphones,Electronics,South,303.98,2,C1801,Debit Card
2024-12-04,Power Bank,Accessories,East,179.96,5,C1853,Debit Card
2024-12-04,Power Bank,Accessories,West,37.99,1,C1004,Cash
2024-12-04,LED Desk Lamp,Office Supplies,East,459.9,10,C2099,PayPal
2024-12-04,Laptop,Electronics,East,1299.99,1,C1094,Debit Card
2024-12-04,Mousepad,Accessories,East,59.97,3,C2487,Debit Card
2024-12-04,Tablet,Electronics,South,474.99,1,C1131,Cash
2024-12-04,Smartphone,Electronics,West,3199.96,4,C1875,Debit Card
2024-12-04,Ergonomic Chair,Office Supplies,South,249.99,1,C2155,Cash
2024-12-04,USB Cable,Accessories,South,12.99,1,C2171,Cash
2024-12-04,Webcam,Electronics,West,179.98,2,C2104,Credit Card
2024-12-04,LED Desk Lamp,Office Supplies,North,45.99,1,C2213,Cash
2024-12-04,USB Cable,Accessories,South,12.34,1,C2060,Debit Card
2024-12-04,Mousepad,Accessories,South,37.98,2,C1333,PayPal
2024-12-04,Desk Organizer,Office Supplies,South,56.98,2,C1494,Credit Card
2024-12-04,Smartphone,Electronics,South,3199.96,4,C1502,Credit Card
2024-12-04,Mouse,Accessories,North,22.49,1,C1045,Credit Card
2024-12-04,Keyboard,Accessories,South,159.98,2,C1945,Cash
2024-12-04,Tablet,Electronics,North,474.99,1,C2110,PayPal
2024-12-04,Tablet,Electronics,East,999.98,2,C1670,Credit Card
2024-12-04,USB Cable,Accessories,East,12.99,1,C2041,Cash
2024-12-04,USB Cable,Accessories,West,38.97,3,C1354,PayPal
2024-12-04,Smartphone,Electronics,West,799.99,1,C1196,Cash
2024-12-04,USB Cable,Accessories,South,12.34,1,C2206,Credit Card
2024-12-04,USB Cable,Accessories,East,12.99,1,C1897,Credit Card
2024-12-04,Laptop,Electronics,East,1299.99,1,C1221,Cash
2024-12-04,USB Cable,Accessories,North,25.98,2,C1931,PayPal
2024-12-04,Headphones,Electronics,East,287.98,2,C2142,Debit Card
2024-12-04,LED Desk Lamp,Office Supplies,South,91.98,2,C1895,PayPal
2024-12-04,LED Desk Lamp,Office Supplies,East,137.97,3,C1895,Cash
2024-12-04,Mouse,Accessories,West,124.95,5,C2205,Credit Card
2024-12-04,Mousepad,Accessories,West,39.98,2,C2013,PayPal
2024-12-05,Notebook,Office Supplies,East,19.98,2,C2436,Debit Card
2024-12-05,USB Cable,Accessories,South,12.99,1,C1673,Credit Card
2024-12-05,Ergonomic Chair,Office Supplies,North,499.98,2,C1015,Credit Card
2024-12-05,Headphones,Electronics,West,319.98,2,C1067,Debit Card
2024-12-05,Desk Organizer,Office Supplies,South,119.96,4,C1313,Credit Card
2024-12-05,Headphones,Electronics,South,159.99,1,C2354,Credit Card
2024-12-05,Laptop,Electronics,East,1299.99,1,C2339,PayPal
2024-12-05,Mouse,Accessories,South,24.99,1,C2337,Credit Card
2024-12-05,LED Desk Lamp,Office Supplies,East,43.69,1,C1521,Debit Card
2024-12-05,Keyboard,Accessories,North,239.97,3,C1746,Debit Card
2024-12-05,LED Desk Lamp,Office Supplies,South,137.97,3,C2256,Credit Card
2024-12-05,LED Desk Lamp,Office Supplies,North,45.99,1,C2422,Credit Card
2024-12-05,USB Cable,Accessories,South,23.38,2,C1877,Cash
2024-12-05,Smartphone,Electronics,East,2399.97,3,C1130,Debit Card
2024-12-05,Smartphone,Electronics,North,2279.97,3,C2303,Debit Card
2024-12-05,Headphones,Electronics,West,479.97,3,C1916,Cash
2024-12-05,LED Desk Lamp,Office Supplies,North,41.39,1,C2254,PayPal
2024-12-06,Ergonomic Chair,Office Supplies,South,249.99,1,C2262,Cash
2024-12-06,Headphones,Electronics,East,319.98,2,C1137,PayPal
2024-12-06,Mousepad,Accessories,East,39.98,2,C1188,Cash
2024-12-06,Monitor,Electronics,North,349.99,1,C1966,Debit Card
2024-12-06,Tablet,Electronics,North,999.98,2,C2157,PayPal
2024-12-06,Laptop,Electronics,West,1299.99,1,C2359,Debit Card
2024-12-06,Headphones,Electronics,North,319.98,2,C1267,Debit Card
2024-12-06,Power Bank,Accessories,East,37.99,1,C1143,Cash
2024-12-06,Desk Organizer,Office Supplies,South,26.99,1,C1924,Cash
2024-12-06,Desk Organizer,Office Supplies,South,59.98,2,C1830,Credit Card
2024-12-06,Laptop,Electronics,West,1234.99,1,C1094,Debit Card
2024-12-06,Desk Organizer,Office Supplies,West,29.99,1,C1486,Cash
2024-12-06,Power Bank,Accessories,North,39.99,1,C1739,PayPal
2024-12-06,Keyboard,Accessories,North,151.98,2,C1021,Debit Card
2024-12-06,Ergonomic Chair,Office Supplies,West,249.99,1,C2014,Cash
2024-12-06,USB Cable,Accessories,North,35.07,3,C1242,PayPal
2024-12-06,Keyboard,Accessories,West,75.99,1,C2137,Cash
2024-12-06,Notebook,Office Supplies,South,8.99,1,C1541,Credit Card
2024-12-06,Mouse,Accessories,North,22.49,1,C1425,Debit Card
2024-12-06,Mouse,Accessories,West,49.98,2,C1770,Cash
2024-12-06,Desk Organizer,Office Supplies,West,29.99,1,C1829,Debit Card
2024-12-06,LED Desk Lamp,Office Supplies,East,82.78,2,C1924,Debit Card
2024-12-07,Tablet,Electronics,North,949.98,2,C2157,PayPal
2024-12-07,Mouse,Accessories,East,24.99,1,C2200,PayPal
2024-12-07,USB Cable,Accessories,North,25.98,2,C1491,Debit Card
2024-12-07,Ergonomic Chair,Office Supplies,South,249.99,1,C2426,Cash
2024-12-07,Tablet,Electronics,North,499.99,1,C1946,Cash
2024-12-07,Notebook,Office Supplies,North,39.96,4,C1595,Cash
2024-12-07,Ergonomic Chair,Office Supplies,South,249.99,1,C1808,Credit Card
2024-12-07,Laptop,Electronics,East,10399.92,8,C1214,PayPal
2024-12-07,Ergonomic Chair,Office Supplies,North,1187.45,5,C1542,Credit Card
2024-12-07,Keyboard,Accessories,West,79.99,1,C1872,Cash
2024-12-07,Mouse,Accessories,East,89.96,4,C1853,Credit Card
2024-12-07,Headphones,Electronics,East,303.98,2,C1152,Cash
2024-12-07,Power Bank,Accessories,South,37.99,1,C2284,Credit Card
2024-12-07,Power Bank,Accessories,East,39.99,1,C1158,PayPal
2024-12-07,Mouse,Accessories,West,49.98,2,C1800,Credit Card
2024-12-07,LED Desk Lamp,Office Supplies,South,183.96,4,C1118,Credit Card
2024-12-07,Mouse,Accessories,East,94.96,4,C2458,PayPal
2024-12-07,Keyboard,Accessories,West,143.98,2,C2436,PayPal
2024-12-07,LED Desk Lamp,Office Supplies,East,45.99,1,C1319,PayPal
2024-12-07,Smartphone,Electronics,East,799.99,1,C1318,Debit Card
2024-12-07,Ergonomic Chair,Office Supplies,East,899.96,4,C1224,Cash
2024-12-07,Mousepad,Accessories,South,18.99,1,C1645,Cash
2024-12-07,Notebook,Office Supplies,North,39.96,4,C1065,Cash
2024-12-07,Laptop,Electronics,North,4679.96,4,C2269,Credit Card
2024-12-07,LED Desk Lamp,Office Supplies,West,41.39,1,C1627,PayPal
2024-12-07,Notebook,Office Supplies,South,49.95,5,C1677,Cash
2024-12-07,Monitor,Electronics,North,1662.45,5,C2239,Cash
2024-12-07,Notebook,Office Supplies,North,9.99,1,C2455,PayPal
2024-12-07,Notebook,Office Supplies,North,9.99,1,C1677,Credit Card
2024-12-07,Power Bank,Accessories,South,79.98,2,C1758,Cash
2024-12-07,Mouse,Accessories,West,74.97,3,C1136,Cash
2024-12-07,Ergonomic Chair,Office Supplies,North,237.49,1,C1142,Cash
2024-12-07,Mouse,Accessories,West,24.99,1,C1580,Credit Card
2024-12-08,Webcam,Electronics,West,89.99,1,C1223,Debit Card
2024-12-08,Ergonomic Chair,Office Supplies,East,499.98,2,C2438,Credit Card
2024-12-08,USB Cable,Accessories,East,64.95,5,C2161,Cash
2024-12-08,Headphones,Electronics,South,151.99,1,C1303,PayPal
2024-12-08,Desk Organizer,Office Supplies,North,28.49,1,C2005,Cash
2024-12-08,Mouse,Accessories,North,47.48,2,C1386,Debit Card
2024-12-08,Laptop,Electronics,South,1299.99,1,C1268,Credit Card
2024-12-08,Tablet,Electronics,North,474.99,1,C1001,Credit Card
2024-12-08,Webcam,Electronics,North,80.99,1,C2412,PayPal
2024-12-08,Headphones,Electronics,South,159.99,1,C1469,Credit Card
2024-12-08,Mouse,Accessories,West,24.99,1,C2461,Credit Card
2024-12-08,Mousepad,Accessories,North,18.99,1,C2047,Debit Card
2024-12-08,USB Cable,Accessories,East,38.97,3,C2182,Debit Card
2024-12-08,Smartphone,Electronics,South,799.99,1,C2207,Debit Card
2024-12-08,Desk Organizer,Office Supplies,West,215.93,8,C1306,Credit Card
2024-12-08,Webcam,Electronics,North,89.99,1,C1002,Credit Card
2024-12-08,USB Cable,Accessories,North,12.99,1,C1398,PayPal
2024-12-08,LED Desk Lamp,Office Supplies,South,41.39,1,C2271,Credit Card
2024-12-08,Notebook,Office Supplies,South,99.9,10,C1263,Cash
2024-12-08,Desk Organizer,Office Supplies,North,80.97,3,C1029,PayPal
2024-12-08,Mouse,Accessories,South,22.49,1,C1834,Debit Card
2024-12-08,LED Desk Lamp,Office Supplies,South,331.13,8,C2139,Debit Card
2024-12-08,Headphones,Electronics,North,479.97,3,C1597,Credit Card
2024-12-08,LED Desk Lamp,Office Supplies,South,45.99,1,C2265,Cash
2024-12-08,Mousepad,Accessories,East,39.98,2,C1745,Debit Card
2024-12-08,Keyboard,Accessories,East,239.97,3,C1664,PayPal
2024-12-08,Mousepad,Accessories,North,18.99,1,C1987,Debit Card
2024-12-08,Tablet,Electronics,South,999.98,2,C1575,Debit Card
2024-12-09,Headphones,Electronics,West,431.97,3,C1113,Debit Card
2024-12-09,Notebook,Office Supplies,West,9.49,1,C1165,Cash
2024-12-09,Headphones,Electronics,East,639.96,4,C2477,Credit Card
2024-12-09,LED Desk Lamp,Office Supplies,North,41.39,1,C2230,Credit Card
2024-12-09,LED Desk Lamp,Office Supplies,South,45.99,1,C1039,PayPal
2024-12-09,Mouse,Accessories,West,47.48,2,C2187,Credit Card
2024-12-09,LED Desk Lamp,Office Supplies,East,41.39,1,C2237,Cash
2024-12-09,Ergonomic Chair,Office Supplies,North,499.98,2,C1672,PayPal
2024-12-09,Mouse,Accessories,West,99.96,4,C1652,PayPal
2024-12-09,Monitor,Electronics,South,699.98,2,C1613,PayPal
2024-12-09,Tablet,Electronics,East,474.99,1,C2378,Credit Card
2024-12-09,Mousepad,Accessories,East,59.97,3,C1371,Debit Card
2024-12-09,LED Desk Lamp,Office Supplies,South,82.78,2,C1764,PayPal
2024-12-09,Webcam,Electronics,West,179.98,2,C1856,Credit Card
2024-12-09,Mousepad,Accessories,East,19.99,1,C1751,Debit Card
2024-12-09,Mousepad,Accessories,South,59.97,3,C2231,Debit Card
2024-12-09,Power Bank,Accessories,South,189.95,5,C2008,PayPal
2024-12-09,Power Bank,Accessories,South,37.99,1,C2278,Credit Card
2024-12-09,Desk Organizer,Office Supplies,North,59.98,2,C1383,Cash
2024-12-09,Keyboard,Accessories,East,151.98,2,C1039,Credit Card
2024-12-09,Mousepad,Accessories,East,18.99,1,C1433,PayPal
2024-12-09,Notebook,Office Supplies,West,47.45,5,C1484,Credit Card
2024-12-09,Mouse,Accessories,South,24.99,1,C1376,Cash
2024-12-09,Power Bank,Accessories,East,75.98,2,C1499,Debit Card
2024-12-09,Mouse,Accessories,South,24.99,1,C2400,PayPal
2024-12-09,Tablet,Electronics,East,499.99,1,C2458,Debit Card
2024-12-09,Laptop,Electronics,West,3899.97,3,C1253,PayPal
2024-12-09,USB Cable,Accessories,North,35.07,3,C2172,Debit Card
2024-12-09,Mouse,Accessories,East,199.92,8,C2232,Debit Card
2024-12-10,Notebook,Office Supplies,North,9.99,1,C1224,PayPal
2024-12-10,Headphones,Electronics,East,431.97,3,C2223,Cash
2024-12-10,Monitor,Electronics,West,314.99,1,C2036,Debit Card
2024-12-10,LED Desk Lamp,Office Supplies,West,137.97,3,C2034,Credit Card
2024-12-10,Laptop,Electronics,North,1299.99,1,C1213,Cash
2024-12-10,Desk Organizer,Office Supplies,East,119.96,4,C2229,Credit Card
2024-12-10,Headphones,Electronics,South,479.97,3,C2457,Cash
2024-12-10,Laptop,Electronics,South,3899.97,3,C1196,Credit Card
2024-12-10,Desk Organizer,Office Supplies,West,28.49,1,C1858,Debit Card
2024-12-10,USB Cable,Accessories,East,12.99,1,C1782,PayPal
2024-12-10,USB Cable,Accessories,West,12.99,1,C1161,Cash
2024-12-10,Mouse,Accessories,South,47.48,2,C1546,Debit Card
2024-12-10,Webcam,Electronics,North,80.99,1,C1375,Debit Card
2024-12-10,Mouse,Accessories,West,22.49,1,C1447,Credit Card
2024-12-10,Headphones,Electronics,North,287.98,2,C1455,Cash
2024-12-10,Monitor,Electronics,East,2799.92,8,C1439,PayPal
2024-12-10,Desk Organizer,Office Supplies,South,89.97,3,C2171,Debit Card
2024-12-10,Smartphone,Electronics,South,3039.96,4,C2021,Cash
2024-12-10,Mousepad,Accessories,West,17.99,1,C1100,Credit Card
2024-12-10,Keyboard,Accessories,West,319.96,4,C1915,PayPal
2024-12-10,Notebook,Office Supplies,South,29.97,3,C2215,Debit Card
2024-12-10,Ergonomic Chair,Office Supplies,West,249.99,1,C1619,Cash
2024-12-10,Ergonomic Chair,Office Supplies,North,237.49,1,C2173,Debit Card
2024-12-10,USB Cable,Accessories,East,11.69,1,C2467,Debit Card
2024-12-10,Tablet,Electronics,West,999.98,2,C2282,PayPal
2024-12-10,Ergonomic Chair,Office Supplies,South,499.98,2,C1709,Cash
2024-12-10,Mousepad,Accessories,South,37.98,2,C1313,PayPal
2024-12-10,Headphones,Electronics,South,287.98,2,C2362,Credit Card
2024-12-10,Laptop,Electronics,West,1234.99,1,C1001,PayPal
2024-12-10,Mousepad,Accessories,North,39.98,2,C1038,Debit Card
2024-12-10,Mouse,Accessories,East,24.99,1,C2417,Credit Card
2024-12-10,LED Desk Lamp,Office Supplies,West,45.99,1,C1966,Cash
2024-12-10,Ergonomic Chair,Office Supplies,East,249.99,1,C1260,PayPal
2024-12-10,Mouse,Accessories,East,99.96,4,C1179,Debit Card
2024-12-11,Monitor,Electronics,South,1329.96,4,C1436,Debit Card
2024-12-11,USB Cable,Accessories,South,12.99,1,C1886,Credit Card
2024-12-11,LED Desk Lamp,Office Supplies,East,206.96,5,C2234,Debit Card
2024-12-11,Tablet,Electronics,South,449.99,1,C1063,PayPal
2024-12-11,Desk Organizer,Office Supplies,East,29.99,1,C2023,PayPal
2024-12-11,Desk Organizer,Office Supplies,South,56.98,2,C1642,Credit Card
2024-12-11,Smartphone,Electronics,South,799.99,1,C1066,PayPal
2024-12-11,Ergonomic Chair,Office Supplies,South,499.98,2,C2147,PayPal
2024-12-11,Power Bank,Accessories,East,79.98,2,C2410,Cash
2024-12-11,Ergonomic Chair,Office Supplies,West,749.97,3,C1219,Credit Card
2024-12-11,Headphones,Electronics,West,287.98,2,C1979,Credit Card
2024-12-11,LED Desk Lamp,Office Supplies,West,45.99,1,C2096,Debit Card
2024-12-11,Desk Organizer,Office Supplies,South,26.99,1,C2296,Credit Card
2024-12-11,Power Bank,Accessories,East,35.99,1,C2157,Cash
2024-12-11,Monitor,Electronics,North,349.99,1,C1529,PayPal
2024-12-11,USB Cable,Accessories,West,35.07,3,C1944,Credit Card
2024-12-11,Tablet,Electronics,West,474.99,1,C1430,PayPal
2024-12-11,Notebook,Office Supplies,West,19.98,2,C2118,Credit Card
2024-12-11,LED Desk Lamp,Office Supplies,North,45.99,1,C1621,Cash
2024-12-11,Laptop,Electronics,East,2599.98,2,C2163,Cash
2024-12-12,LED Desk Lamp,Office Supplies,East,41.39,1,C2097,PayPal
2024-12-12,USB Cable,Accessories,East,25.98,2,C2336,Cash
2024-12-12,Mouse,Accessories,East,23.74,1,C1330,Cash
2024-12-12,Mouse,Accessories,North,24.99,1,C1058,PayPal
2024-12-12,Mousepad,Accessories,South,19.99,1,C1207,Cash
2024-12-12,Keyboard,Accessories,North,151.98,2,C1072,Cash
2024-12-12,Headphones,Electronics,East,639.96,4,C1852,Credit Card
2024-12-12,Desk Organizer,Office Supplies,North,59.98,2,C1485,Credit Card
2024-12-12,Laptop,Electronics,South,1234.99,1,C1624,Credit Card
2024-12-12,Webcam,Electronics,North,89.99,1,C1003,PayPal
2024-12-12,USB Cable,Accessories,West,24.68,2,C1915,Cash
2024-12-12,Laptop,Electronics,East,4939.96,4,C2489,Credit Card
2024-12-12,Headphones,Electronics,South,151.99,1,C1059,Debit Card
2024-12-12,Mouse,Accessories,West,49.98,2,C1066,Debit Card
2024-12-12,USB Cable,Accessories,East,25.98,2,C1694,Cash
2024-12-12,Desk Organizer,Office Supplies,West,26.99,1,C2363,Cash
2024-12-12,Ergonomic Chair,Office Supplies,East,249.99,1,C2113,PayPal
2024-12-12,Smartphone,Electronics,South,799.99,1,C1474,Credit Card
2024-12-12,Ergonomic Chair,Office Supplies,North,249.99,1,C1672,PayPal
2024-12-12,Keyboard,Accessories,North,379.95,5,C2458,Credit Card
2024-12-12,Smartphone,Electronics,South,799.99,1,C2134,Credit Card
2024-12-12,Tablet,Electronics,East,999.98,2,C1941,Credit Card
2024-12-12,Keyboard,Accessories,South,239.97,3,C1973,PayPal
2024-12-12,USB Cable,Accessories,East,129.9,10,C1726,Cash
2024-12-13,Power Bank,Accessories,East,35.99,1,C1580,Debit Card
2024-12-13,Notebook,Office Supplies,South,37.96,4,C1651,Credit Card
2024-12-13,Power Bank,Accessories,North,189.95,5,C1949,Credit Card
2024-12-13,Mousepad,Accessories,West,19.99,1,C2063,Debit Card
2024-12-13,LED Desk Lamp,Office Supplies,East,45.99,1,C1418,Debit Card
2024-12-13,Mouse,Accessories,South,22.49,1,C2289,Debit Card
2024-12-13,USB Cable,Accessories,East,25.98,2,C2007,PayPal
2024-12-13,Mousepad,Accessories,East,19.99,1,C2395,Cash
2024-12-13,USB Cable,Accessories,North,98.72,8,C2039,Credit Card
2024-12-13,Power Bank,Accessories,East,119.97,3,C2140,Cash
2024-12-13,Notebook,Office Supplies,South,49.95,5,C2344,Debit Card
2024-12-13,Power Bank,Accessories,West,107.97,3,C2296,Cash
2024-12-13,Mousepad,Accessories,East,19.99,1,C2098,Debit Card
2024-12-13,Desk Organizer,Office Supplies,South,29.99,1,C1732,Cash
2024-12-13,Mousepad,Accessories,North,39.98,2,C1224,Credit Card
2024-12-13,Laptop,Electronics,East,1299.99,1,C1276,Debit Card
2024-12-13,Tablet,Electronics,East,2499.95,5,C1003,Cash
2024-12-13,Tablet,Electronics,East,499.99,1,C1268,Credit Card
2024-12-13,Ergonomic Chair,Office Supplies,North,749.97,3,C1917,Credit Card
2024-12-13,LED Desk Lamp,Office Supplies,North,367.92,8,C1397,Debit Card
2024-12-13,Mouse,Accessories,North,71.22,3,C1577,Debit Card
2024-12-13,Notebook,Office Supplies,East,9.99,1,C1452,Cash
2024-12-13,Desk Organizer,Office Supplies,East,29.99,1,C2365,Cash
2024-12-13,Headphones,Electronics,East,159.99,1,C1947,Credit Card
2024-12-13,LED Desk Lamp,Office Supplies,South,45.99,1,C2299,Debit Card
2024-12-13,Keyboard,Accessories,West,79.99,1,C1167,Debit Card
2024-12-13,Tablet,Electronics,South,449.99,1,C2103,Cash
2024-12-13,LED Desk Lamp,Office Supplies,West,41.39,1,C1536,Debit Card
2024-12-13,Notebook,Office Supplies,West,8.99,1,C1648,Cash
2024-12-13,Monitor,Electronics,South,629.98,2,C1341,Cash
2024-12-13,LED Desk Lamp,Office Supplies,West,41.39,1,C2429,Cash
2024-12-13,Ergonomic Chair,Office Supplies,West,249.99,1,C1497,Cash
2024-12-13,Mousepad,Accessories,North,39.98,2,C2285,PayPal
2024-12-13,Mouse,Accessories,South,23.74,1,C1785,PayPal
2024-12-13,Tablet,Electronics,North,499.99,1,C1180,Cash
2024-12-13,Headphones,Electronics,South,159.99,1,C1760,Debit Card
2024-12-13,Headphones,Electronics,South,319.98,2,C1037,PayPal
2024-12-13,Monitor,Electronics,East,629.98,2,C1162,Debit Card
2024-12-13,Headphones,Electronics,West,303.98,2,C1116,Credit Card
2024-12-14,Notebook,Office Supplies,South,9.49,1,C1454,Debit Card
2024-12-14,Notebook,Office Supplies,West,18.98,2,C1756,Credit Card
2024-12-14,Laptop,Electronics,South,2599.98,2,C2077,PayPal
2024-12-14,Power Bank,Accessories,North,39.99,1,C1253,Credit Card
2024-12-14,Smartphone,Electronics,West,799.99,1,C1913,Credit Card
2024-12-14,USB Cable,Accessories,West,35.07,3,C1654,Cash
2024-12-14,Keyboard,Accessories,North,79.99,1,C1286,PayPal
2024-12-14,LED Desk Lamp,Office Supplies,West,41.39,1,C2478,PayPal
2024-12-14,LED Desk Lamp,Office Supplies,West,91.98,2,C1310,Debit Card
2024-12-14,Webcam,Electronics,South,170.98,2,C1026,Credit Card
2024-12-14,Notebook,Office Supplies,South,44.96,5,C2361,PayPal
2024-12-14,Tablet,Electronics,North,474.99,1,C2349,Credit Card
2024-12-14,Desk Organizer,Office Supplies,South,29.99,1,C2431,PayPal
2024-12-14,Monitor,Electronics,South,349.99,1,C1291,Credit Card
2024-12-14,USB Cable,Accessories,South,25.98,2,C1585,PayPal
2024-12-14,Mouse,Accessories,West,94.96,4,C1051,Debit Card
2024-12-14,LED Desk Lamp,Office Supplies,South,43.69,1,C1448,Debit Card
2024-12-14,LED Desk Lamp,Office Supplies,East,41.39,1,C1471,Cash
2024-12-15,Notebook,Office Supplies,West,9.99,1,C1423,PayPal
2024-12-15,Webcam,Electronics,East,89.99,1,C2075,Cash
2024-12-15,Mouse,Accessories,North,24.99,1,C1213,Debit Card
2024-12-15,Smartphone,Electronics,East,799.99,1,C1678,PayPal
2024-12-15,Webcam,Electronics,South,85.49,1,C1617,Debit Card
2024-12-15,Notebook,Office Supplies,West,19.98,2,C1452,PayPal
2024-12-15,Keyboard,Accessories,East,151.98,2,C1653,Debit Card
2024-12-15,Headphones,Electronics,South,319.98,2,C1018,PayPal
2024-12-15,Mousepad,Accessories,South,39.98,2,C1567,Cash
2024-12-15,Monitor,Electronics,West,332.49,1,C2022,PayPal
2024-12-15,Desk Organizer,Office Supplies,West,89.97,3,C1254,Cash
2024-12-15,Ergonomic Chair,Office Supplies,South,249.99,1,C1553,PayPal
2024-12-15,Keyboard,Accessories,South,799.9,10,C1535,Credit Card
2024-12-15,USB Cable,Accessories,East,25.98,2,C1464,Cash
2024-12-15,Desk Organizer,Office Supplies,North,59.98,2,C1511,Debit Card
2024-12-15,Mousepad,Accessories,West,18.99,1,C2093,PayPal
2024-12-15,Ergonomic Chair,Office Supplies,South,749.97,3,C1411,PayPal
2024-12-15,Webcam,Electronics,East,359.96,4,C2349,Cash
2024-12-15,Mouse,Accessories,West,24.99,1,C1695,PayPal
2024-12-15,Mouse,Accessories,South,49.98,2,C2208,Cash
2024-12-15,Ergonomic Chair,Office Supplies,East,249.99,1,C1324,Cash
2024-12-15,Power Bank,Accessories,East,79.98,2,C1227,Credit Card
2024-12-15,Desk Organizer,Office Supplies,North,134.95,5,C1029,PayPal
2024-12-15,USB Cable,Accessories,South,58.46,5,C1124,Credit Card
2024-12-15,LED Desk Lamp,Office Supplies,West,43.69,1,C1687,Cash
2024-12-15,Tablet,Electronics,East,999.98,2,C2447,PayPal
2024-12-15,Laptop,Electronics,North,2599.98,2,C2145,Credit Card
2024-12-15,LED Desk Lamp,Office Supplies,North,137.97,3,C1044,Cash
2024-12-15,USB Cable,Accessories,West,51.96,4,C1517,Debit Card
2024-12-16,USB Cable,Accessories,South,25.98,2,C1350,Credit Card
2024-12-16,Laptop,Electronics,North,3899.97,3,C2134,Credit Card
2024-12-16,USB Cable,Accessories,North,12.34,1,C1690,Cash
2024-12-16,Desk Organizer,Office Supplies,East,149.95,5,C2061,Debit Card
2024-12-16,Monitor,Electronics,West,314.99,1,C2481,PayPal
2024-12-16,Power Bank,Accessories,North,39.99,1,C1818,Credit Card
2024-12-16,Mouse,Accessories,West,44.98,2,C1311,Cash
2024-12-16,Webcam,Electronics,South,89.99,1,C1814,PayPal
2024-12-16,USB Cable,Accessories,West,23.38,2,C2027,Debit Card
2024-12-16,Headphones,Electronics,South,303.98,2,C1109,PayPal
2024-12-16,LED Desk Lamp,Office Supplies,North,91.98,2,C1578,Debit Card
2024-12-16,Notebook,Office Supplies,North,8.99,1,C1629,PayPal
2024-12-16,LED Desk Lamp,Office Supplies,East,41.39,1,C2099,PayPal
2024-12-16,Laptop,Electronics,North,12999.9,10,C1832,Debit Card
2024-12-16,Tablet,Electronics,West,949.98,2,C1052,Debit Card
2024-12-16,Laptop,Electronics,East,1299.99,1,C1017,Cash
2024-12-16,Mouse,Accessories,West,24.99,1,C1178,Cash
2024-12-16,LED Desk Lamp,Office Supplies,North,41.39,1,C1744,Debit Card
2024-12-16,Power Bank,Accessories,West,35.99,1,C2299,PayPal
2024-12-16,Tablet,Electronics,East,899.98,2,C2055,Debit Card
2024-12-16,Power Bank,Accessories,South,107.97,3,C2467,Cash
2024-12-16,Notebook,Office Supplies,North,9.99,1,C2355,Debit Card
2024-12-16,Notebook,Office Supplies,West,39.96,4,C1986,Debit Card
2024-12-16,Mouse,Accessories,South,74.97,3,C1822,Debit Card
2024-12-16,Laptop,Electronics,North,1299.99,1,C2065,Credit Card
2024-12-16,Monitor,Electronics,South,314.99,1,C1699,Credit Card
2024-12-16,Webcam,Electronics,North,179.98,2,C2131,PayPal
2024-12-16,Keyboard,Accessories,South,71.99,1,C2177,Credit Card
2024-12-16,Laptop,Electronics,West,1169.99,1,C2342,Credit Card
2024-12-16,Smartphone,Electronics,East,3039.96,4,C2279,PayPal
2024-12-16,Keyboard,Accessories,East,239.97,3,C2078,Debit Card
2024-12-16,Ergonomic Chair,Office Supplies,South,499.98,2,C2480,Cash
2024-12-17,Mouse,Accessories,West,49.98,2,C1866,Credit Card
2024-12-17,Mousepad,Accessories,North,17.99,1,C2031,Cash
2024-12-17,Notebook,Office Supplies,North,9.99,1,C2251,Cash
2024-12-17,Keyboard,Accessories,East,79.99,1,C2017,Credit Card
2024-12-17,LED Desk Lamp,Office Supplies,North,82.78,2,C1298,Cash
2024-12-17,Mousepad,Accessories,North,19.99,1,C1304,Credit Card
2024-12-17,Tablet,Electronics,East,499.99,1,C1554,Credit Card
2024-12-17,Desk Organizer,Office Supplies,North,29.99,1,C1004,PayPal
2024-12-17,Monitor,Electronics,North,349.99,1,C1026,Cash
2024-12-17,LED Desk Lamp,Office Supplies,North,41.39,1,C2151,PayPal
2024-12-17,USB Cable,Accessories,East,12.99,1,C1506,Debit Card
2024-12-17,Keyboard,Accessories,North,227.97,3,C1971,Cash
2024-12-17,Desk Organizer,Office Supplies,South,56.98,2,C2242,Credit Card
2024-12-17,Desk Organizer,Office Supplies,South,29.99,1,C1548,Credit Card
2024-12-17,Mousepad,Accessories,North,17.99,1,C1344,Debit Card
2024-12-17,Notebook,Office Supplies,West,8.99,1,C1460,Credit Card
2024-12-17,Mousepad,Accessories,North,17.99,1,C1226,PayPal
2024-12-17,Power Bank,Accessories,South,79.98,2,C2334,PayPal
2024-12-17,Mousepad,Accessories,West,19.99,1,C1562,PayPal
2024-12-17,Mousepad,Accessories,East,39.98,2,C1395,PayPal
2024-12-17,Desk Organizer,Office Supplies,East,85.47,3,C1442,Cash
2024-12-17,Tablet,Electronics,North,499.99,1,C1349,PayPal
2024-12-17,Tablet,Electronics,East,999.98,2,C1029,Credit Card
2024-12-17,Mousepad,Accessories,East,39.98,2,C1648,Credit Card
2024-12-17,Desk Organizer,Office Supplies,South,227.92,8,C1447,Cash
2024-12-17,Laptop,Electronics,West,3704.97,3,C1324,Credit Card
2024-12-17,Keyboard,Accessories,East,75.99,1,C2355,Credit Card
2024-12-17,Smartphone,Electronics,West,799.99,1,C1087,Credit Card
2024-12-17,Desk Organizer,Office Supplies,North,56.98,2,C1420,PayPal
2024-12-17,Mousepad,Accessories,North,19.99,1,C2212,Credit Card
2024-12-17,Desk Organizer,Office Supplies,North,53.98,2,C1497,Credit Card
2024-12-17,Power Bank,Accessories,West,79.98,2,C1943,Cash
2024-12-17,Headphones,Electronics,South,159.99,1,C1663,Debit Card
2024-12-17,Mouse,Accessories,East,24.99,1,C2109,Credit Card
2024-12-17,USB Cable,Accessories,South,25.98,2,C1738,Cash
2024-12-17,Keyboard,Accessories,North,79.99,1,C1206,PayPal
2024-12-17,Laptop,Electronics,West,2469.98,2,C2413,PayPal
2024-12-17,Monitor,Electronics,West,997.47,3,C1881,PayPal
2024-12-18,Tablet,Electronics,West,999.98,2,C1498,PayPal
2024-12-18,Keyboard,Accessories,West,639.92,8,C1060,Debit Card
2024-12-18,Smartphone,Electronics,West,719.99,1,C2022,PayPal
2024-12-18,Headphones,Electronics,West,1279.92,8,C1865,Debit Card
2024-12-18,Mouse,Accessories,East,24.99,1,C2336,PayPal
2024-12-18,Webcam,Electronics,East,179.98,2,C2352,Credit Card
2024-12-18,Desk Organizer,Office Supplies,South,59.98,2,C1915,Debit Card
2024-12-18,Mousepad,Accessories,South,39.98,2,C1075,PayPal
2024-12-18,Smartphone,Electronics,West,2399.97,3,C1166,Cash
2024-12-18,Laptop,Electronics,East,1299.99,1,C2259,Credit Card
2024-12-18,USB Cable,Accessories,South,11.69,1,C1227,Cash
2024-12-18,USB Cable,Accessories,East,51.96,4,C2281,Debit Card
2024-12-18,Desk Organizer,Office Supplies,West,29.99,1,C1764,Credit Card
2024-12-18,Webcam,Electronics,North,89.99,1,C1154,Debit Card
2024-12-18,LED Desk Lamp,Office Supplies,West,91.98,2,C1459,Cash
2024-12-18,Keyboard,Accessories,West,159.98,2,C1377,Cash
2024-12-18,Laptop,Electronics,South,3509.97,3,C1759,Credit Card
2024-12-18,LED Desk Lamp,Office Supplies,West,91.98,2,C1918,Cash
2024-12-18,USB Cable,Accessories,West,25.98,2,C1541,Debit Card
2024-12-18,Ergonomic Chair,Office Supplies,North,249.99,1,C1385,Credit Card
2024-12-18,Notebook,Office Supplies,South,9.49,1,C2232,Debit Card
2024-12-18,Notebook,Office Supplies,East,89.91,10,C2348,PayPal
2024-12-18,Mousepad,Accessories,North,19.99,1,C1927,Credit Card
2024-12-19,LED Desk Lamp,Office Supplies,West,45.99,1,C2155,PayPal
2024-12-19,Desk Organizer,Office Supplies,West,29.99,1,C1256,PayPal
2024-12-19,Tablet,Electronics,East,499.99,1,C1837,Credit Card
2024-12-19,Smartphone,Electronics,North,3999.95,5,C1702,PayPal
2024-12-19,Laptop,Electronics,South,2599.98,2,C1795,Cash
2024-12-19,LED Desk Lamp,Office Supplies,East,45.99,1,C2478,Debit Card
2024-12-19,Smartphone,Electronics,East,799.99,1,C2044,PayPal
2024-12-19,LED Desk Lamp,Office Supplies,West,82.78,2,C2429,PayPal
2024-12-19,Headphones,Electronics,West,319.98,2,C1565,Cash
2024-12-19,Laptop,Electronics,East,1299.99,1,C1456,Cash
2024-12-19,Ergonomic Chair,Office Supplies,West,249.99,1,C1020,PayPal
2024-12-19,Keyboard,Accessories,West,239.97,3,C1345,Credit Card
2024-12-19,LED Desk Lamp,Office Supplies,South,91.98,2,C2324,Credit Card
2024-12-19,Monitor,Electronics,South,349.99,1,C1824,Cash
2024-12-19,LED Desk Lamp,Office Supplies,West,45.99,1,C2183,Debit Card
2024-12-19,Webcam,Electronics,East,89.99,1,C2413,Cash
2024-12-19,Headphones,Electronics,West,799.95,5,C2206,Credit Card
2024-12-19,Keyboard,Accessories,North,151.98,2,C1998,PayPal
2024-12-19,Webcam,Electronics,South,85.49,1,C2264,Cash
2024-12-19,Power Bank,Accessories,East,179.96,5,C1445,Credit Card
2024-12-19,Ergonomic Chair,Office Supplies,West,249.99,1,C1029,Debit Card
2024-12-19,LED Desk Lamp,Office Supplies,West,45.99,1,C1821,PayPal
2024-12-19,Ergonomic Chair,Office Supplies,North,249.99,1,C1631,Debit Card
2024-12-19,Mousepad,Accessories,East,71.96,4,C1906,Credit Card
2024-12-19,Laptop,Electronics,North,2599.98,2,C1697,Cash
2024-12-19,Laptop,Electronics,South,2599.98,2,C1279,PayPal
2024-12-19,Notebook,Office Supplies,East,39.96,4,C1265,Cash
2024-12-20,Webcam,Electronics,East,89.99,1,C1199,Debit Card
2024-12-20,Ergonomic Chair,Office Supplies,North,249.99,1,C2160,Cash
2024-12-20,Smartphone,Electronics,North,2399.97,3,C1949,Cash
2024-12-20,Ergonomic Chair,Office Supplies,North,249.99,1,C1931,PayPal
2024-12-20,Mouse,Accessories,West,24.99,1,C1413,Credit Card
2024-12-20,Mouse,Accessories,West,24.99,1,C2268,PayPal
2024-12-20,Mousepad,Accessories,South,53.97,3,C1617,Credit Card
2024-12-20,Power Bank,Accessories,North,75.98,2,C2464,Cash
2024-12-20,Smartphone,Electronics,West,759.99,1,C2062,PayPal
2024-12-20,Tablet,Electronics,South,1799.96,4,C1710,Debit Card
2024-12-20,LED Desk Lamp,Office Supplies,West,165.56,4,C1752,PayPal
2024-12-20,Mouse,Accessories,North,124.95,5,C1816,Credit Card
2024-12-20,Power Bank,Accessories,West,119.97,3,C1345,PayPal
2024-12-20,Tablet,Electronics,East,499.99,1,C2048,Debit Card
2024-12-20,Notebook,Office Supplies,West,49.95,5,C2000,Cash
2024-12-20,Webcam,Electronics,East,80.99,1,C1745,Credit Card
2024-12-20,LED Desk Lamp,Office Supplies,East,45.99,1,C1770,Credit Card
2024-12-20,Headphones,Electronics,North,159.99,1,C2026,Credit Card
2024-12-20,Mouse,Accessories,East,22.49,1,C1020,Credit Card
2024-12-20,Mouse,Accessories,East,22.49,1,C2268,PayPal
2024-12-20,Headphones,Electronics,East,159.99,1,C1732,Cash
2024-12-20,USB Cable,Accessories,South,25.98,2,C2140,Cash
2024-12-20,Headphones,Electronics,East,287.98,2,C1168,Cash
2024-12-20,Smartphone,Electronics,North,1439.98,2,C1020,PayPal
2024-12-20,Desk Organizer,Office Supplies,North,59.98,2,C1009,PayPal
2024-12-20,Desk Organizer,Office Supplies,South,56.98,2,C1108,Debit Card
2024-12-20,Desk Organizer,Office Supplies,West,29.99,1,C2386,PayPal
2024-12-20,Headphones,Electronics,North,159.99,1,C2463,Credit Card
2024-12-20,Smartphone,Electronics,East,799.99,1,C2414,Credit Card
2024-12-20,Headphones,Electronics,West,159.99,1,C1225,Cash
2024-12-20,Notebook,Office Supplies,East,79.92,8,C1883,Debit Card
2024-12-21,Headphones,Electronics,North,319.98,2,C1560,PayPal
2024-12-21,Tablet,Electronics,East,999.98,2,C1580,Debit Card
2024-12-21,Monitor,Electronics,West,699.98,2,C1293,Cash
2024-12-21,Mousepad,Accessories,South,75.96,4,C2249,Cash
2024-12-21,Mouse,Accessories,North,24.99,1,C1745,PayPal
2024-12-21,Mousepad,Accessories,West,17.99,1,C2069,Cash
2024-12-21,Ergonomic Chair,Office Supplies,South,499.98,2,C1444,Debit Card
2024-12-21,Ergonomic Chair,Office Supplies,East,249.99,1,C1446,Cash
2024-12-21,Mouse,Accessories,East,44.98,2,C2361,Credit Card
2024-12-21,Tablet,Electronics,West,474.99,1,C2178,Cash
2024-12-21,Webcam,Electronics,North,256.47,3,C2192,Credit Card
2024-12-21,Headphones,Electronics,West,151.99,1,C2145,Debit Card
2024-12-21,Desk Organizer,Office Supplies,West,53.98,2,C1227,Credit Card
2024-12-21,USB Cable,Accessories,South,23.38,2,C2142,Credit Card
2024-12-21,USB Cable,Accessories,North,25.98,2,C1017,Debit Card
2024-12-21,Laptop,Electronics,South,2339.98,2,C1090,Credit Card
2024-12-21,Tablet,Electronics,East,499.99,1,C1029,PayPal
2024-12-21,USB Cable,Accessories,South,38.97,3,C1308,Credit Card
2024-12-21,Notebook,Office Supplies,West,8.99,1,C1709,Debit Card
2024-12-21,Desk Organizer,Office Supplies,East,89.97,3,C1018,Credit Card
2024-12-21,Power Bank,Accessories,North,39.99,1,C1573,Cash
2024-12-21,Monitor,Electronics,South,944.97,3,C2403,Cash
2024-12-21,Monitor,Electronics,North,1399.96,4,C1789,Debit Card
2024-12-21,Tablet,Electronics,East,499.99,1,C1115,Credit Card
2024-12-21,Tablet,Electronics,South,499.99,1,C2297,PayPal
2024-12-21,Ergonomic Chair,Office Supplies,South,224.99,1,C1647,Cash
2024-12-21,LED Desk Lamp,Office Supplies,West,43.69,1,C1233,PayPal
2024-12-21,USB Cable,Accessories,North,38.97,3,C2299,Credit Card
2024-12-21,Webcam,Electronics,East,89.99,1,C1218,Cash
2024-12-21,Keyboard,Accessories,East,143.98,2,C2012,Credit Card
2024-12-21,LED Desk Lamp,Office Supplies,North,82.78,2,C1283,Cash
2024-12-21,Power Bank,Accessories,East,199.95,5,C1602,Cash
2024-12-21,Mouse,Accessories,West,74.97,3,C1596,Credit Card
2024-12-21,Smartphone,Electronics,South,759.99,1,C1267,Credit Card
2024-12-21,Webcam,Electronics,West,89.99,1,C1563,PayPal
2024-12-21,Keyboard,Accessories,West,159.98,2,C1743,Cash
2024-12-21,Notebook,Office Supplies,West,9.99,1,C1003,Cash
2024-12-21,Mouse,Accessories,West,47.48,2,C1135,Credit Card
2024-12-22,Notebook,Office Supplies,South,9.99,1,C1989,Cash
2024-12-22,Keyboard,Accessories,East,79.99,1,C1728,PayPal
2024-12-22,USB Cable,Accessories,West,51.96,4,C2104,Cash
2024-12-22,Desk Organizer,Office Supplies,North,269.91,10,C1189,Debit Card
2024-12-22,USB Cable,Accessories,North,129.9,10,C2161,Debit Card
2024-12-22,USB Cable,Accessories,West,24.68,2,C1056,Credit Card
2024-12-22,USB Cable,Accessories,South,23.38,2,C1704,Credit Card
2024-12-22,Mouse,Accessories,West,49.98,2,C1146,PayPal
2024-12-22,LED Desk Lamp,Office Supplies,East,45.99,1,C1699,Credit Card
2024-12-22,Desk Organizer,Office Supplies,South,29.99,1,C1919,Debit Card
2024-12-22,Laptop,Electronics,East,2469.98,2,C2011,Debit Card
2024-12-22,Mouse,Accessories,West,22.49,1,C2461,Credit Card
2024-12-22,USB Cable,Accessories,West,12.99,1,C1346,Credit Card
2024-12-22,LED Desk Lamp,Office Supplies,South,43.69,1,C1120,Credit Card
2024-12-22,Ergonomic Chair,Office Supplies,South,249.99,1,C1600,Credit Card
2024-12-22,Mousepad,Accessories,North,18.99,1,C2456,Debit Card
2024-12-22,Desk Organizer,Office Supplies,North,85.47,3,C2369,PayPal
2024-12-22,Mouse,Accessories,East,74.97,3,C1781,Debit Card
2024-12-22,Laptop,Electronics,West,5199.96,4,C2032,Debit Card
2024-12-22,Tablet,Electronics,West,1499.97,3,C2016,Debit Card
2024-12-22,Headphones,Electronics,West,287.98,2,C1540,Credit Card
2024-12-22,Notebook,Office Supplies,North,39.96,4,C2103,PayPal
2024-12-22,Power Bank,Accessories,East,39.99,1,C1436,Cash
2024-12-22,LED Desk Lamp,Office Supplies,West,229.95,5,C2167,PayPal
2024-12-22,LED Desk Lamp,Office Supplies,West,367.92,8,C1444,Cash
2024-12-22,Mousepad,Accessories,North,56.97,3,C1766,PayPal
2024-12-22,USB Cable,Accessories,North,12.99,1,C2151,Cash
2024-12-22,Tablet,Electronics,South,2249.95,5,C2401,Cash
2024-12-22,Laptop,Electronics,East,1234.99,1,C1053,PayPal
2024-12-22,Power Bank,Accessories,South,159.96,4,C1291,Debit Card
2024-12-22,Ergonomic Chair,Office Supplies,West,499.98,2,C1586,Credit Card
2024-12-22,Webcam,Electronics,West,179.98,2,C2328,Debit Card
2024-12-22,Ergonomic Chair,Office Supplies,North,474.98,2,C1502,PayPal
2024-12-22,Power Bank,Accessories,South,37.99,1,C2102,Cash
2024-12-22,Notebook,Office Supplies,South,29.97,3,C1433,PayPal
2024-12-23,Webcam,Electronics,North,242.97,3,C1838,Cash
2024-12-23,Mouse,Accessories,North,199.92,8,C1491,PayPal
2024-12-23,Tablet,Electronics,West,999.98,2,C2288,Cash
2024-12-23,Monitor,Electronics,South,629.98,2,C1593,Debit Card
2024-12-23,Power Bank,Accessories,South,39.99,1,C1676,PayPal
2024-12-23,Notebook,Office Supplies,East,19.98,2,C1924,Debit Card
2024-12-23,Ergonomic Chair,Office Supplies,North,749.97,3,C1592,PayPal
2024-12-23,Smartphone,Electronics,South,1599.98,2,C2179,Debit Card
2024-12-23,Tablet,Electronics,East,449.99,1,C1859,Cash
2024-12-23,Desk Organizer,Office Supplies,East,29.99,1,C2376,Debit Card
2024-12-23,Smartphone,Electronics,West,2399.97,3,C1212,Credit Card
2024-12-23,Power Bank,Accessories,North,35.99,1,C1554,Debit Card
2024-12-23,Tablet,Electronics,East,474.99,1,C2375,PayPal
2024-12-23,Laptop,Electronics,West,1169.99,1,C1600,PayPal
2024-12-23,Tablet,Electronics,West,474.99,1,C2436,Credit Card
2024-12-23,LED Desk Lamp,Office Supplies,North,91.98,2,C1062,Cash
2024-12-23,LED Desk Lamp,Office Supplies,West,45.99,1,C1781,Debit Card
2024-12-23,Power Bank,Accessories,West,39.99,1,C1146,Debit Card
2024-12-23,Laptop,Electronics,West,2599.98,2,C1675,Cash
2024-12-23,Power Bank,Accessories,North,151.96,4,C1151,Credit Card
2024-12-23,Mousepad,Accessories,South,71.96,4,C1216,Debit Card
2024-12-23,Keyboard,Accessories,East,79.99,1,C2010,Cash
2024-12-23,Mousepad,Accessories,East,39.98,2,C2056,PayPal
2024-12-23,Smartphone,Electronics,West,799.99,1,C1510,PayPal
2024-12-23,Desk Organizer,Office Supplies,East,89.97,3,C1620,Cash
2024-12-23,Keyboard,Accessories,East,71.99,1,C2432,Credit Card
2024-12-23,Notebook,Office Supplies,North,9.99,1,C2226,Credit Card
2024-12-23,Monitor,Electronics,West,699.98,2,C1810,PayPal
2024-12-23,Power Bank,Accessories,East,399.9,10,C1376,Debit Card
2024-12-24,Webcam,Electronics,West,179.98,2,C2055,Cash
2024-12-24,Smartphone,Electronics,East,799.99,1,C1921,PayPal
2024-12-24,Monitor,Electronics,North,997.47,3,C2048,PayPal
2024-12-24,Ergonomic Chair,Office Supplies,East,449.98,2,C1350,Debit Card
2024-12-24,Mouse,Accessories,North,22.49,1,C1466,Cash
2024-12-24,Ergonomic Chair,Office Supplies,North,474.98,2,C1529,PayPal
2024-12-24,Notebook,Office Supplies,South,8.99,1,C1196,Credit Card
2024-12-24,LED Desk Lamp,Office Supplies,North,45.99,1,C1111,Debit Card
2024-12-24,Ergonomic Chair,Office Supplies,North,249.99,1,C1370,PayPal
2024-12-24,Headphones,Electronics,West,159.99,1,C2062,PayPal
2024-12-24,Keyboard,Accessories,North,159.98,2,C1742,Debit Card
2024-12-24,USB Cable,Accessories,West,11.69,1,C1275,Debit Card
2024-12-24,Tablet,Electronics,North,499.99,1,C1109,Credit Card
2024-12-24,Mouse,Accessories,East,24.99,1,C1634,Credit Card
2024-12-24,Notebook,Office Supplies,North,19.98,2,C1903,Cash
2024-12-24,LED Desk Lamp,Office Supplies,West,45.99,1,C1137,PayPal
2024-12-24,USB Cable,Accessories,West,35.07,3,C2342,Credit Card
2024-12-24,LED Desk Lamp,Office Supplies,West,43.69,1,C1044,Debit Card
2024-12-24,Notebook,Office Supplies,South,17.98,2,C1620,Cash
2024-12-24,Power Bank,Accessories,South,37.99,1,C1037,Debit Card
2024-12-24,Tablet,Electronics,West,999.98,2,C1061,Cash
2024-12-24,Keyboard,Accessories,South,79.99,1,C1113,Cash
2024-12-24,Webcam,Electronics,South,269.97,3,C1742,Cash
2024-12-24,Mouse,Accessories,West,24.99,1,C2405,Credit Card
2024-12-24,Smartphone,Electronics,South,1439.98,2,C1262,Credit Card
2024-12-24,Tablet,Electronics,East,449.99,1,C2386,Debit Card
2024-12-24,Keyboard,Accessories,North,151.98,2,C1912,Credit Card
2024-12-24,Desk Organizer,Office Supplies,West,59.98,2,C1544,Cash
2024-12-24,Laptop,Electronics,East,3704.97,3,C1707,Cash
2024-12-25,Monitor,Electronics,South,997.47,3,C1333,Cash
2024-12-25,Laptop,Electronics,West,2599.98,2,C1533,PayPal
2024-12-25,Ergonomic Chair,Office Supplies,West,237.49,1,C2476,Debit Card
2024-12-25,Laptop,Electronics,East,2599.98,2,C1172,Cash
2024-12-25,USB Cable,Accessories,South,11.69,1,C1984,Credit Card
2024-12-25,Headphones,Electronics,West,303.98,2,C1674,Credit Card
2024-12-25,Mouse,Accessories,West,24.99,1,C1820,PayPal
2024-12-25,USB Cable,Accessories,West,51.96,4,C1581,PayPal
2024-12-25,Power Bank,Accessories,South,39.99,1,C1162,Credit Card
2024-12-25,Ergonomic Chair,Office Supplies,South,2499.9,10,C2401,Credit Card
2024-12-25,Notebook,Office Supplies,North,26.97,3,C1184,Credit Card
2024-12-25,LED Desk Lamp,Office Supplies,North,43.69,1,C2127,Cash
2024-12-25,LED Desk Lamp,Office Supplies,North,41.39,1,C2117,PayPal
2024-12-25,LED Desk Lamp,Office Supplies,South,137.97,3,C1168,Cash
2024-12-25,Monitor,Electronics,East,314.99,1,C1743,Cash
2024-12-25,Tablet,Electronics,West,449.99,1,C1618,PayPal
2024-12-25,Laptop,Electronics,East,1234.99,1,C2397,Cash
2024-12-25,Notebook,Office Supplies,West,9.99,1,C2346,PayPal
2024-12-25,Power Bank,Accessories,West,39.99,1,C2199,PayPal
2024-12-25,Tablet,Electronics,South,499.99,1,C1547,Cash
2024-12-25,Headphones,Electronics,North,455.97,3,C1409,Cash
2024-12-25,Headphones,Electronics,South,639.96,4,C2446,PayPal
2024-12-25,Smartphone,Electronics,East,719.99,1,C2050,PayPal
2024-12-25,Smartphone,Electronics,East,2159.97,3,C1326,Cash
2024-12-25,Mouse,Accessories,East,22.49,1,C1231,Debit Card
2024-12-25,USB Cable,Accessories,South,12.99,1,C1742,Cash
2024-12-25,Mouse,Accessories,West,74.97,3,C1685,PayPal
2024-12-25,Monitor,Electronics,North,1049.97,3,C1380,Debit Card
2024-12-25,Keyboard,Accessories,East,719.91,10,C1473,Credit Card
2024-12-25,Mouse,Accessories,North,24.99,1,C1243,Credit Card
2024-12-25,Smartphone,Electronics,South,3039.96,4,C2082,Cash
2024-12-25,Power Bank,Accessories,West,39.99,1,C1609,Credit Card
2024-12-25,Notebook,Office Supplies,North,9.49,1,C2415,Cash
2024-12-25,LED Desk Lamp,Office Supplies,North,91.98,2,C1832,Debit Card
2024-12-25,Headphones,Electronics,South,799.95,5,C1170,PayPal
2024-12-25,Mouse,Accessories,East,24.99,1,C1144,Cash
2024-12-25,Smartphone,Electronics,North,799.99,1,C1324,Credit Card
2024-12-26,Headphones,Electronics,West,159.99,1,C2059,Credit Card
2024-12-26,Notebook,Office Supplies,North,19.98,2,C1740,Debit Card
2024-12-26,Tablet,Electronics,North,499.99,1,C1109,Cash
2024-12-26,Notebook,Office Supplies,West,29.97,3,C2457,Cash
2024-12-26,Keyboard,Accessories,North,71.99,1,C1667,Debit Card
2024-12-26,Mousepad,Accessories,West,19.99,1,C1426,Debit Card
2024-12-26,Laptop,Electronics,North,1299.99,1,C1240,Debit Card
2024-12-26,Tablet,Electronics,West,999.98,2,C1589,PayPal
2024-12-26,Mouse,Accessories,South,67.47,3,C2282,PayPal
2024-12-26,Tablet,Electronics,West,1999.96,4,C2004,Cash
2024-12-26,Notebook,Office Supplies,South,9.99,1,C2222,Credit Card
2024-12-26,Tablet,Electronics,East,499.99,1,C1249,Cash
2024-12-26,Ergonomic Chair,Office Supplies,South,474.98,2,C2009,Debit Card
2024-12-26,Keyboard,Accessories,West,79.99,1,C1491,Cash
2024-12-26,Laptop,Electronics,East,2599.98,2,C2194,Debit Card
2024-12-26,Mousepad,Accessories,South,39.98,2,C1163,PayPal
2024-12-26,Notebook,Office Supplies,East,29.97,3,C2169,Credit Card
2024-12-26,Keyboard,Accessories,East,75.99,1,C1902,Cash
2024-12-26,Webcam,Electronics,North,269.97,3,C1664,Credit Card
2024-12-26,Monitor,Electronics,West,1049.97,3,C2116,Credit Card
2024-12-26,Smartphone,Electronics,South,719.99,1,C1249,Cash
2024-12-26,Power Bank,Accessories,North,39.99,1,C1859,PayPal
2024-12-26,Headphones,Electronics,North,303.98,2,C2219,Debit Card
2024-12-27,Desk Organizer,Office Supplies,South,26.99,1,C1115,Cash
2024-12-27,Smartphone,Electronics,West,799.99,1,C1090,Debit Card
2024-12-27,Mouse,Accessories,North,23.74,1,C2061,Debit Card
2024-12-27,Notebook,Office Supplies,South,8.99,1,C1786,Debit Card
2024-12-27,LED Desk Lamp,Office Supplies,North,137.97,3,C1139,Debit Card
2024-12-27,Notebook,Office Supplies,South,37.96,4,C2352,PayPal
2024-12-27,Laptop,Electronics,West,1299.99,1,C1955,Cash
2024-12-27,Mousepad,Accessories,North,71.96,4,C1463,PayPal
2024-12-27,Laptop,Electronics,North,5199.96,4,C1109,PayPal
2024-12-27,Ergonomic Chair,Office Supplies,South,2374.91,10,C1465,PayPal
2024-12-27,Smartphone,Electronics,West,719.99,1,C1497,Cash
2024-12-27,Ergonomic Chair,Office Supplies,South,499.98,2,C1590,Credit Card
2024-12-27,Desk Organizer,Office Supplies,South,53.98,2,C1342,Debit Card
2024-12-27,USB Cable,Accessories,North,12.99,1,C1515,PayPal
2024-12-27,Keyboard,Accessories,West,79.99,1,C1286,Cash
2024-12-27,Notebook,Office Supplies,East,19.98,2,C1435,Debit Card
2024-12-27,Laptop,Electronics,East,1299.99,1,C2167,Debit Card
2024-12-27,LED Desk Lamp,Office Supplies,North,45.99,1,C1182,Credit Card
2024-12-27,Desk Organizer,Office Supplies,West,29.99,1,C1095,Debit Card
2024-12-27,USB Cable,Accessories,North,93.53,8,C2487,Debit Card
2024-12-27,Headphones,Electronics,West,639.96,4,C2094,Debit Card
2024-12-27,Mouse,Accessories,West,24.99,1,C1202,Credit Card
2024-12-27,LED Desk Lamp,Office Supplies,East,45.99,1,C1294,Debit Card
2024-12-27,Keyboard,Accessories,North,79.99,1,C1949,Cash
2024-12-27,LED Desk Lamp,Office Supplies,North,43.69,1,C1721,Debit Card
2024-12-27,Notebook,Office Supplies,West,9.99,1,C1549,PayPal
2024-12-27,Laptop,Electronics,South,1299.99,1,C1923,PayPal
2024-12-27,Mouse,Accessories,West,24.99,1,C1844,Cash
2024-12-27,Laptop,Electronics,West,3704.97,3,C1697,Cash
2024-12-27,Power Bank,Accessories,South,119.97,3,C2054,Credit Card
2024-12-27,Ergonomic Chair,Office Supplies,South,674.97,3,C2300,Credit Card
2024-12-28,Keyboard,Accessories,North,79.99,1,C2281,Credit Card
2024-12-28,Ergonomic Chair,Office Supplies,East,224.99,1,C1696,Credit Card
2024-12-28,Headphones,Electronics,East,431.97,3,C1838,Cash
2024-12-28,Keyboard,Accessories,North,227.97,3,C2476,Cash
2024-12-28,Tablet,Electronics,East,2249.95,5,C1230,Debit Card
2024-12-28,Desk Organizer,Office Supplies,East,26.99,1,C1561,Debit Card
2024-12-28,Desk Organizer,Office Supplies,South,26.99,1,C1649,PayPal
2024-12-28,Mousepad,Accessories,West,59.97,3,C1972,PayPal
2024-12-28,Power Bank,Accessories,South,37.99,1,C1073,Debit Card
2024-12-28,Power Bank,Accessories,South,39.99,1,C1794,Cash
2024-12-28,Webcam,Electronics,South,89.99,1,C1443,Credit Card
2024-12-28,Tablet,Electronics,East,999.98,2,C1120,PayPal
2024-12-28,Headphones,Electronics,West,143.99,1,C2484,PayPal
2024-12-28,Mouse,Accessories,West,23.74,1,C1313,Debit Card
2024-12-28,Notebook,Office Supplies,West,9.99,1,C2197,Debit Card
2024-12-28,Monitor,Electronics,South,2519.93,8,C2396,Debit Card
2024-12-28,USB Cable,Accessories,West,12.99,1,C2466,Debit Card
2024-12-28,USB Cable,Accessories,West,12.99,1,C1823,PayPal
2024-12-28,USB Cable,Accessories,East,38.97,3,C1327,PayPal
2024-12-28,Tablet,Electronics,East,449.99,1,C2230,Cash
2024-12-28,Ergonomic Chair,Office Supplies,North,224.99,1,C1044,PayPal
2024-12-28,Mousepad,Accessories,South,39.98,2,C2167,Debit Card
2024-12-28,Power Bank,Accessories,West,39.99,1,C1449,PayPal
2024-12-28,Monitor,Electronics,South,664.98,2,C1591,PayPal
2024-12-28,Tablet,Electronics,West,499.99,1,C1088,PayPal
2024-12-28,Webcam,Electronics,West,179.98,2,C1182,PayPal
2024-12-28,Mouse,Accessories,East,24.99,1,C2343,Credit Card
2024-12-28,Power Bank,Accessories,South,75.98,2,C2416,Debit Card
2024-12-28,Power Bank,Accessories,East,79.98,2,C1100,PayPal
2024-12-28,USB Cable,Accessories,East,51.96,4,C2286,Cash
2024-12-28,Mousepad,Accessories,East,39.98,2,C1873,Cash
2024-12-28,LED Desk Lamp,Office Supplies,East,124.17,3,C1870,PayPal
2024-12-29,Notebook,Office Supplies,North,9.99,1,C1252,Debit Card
2024-12-29,USB Cable,Accessories,West,12.34,1,C1857,Credit Card
2024-12-29,Notebook,Office Supplies,North,9.99,1,C1450,Debit Card
2024-12-29,Laptop,Electronics,North,2469.98,2,C1452,PayPal
2024-12-29,Tablet,Electronics,North,999.98,2,C1659,PayPal
2024-12-29,Mouse,Accessories,East,67.47,3,C2159,Cash
2024-12-29,USB Cable,Accessories,South,12.34,1,C1083,PayPal
2024-12-29,Monitor,Electronics,East,349.99,1,C1760,Debit Card
2024-12-29,Keyboard,Accessories,North,75.99,1,C2208,Debit Card
2024-12-29,Webcam,Electronics,South,179.98,2,C1523,Debit Card
2024-12-29,Monitor,Electronics,West,3499.9,10,C1599,Cash
2024-12-29,Monitor,Electronics,West,1329.96,4,C2414,Credit Card
2024-12-29,USB Cable,Accessories,North,12.99,1,C2101,PayPal
2024-12-29,Desk Organizer,Office Supplies,South,59.98,2,C2477,Cash
2024-12-29,Mousepad,Accessories,West,17.99,1,C1143,Debit Card
2024-12-29,Mouse,Accessories,North,47.48,2,C1355,Cash
2024-12-29,Headphones,Electronics,North,159.99,1,C2217,Credit Card
2024-12-29,Laptop,Electronics,South,1234.99,1,C1809,Cash
2024-12-29,Laptop,Electronics,West,2599.98,2,C1779,PayPal
2024-12-29,Mousepad,Accessories,West,19.99,1,C1744,Cash
2024-12-29,Notebook,Office Supplies,North,9.99,1,C1842,PayPal
2024-12-30,USB Cable,Accessories,North,12.99,1,C1089,Cash
2024-12-30,Desk Organizer,Office Supplies,South,29.99,1,C1373,Credit Card
2024-12-30,Ergonomic Chair,Office Supplies,South,499.98,2,C2259,Credit Card
2024-12-30,LED Desk Lamp,Office Supplies,West,124.17,3,C2423,Debit Card
2024-12-30,Mousepad,Accessories,North,37.98,2,C1412,Credit Card
2024-12-30,Power Bank,Accessories,South,37.99,1,C1620,PayPal
2024-12-30,Keyboard,Accessories,North,239.97,3,C2171,Credit Card
2024-12-30,Notebook,Office Supplies,West,26.97,3,C1720,Credit Card
2024-12-30,Laptop,Electronics,South,1299.99,1,C1951,Cash
2024-12-30,Tablet,Electronics,West,449.99,1,C1554,Credit Card
2024-12-30,Ergonomic Chair,Office Supplies,East,249.99,1,C1084,Debit Card
2024-12-30,Ergonomic Chair,Office Supplies,West,499.98,2,C2073,Credit Card
2024-12-30,Power Bank,Accessories,North,199.95,5,C2431,Cash
2024-12-30,Desk Organizer,Office Supplies,West,59.98,2,C2499,Cash
2024-12-30,Headphones,Electronics,South,431.97,3,C2005,Debit Card
2024-12-30,Notebook,Office Supplies,South,19.98,2,C1022,PayPal
2024-12-30,Desk Organizer,Office Supplies,East,149.95,5,C1665,Cash
2024-12-30,Ergonomic Chair,Office Supplies,West,449.98,2,C1355,Cash
2024-12-30,Mousepad,Accessories,West,39.98,2,C1971,Debit Card
2024-12-30,Tablet,Electronics,South,2499.95,5,C1745,Cash
2024-12-30,LED Desk Lamp,Office Supplies,East,41.39,1,C2367,Debit Card
2024-12-30,Webcam,Electronics,North,161.98,2,C2424,Credit Card
2024-12-30,Mousepad,Accessories,East,17.99,1,C1989,PayPal
2024-12-30,Webcam,Electronics,West,179.98,2,C1533,PayPal
2024-12-30,Desk Organizer,Office Supplies,South,29.99,1,C2497,Cash
2024-12-30,Keyboard,Accessories,East,303.96,4,C1084,Credit Card
2024-12-31,Webcam,Electronics,West,85.49,1,C1846,Debit Card
2024-12-31,Webcam,Electronics,South,179.98,2,C2379,Cash
2024-12-31,Mousepad,Accessories,South,18.99,1,C1648,Cash
2024-12-31,USB Cable,Accessories,East,12.99,1,C1610,Credit Card
2024-12-31,Mousepad,Accessories,South,19.99,1,C2193,PayPal
2024-12-31,USB Cable,Accessories,North,46.76,4,C1267,Credit Card
2024-12-31,Power Bank,Accessories,East,39.99,1,C1121,Credit Card
2024-12-31,Desk Organizer,Office Supplies,West,80.97,3,C1807,Cash
2024-12-31,Mousepad,Accessories,East,199.9,10,C2460,PayPal
2024-12-31,Mouse,Accessories,West,24.99,1,C2047,Cash
2024-12-31,Notebook,Office Supplies,East,8.99,1,C1069,PayPal
2024-12-31,Mouse,Accessories,South,24.99,1,C1480,Debit Card
2024-12-31,Mouse,Accessories,North,49.98,2,C2380,Debit Card
2024-12-31,USB Cable,Accessories,West,12.99,1,C1604,Cash
2024-12-31,Smartphone,Electronics,North,799.99,1,C2437,PayPal
2024-12-31,Mousepad,Accessories,North,99.95,5,C1529,PayPal
2024-12-31,Monitor,Electronics,North,3324.9,10,C2489,Cash
2024-12-31,USB Cable,Accessories,West,38.97,3,C1904,Debit Card
2024-12-31,USB Cable,Accessories,South,25.98,2,C1179,PayPal
2024-12-31,Power Bank,Accessories,West,39.99,1,C1287,Debit Card
2024-12-31,LED Desk Lamp,Office Supplies,North,43.69,1,C2056,Debit Card
2024-12-31,Headphones,Electronics,North,607.96,4,C1311,Credit Card
2024-12-31,LED Desk Lamp,Office Supplies,West,131.07,3,C2145,PayPal
2024-12-31,Mouse,Accessories,North,23.74,1,C2240,Credit Card
2024-12-31,Mouse,Accessories,West,199.92,8,C2300,Debit Card
2024-12-31,Desk Organizer,Office Supplies,South,56.98,2,C1889,Cash

2025-01-01